/* * Data converted from D:/Espressif/frameworks/enc28j60/html/index3.html
 * (null byte appended)
 */
.data
.section .rodata.embedded

.global index3_html
index3_html:

.global _binary_index3_html_start
_binary_index3_html_start: /* for objcopy compatibility */
.byte 0x3c, 0x21, 0x44, 0x4f, 0x43, 0x54, 0x59, 0x50, 0x45, 0x20, 0x68, 0x74, 0x6d, 0x6c, 0x3e, 0x0d
.byte 0x0a, 0x3c, 0x68, 0x74, 0x6d, 0x6c, 0x20, 0x6c, 0x61, 0x6e, 0x67, 0x3d, 0x22, 0x65, 0x6e, 0x22
.byte 0x3e, 0x0d, 0x0a, 0x3c, 0x68, 0x65, 0x61, 0x64, 0x3e, 0x0d, 0x0a, 0x20, 0x20, 0x20, 0x20, 0x3c
.byte 0x6d, 0x65, 0x74, 0x61, 0x20, 0x63, 0x68, 0x61, 0x72, 0x73, 0x65, 0x74, 0x3d, 0x22, 0x55, 0x54
.byte 0x46, 0x2d, 0x38, 0x22, 0x3e, 0x0d, 0x0a, 0x20, 0x20, 0x20, 0x20, 0x3c, 0x6d, 0x65, 0x74, 0x61
.byte 0x20, 0x6e, 0x61, 0x6d, 0x65, 0x3d, 0x22, 0x76, 0x69, 0x65, 0x77, 0x70, 0x6f, 0x72, 0x74, 0x22
.byte 0x20, 0x63, 0x6f, 0x6e, 0x74, 0x65, 0x6e, 0x74, 0x3d, 0x22, 0x77, 0x69, 0x64, 0x74, 0x68, 0x3d
.byte 0x64, 0x65, 0x76, 0x69, 0x63, 0x65, 0x2d, 0x77, 0x69, 0x64, 0x74, 0x68, 0x2c, 0x20, 0x69, 0x6e
.byte 0x69, 0x74, 0x69, 0x61, 0x6c, 0x2d, 0x73, 0x63, 0x61, 0x6c, 0x65, 0x3d, 0x31, 0x2e, 0x30, 0x22
.byte 0x3e, 0x0d, 0x0a, 0x20, 0x20, 0x20, 0x20, 0x3c, 0x74, 0x69, 0x74, 0x6c, 0x65, 0x3e, 0x53, 0x65
.byte 0x74, 0x74, 0x69, 0x6e, 0x67, 0x73, 0x3c, 0x2f, 0x74, 0x69, 0x74, 0x6c, 0x65, 0x3e, 0x0d, 0x0a
.byte 0x20, 0x20, 0x20, 0x20, 0x3c, 0x73, 0x74, 0x79, 0x6c, 0x65, 0x3e, 0x0d, 0x0a, 0x0d, 0x0a, 0x20
.byte 0x20, 0x20, 0x20, 0x20, 0x20, 0x20, 0x20, 0x2f, 0x2a, 0x20, 0x54, 0x68, 0xc3, 0xaa, 0x6d, 0x20
.byte 0xe1, 0xba, 0xa3, 0x6e, 0x68, 0x20, 0x76, 0xc3, 0xa0, 0x6f, 0x20, 0x74, 0x72, 0x61, 0x6e, 0x67
.byte 0x20, 0x2a, 0x2f, 0x0d, 0x0a, 0x20, 0x20, 0x20, 0x20, 0x20, 0x20, 0x20, 0x20, 0x2e, 0x69, 0x6d
.byte 0x61, 0x67, 0x65, 0x2d, 0x63, 0x6f, 0x6e, 0x74, 0x61, 0x69, 0x6e, 0x65, 0x72, 0x20, 0x7b, 0x0d
.byte 0x0a, 0x20, 0x20, 0x20, 0x20, 0x20, 0x20, 0x20, 0x20, 0x20, 0x20, 0x20, 0x20, 0x74, 0x65, 0x78
.byte 0x74, 0x2d, 0x61, 0x6c, 0x69, 0x67, 0x6e, 0x3a, 0x20, 0x6c, 0x65, 0x66, 0x74, 0x3b, 0x0d, 0x0a
.byte 0x20, 0x20, 0x20, 0x20, 0x20, 0x20, 0x20, 0x20, 0x20, 0x20, 0x20, 0x20, 0x0d, 0x0a, 0x20, 0x20
.byte 0x20, 0x20, 0x20, 0x20, 0x20, 0x20, 0x7d, 0x0d, 0x0a, 0x0d, 0x0a, 0x20, 0x20, 0x20, 0x20, 0x20
.byte 0x20, 0x20, 0x20, 0x2e, 0x69, 0x6d, 0x61, 0x67, 0x65, 0x2d, 0x63, 0x6f, 0x6e, 0x74, 0x61, 0x69
.byte 0x6e, 0x65, 0x72, 0x20, 0x69, 0x6d, 0x67, 0x20, 0x7b, 0x0d, 0x0a, 0x20, 0x20, 0x20, 0x20, 0x20
.byte 0x20, 0x20, 0x20, 0x20, 0x20, 0x20, 0x20, 0x77, 0x69, 0x64, 0x74, 0x68, 0x3a, 0x20, 0x36, 0x70
.byte 0x78, 0x3b, 0x0d, 0x0a, 0x20, 0x20, 0x20, 0x20, 0x20, 0x20, 0x20, 0x20, 0x20, 0x20, 0x20, 0x20
.byte 0x68, 0x65, 0x69, 0x67, 0x68, 0x74, 0x3a, 0x20, 0x61, 0x75, 0x74, 0x6f, 0x3b, 0x0d, 0x0a, 0x20
.byte 0x20, 0x20, 0x20, 0x20, 0x20, 0x20, 0x20, 0x20, 0x20, 0x20, 0x20, 0x0d, 0x0a, 0x20, 0x20, 0x20
.byte 0x20, 0x20, 0x20, 0x20, 0x20, 0x7d, 0x0d, 0x0a, 0x0d, 0x0a, 0x20, 0x20, 0x20, 0x20, 0x68, 0x74
.byte 0x6d, 0x6c, 0x20, 0x7b, 0x66, 0x6f, 0x6e, 0x74, 0x2d, 0x66, 0x61, 0x6d, 0x69, 0x6c, 0x79, 0x3a
.byte 0x20, 0x41, 0x72, 0x69, 0x61, 0x6c, 0x3b, 0x20, 0x64, 0x69, 0x73, 0x70, 0x6c, 0x61, 0x79, 0x3a
.byte 0x20, 0x69, 0x6e, 0x6c, 0x69, 0x6e, 0x65, 0x2d, 0x62, 0x6c, 0x6f, 0x63, 0x6b, 0x3b, 0x20, 0x74
.byte 0x65, 0x78, 0x74, 0x2d, 0x61, 0x6c, 0x69, 0x67, 0x6e, 0x3a, 0x20, 0x63, 0x65, 0x6e, 0x74, 0x65
.byte 0x72, 0x3b, 0x7d, 0x0d, 0x0a, 0x20, 0x20, 0x20, 0x20, 0x70, 0x20, 0x7b, 0x20, 0x20, 0x66, 0x6f
.byte 0x6e, 0x74, 0x2d, 0x73, 0x69, 0x7a, 0x65, 0x3a, 0x20, 0x31, 0x2e, 0x32, 0x72, 0x65, 0x6d, 0x3b
.byte 0x7d, 0x0d, 0x0a, 0x20, 0x20, 0x20, 0x20, 0x62, 0x6f, 0x64, 0x79, 0x20, 0x7b, 0x20, 0x20, 0x6d
.byte 0x61, 0x72, 0x67, 0x69, 0x6e, 0x3a, 0x20, 0x30, 0x3b, 0x7d, 0x0d, 0x0a, 0x20, 0x20, 0x20, 0x20
.byte 0x2e, 0x74, 0x6f, 0x70, 0x6e, 0x61, 0x76, 0x20, 0x7b, 0x0d, 0x0a, 0x20, 0x20, 0x20, 0x20, 0x20
.byte 0x20, 0x20, 0x20, 0x20, 0x20, 0x20, 0x20, 0x64, 0x69, 0x73, 0x70, 0x6c, 0x61, 0x79, 0x3a, 0x20
.byte 0x66, 0x6c, 0x65, 0x78, 0x3b, 0x20, 0x2f, 0x2a, 0x20, 0x53, 0xe1, 0xbb, 0xad, 0x20, 0x64, 0xe1
.byte 0xbb, 0xa5, 0x6e, 0x67, 0x20, 0x46, 0x6c, 0x65, 0x78, 0x62, 0x6f, 0x78, 0x20, 0x2a, 0x2f, 0x0d
.byte 0x0a, 0x20, 0x20, 0x20, 0x20, 0x20, 0x20, 0x20, 0x20, 0x20, 0x20, 0x20, 0x20, 0x61, 0x6c, 0x69
.byte 0x67, 0x6e, 0x2d, 0x69, 0x74, 0x65, 0x6d, 0x73, 0x3a, 0x20, 0x63, 0x65, 0x6e, 0x74, 0x65, 0x72
.byte 0x3b, 0x20, 0x2f, 0x2a, 0x20, 0x43, 0xc4, 0x83, 0x6e, 0x20, 0x67, 0x69, 0xe1, 0xbb, 0xaf, 0x61
.byte 0x20, 0x74, 0x68, 0x65, 0x6f, 0x20, 0x63, 0x68, 0x69, 0xe1, 0xbb, 0x81, 0x75, 0x20, 0x64, 0xe1
.byte 0xbb, 0x8d, 0x63, 0x20, 0x2a, 0x2f, 0x0d, 0x0a, 0x20, 0x20, 0x20, 0x20, 0x20, 0x20, 0x20, 0x20
.byte 0x20, 0x20, 0x20, 0x20, 0x62, 0x61, 0x63, 0x6b, 0x67, 0x72, 0x6f, 0x75, 0x6e, 0x64, 0x2d, 0x63
.byte 0x6f, 0x6c, 0x6f, 0x72, 0x3a, 0x20, 0x23, 0x32, 0x66, 0x34, 0x34, 0x36, 0x38, 0x3b, 0x0d, 0x0a
.byte 0x20, 0x20, 0x20, 0x20, 0x20, 0x20, 0x20, 0x20, 0x20, 0x20, 0x20, 0x20, 0x63, 0x6f, 0x6c, 0x6f
.byte 0x72, 0x3a, 0x20, 0x77, 0x68, 0x69, 0x74, 0x65, 0x3b, 0x0d, 0x0a, 0x20, 0x20, 0x20, 0x20, 0x20
.byte 0x20, 0x20, 0x20, 0x20, 0x20, 0x20, 0x20, 0x66, 0x6f, 0x6e, 0x74, 0x2d, 0x73, 0x69, 0x7a, 0x65
.byte 0x3a, 0x20, 0x31, 0x2e, 0x37, 0x72, 0x65, 0x6d, 0x3b, 0x0d, 0x0a, 0x20, 0x20, 0x20, 0x20, 0x20
.byte 0x20, 0x20, 0x20, 0x20, 0x20, 0x20, 0x20, 0x70, 0x61, 0x64, 0x64, 0x69, 0x6e, 0x67, 0x3a, 0x20
.byte 0x35, 0x70, 0x78, 0x3b, 0x20, 0x2f, 0x2a, 0x20, 0x54, 0x68, 0xc3, 0xaa, 0x6d, 0x20, 0x6b, 0x68
.byte 0x6f, 0xe1, 0xba, 0xa3, 0x6e, 0x67, 0x20, 0x63, 0xc3, 0xa1, 0x63, 0x68, 0x20, 0x62, 0xc3, 0xaa
.byte 0x6e, 0x20, 0x74, 0x72, 0x6f, 0x6e, 0x67, 0x20, 0x2a, 0x2f, 0x0d, 0x0a, 0x20, 0x20, 0x20, 0x20
.byte 0x20, 0x20, 0x20, 0x20, 0x20, 0x20, 0x20, 0x20, 0x6d, 0x61, 0x78, 0x2d, 0x68, 0x65, 0x69, 0x67
.byte 0x68, 0x74, 0x3a, 0x20, 0x37, 0x35, 0x70, 0x78, 0x3b, 0x0d, 0x0a, 0x20, 0x20, 0x20, 0x20, 0x20
.byte 0x20, 0x20, 0x20, 0x7d, 0x0d, 0x0a, 0x0d, 0x0a, 0x20, 0x20, 0x20, 0x20, 0x20, 0x20, 0x20, 0x20
.byte 0x2e, 0x74, 0x6f, 0x70, 0x6e, 0x61, 0x76, 0x20, 0x69, 0x6d, 0x67, 0x20, 0x7b, 0x0d, 0x0a, 0x20
.byte 0x20, 0x20, 0x20, 0x20, 0x20, 0x20, 0x20, 0x20, 0x20, 0x20, 0x20, 0x6d, 0x61, 0x72, 0x67, 0x69
.byte 0x6e, 0x2d, 0x72, 0x69, 0x67, 0x68, 0x74, 0x3a, 0x20, 0x31, 0x30, 0x70, 0x78, 0x3b, 0x20, 0x2f
.byte 0x2a, 0x20, 0x4b, 0x68, 0x6f, 0xe1, 0xba, 0xa3, 0x6e, 0x67, 0x20, 0x63, 0xc3, 0xa1, 0x63, 0x68
.byte 0x20, 0x67, 0x69, 0xe1, 0xbb, 0xaf, 0x61, 0x20, 0x68, 0xc3, 0xac, 0x6e, 0x68, 0x20, 0xe1, 0xba
.byte 0xa3, 0x6e, 0x68, 0x20, 0x76, 0xc3, 0xa0, 0x20, 0x74, 0x69, 0xc3, 0xaa, 0x75, 0x20, 0xc4, 0x91
.byte 0xe1, 0xbb, 0x81, 0x20, 0x2a, 0x2f, 0x0d, 0x0a, 0x20, 0x20, 0x20, 0x20, 0x20, 0x20, 0x20, 0x20
.byte 0x7d, 0x0d, 0x0a, 0x0d, 0x0a, 0x20, 0x20, 0x20, 0x20, 0x2e, 0x63, 0x6f, 0x6e, 0x74, 0x65, 0x6e
.byte 0x74, 0x20, 0x7b, 0x20, 0x70, 0x61, 0x64, 0x64, 0x69, 0x6e, 0x67, 0x3a, 0x20, 0x35, 0x30, 0x70
.byte 0x78, 0x3b, 0x20, 0x7d, 0x0d, 0x0a, 0x20, 0x20, 0x20, 0x20, 0x2e, 0x63, 0x61, 0x72, 0x64, 0x20
.byte 0x7b, 0x20, 0x62, 0x61, 0x63, 0x6b, 0x67, 0x72, 0x6f, 0x75, 0x6e, 0x64, 0x2d, 0x63, 0x6f, 0x6c
.byte 0x6f, 0x72, 0x3a, 0x20, 0x77, 0x68, 0x69, 0x74, 0x65, 0x3b, 0x20, 0x62, 0x6f, 0x78, 0x2d, 0x73
.byte 0x68, 0x61, 0x64, 0x6f, 0x77, 0x3a, 0x20, 0x32, 0x70, 0x78, 0x20, 0x32, 0x70, 0x78, 0x20, 0x31
.byte 0x32, 0x70, 0x78, 0x20, 0x31, 0x70, 0x78, 0x20, 0x72, 0x67, 0x62, 0x61, 0x28, 0x31, 0x34, 0x30
.byte 0x2c, 0x31, 0x34, 0x30, 0x2c, 0x31, 0x34, 0x30, 0x2c, 0x2e, 0x35, 0x29, 0x3b, 0x20, 0x7d, 0x0d
.byte 0x0a, 0x20, 0x20, 0x20, 0x20, 0x2e, 0x63, 0x61, 0x72, 0x64, 0x73, 0x20, 0x7b, 0x20, 0x6d, 0x61
.byte 0x78, 0x2d, 0x77, 0x69, 0x64, 0x74, 0x68, 0x3a, 0x20, 0x37, 0x30, 0x30, 0x70, 0x78, 0x3b, 0x20
.byte 0x6d, 0x61, 0x72, 0x67, 0x69, 0x6e, 0x3a, 0x20, 0x30, 0x20, 0x61, 0x75, 0x74, 0x6f, 0x3b, 0x20
.byte 0x64, 0x69, 0x73, 0x70, 0x6c, 0x61, 0x79, 0x3a, 0x20, 0x67, 0x72, 0x69, 0x64, 0x3b, 0x20, 0x67
.byte 0x72, 0x69, 0x64, 0x2d, 0x67, 0x61, 0x70, 0x3a, 0x20, 0x32, 0x72, 0x65, 0x6d, 0x3b, 0x20, 0x67
.byte 0x72, 0x69, 0x64, 0x2d, 0x74, 0x65, 0x6d, 0x70, 0x6c, 0x61, 0x74, 0x65, 0x2d, 0x63, 0x6f, 0x6c
.byte 0x75, 0x6d, 0x6e, 0x73, 0x3a, 0x20, 0x72, 0x65, 0x70, 0x65, 0x61, 0x74, 0x28, 0x61, 0x75, 0x74
.byte 0x6f, 0x2d, 0x66, 0x69, 0x74, 0x2c, 0x20, 0x6d, 0x69, 0x6e, 0x6d, 0x61, 0x78, 0x28, 0x33, 0x30
.byte 0x30, 0x70, 0x78, 0x2c, 0x20, 0x31, 0x66, 0x72, 0x29, 0x29, 0x3b, 0x20, 0x7d, 0x0d, 0x0a, 0x20
.byte 0x20, 0x20, 0x20, 0x2e, 0x72, 0x65, 0x61, 0x64, 0x69, 0x6e, 0x67, 0x20, 0x7b, 0x20, 0x66, 0x6f
.byte 0x6e, 0x74, 0x2d, 0x73, 0x69, 0x7a, 0x65, 0x3a, 0x20, 0x32, 0x2e, 0x38, 0x72, 0x65, 0x6d, 0x3b
.byte 0x20, 0x7d, 0x0d, 0x0a, 0x20, 0x20, 0x20, 0x20, 0x2e, 0x70, 0x61, 0x63, 0x6b, 0x65, 0x74, 0x20
.byte 0x7b, 0x20, 0x63, 0x6f, 0x6c, 0x6f, 0x72, 0x3a, 0x20, 0x23, 0x62, 0x65, 0x62, 0x65, 0x62, 0x65
.byte 0x3b, 0x20, 0x7d, 0x0d, 0x0a, 0x20, 0x20, 0x20, 0x20, 0x2e, 0x63, 0x61, 0x72, 0x64, 0x2e, 0x74
.byte 0x65, 0x6d, 0x70, 0x65, 0x72, 0x61, 0x74, 0x75, 0x72, 0x65, 0x20, 0x7b, 0x20, 0x63, 0x6f, 0x6c
.byte 0x6f, 0x72, 0x3a, 0x20, 0x23, 0x66, 0x64, 0x37, 0x65, 0x31, 0x34, 0x3b, 0x20, 0x7d, 0x0d, 0x0a
.byte 0x20, 0x20, 0x20, 0x20, 0x2e, 0x63, 0x61, 0x72, 0x64, 0x2e, 0x68, 0x75, 0x6d, 0x69, 0x64, 0x69
.byte 0x74, 0x79, 0x20, 0x7b, 0x20, 0x63, 0x6f, 0x6c, 0x6f, 0x72, 0x3a, 0x20, 0x23, 0x31, 0x62, 0x37
.byte 0x38, 0x65, 0x32, 0x3b, 0x20, 0x7d, 0x0d, 0x0a, 0x0d, 0x0a, 0x20, 0x20, 0x20, 0x20, 0x20, 0x20
.byte 0x20, 0x20, 0x2e, 0x6e, 0x61, 0x76, 0x69, 0x67, 0x61, 0x74, 0x69, 0x6f, 0x6e, 0x20, 0x7b, 0x0d
.byte 0x0a, 0x20, 0x20, 0x20, 0x20, 0x20, 0x20, 0x20, 0x20, 0x74, 0x65, 0x78, 0x74, 0x2d, 0x61, 0x6c
.byte 0x69, 0x67, 0x6e, 0x3a, 0x20, 0x6c, 0x65, 0x66, 0x74, 0x3b, 0x20, 0x2f, 0x2a, 0x20, 0x43, 0xc4
.byte 0x83, 0x6e, 0x20, 0x74, 0x72, 0xc3, 0xa1, 0x69, 0x20, 0x63, 0x68, 0x6f, 0x20, 0x63, 0xc3, 0xa1
.byte 0x63, 0x20, 0x6e, 0xc3, 0xba, 0x74, 0x20, 0x2a, 0x2f, 0x0d, 0x0a, 0x20, 0x20, 0x20, 0x20, 0x20
.byte 0x20, 0x20, 0x20, 0x6d, 0x61, 0x72, 0x67, 0x69, 0x6e, 0x2d, 0x6c, 0x65, 0x66, 0x74, 0x3a, 0x20
.byte 0x32, 0x30, 0x70, 0x78, 0x3b, 0x20, 0x2f, 0x2a, 0x20, 0x54, 0x68, 0xc3, 0xaa, 0x6d, 0x20, 0x6b
.byte 0x68, 0x6f, 0xe1, 0xba, 0xa3, 0x6e, 0x67, 0x20, 0x63, 0xc3, 0xa1, 0x63, 0x68, 0x20, 0x62, 0xc3
.byte 0xaa, 0x6e, 0x20, 0x74, 0x72, 0xc3, 0xa1, 0x69, 0x20, 0x2a, 0x2f, 0x0d, 0x0a, 0x20, 0x20, 0x20
.byte 0x20, 0x20, 0x20, 0x7d, 0x0d, 0x0a, 0x0d, 0x0a, 0x20, 0x20, 0x20, 0x20, 0x20, 0x20, 0x2e, 0x6e
.byte 0x61, 0x76, 0x69, 0x67, 0x61, 0x74, 0x69, 0x6f, 0x6e, 0x20, 0x62, 0x75, 0x74, 0x74, 0x6f, 0x6e
.byte 0x20, 0x7b, 0x0d, 0x0a, 0x20, 0x20, 0x20, 0x20, 0x20, 0x20, 0x20, 0x20, 0x62, 0x61, 0x63, 0x6b
.byte 0x67, 0x72, 0x6f, 0x75, 0x6e, 0x64, 0x2d, 0x63, 0x6f, 0x6c, 0x6f, 0x72, 0x3a, 0x20, 0x23, 0x34
.byte 0x38, 0x35, 0x31, 0x62, 0x34, 0x3b, 0x20, 0x2f, 0x2a, 0x20, 0x4d, 0xc3, 0xa0, 0x75, 0x20, 0x6e
.byte 0xe1, 0xbb, 0x81, 0x6e, 0x20, 0x2a, 0x2f, 0x0d, 0x0a, 0x20, 0x20, 0x20, 0x20, 0x20, 0x20, 0x20
.byte 0x20, 0x63, 0x6f, 0x6c, 0x6f, 0x72, 0x3a, 0x20, 0x77, 0x68, 0x69, 0x74, 0x65, 0x3b, 0x20, 0x2f
.byte 0x2a, 0x20, 0x4d, 0xc3, 0xa0, 0x75, 0x20, 0x63, 0x68, 0xe1, 0xbb, 0xaf, 0x20, 0x2a, 0x2f, 0x0d
.byte 0x0a, 0x20, 0x20, 0x20, 0x20, 0x20, 0x20, 0x20, 0x20, 0x62, 0x6f, 0x72, 0x64, 0x65, 0x72, 0x3a
.byte 0x20, 0x6e, 0x6f, 0x6e, 0x65, 0x3b, 0x20, 0x2f, 0x2a, 0x20, 0x42, 0xe1, 0xbb, 0x8f, 0x20, 0x76
.byte 0x69, 0xe1, 0xbb, 0x81, 0x6e, 0x20, 0x2a, 0x2f, 0x0d, 0x0a, 0x20, 0x20, 0x20, 0x20, 0x20, 0x20
.byte 0x20, 0x20, 0x70, 0x61, 0x64, 0x64, 0x69, 0x6e, 0x67, 0x3a, 0x20, 0x31, 0x30, 0x70, 0x78, 0x20
.byte 0x32, 0x30, 0x70, 0x78, 0x3b, 0x20, 0x2f, 0x2a, 0x20, 0x4b, 0x68, 0x6f, 0xe1, 0xba, 0xa3, 0x6e
.byte 0x67, 0x20, 0x63, 0xc3, 0xa1, 0x63, 0x68, 0x20, 0x62, 0xc3, 0xaa, 0x6e, 0x20, 0x74, 0x72, 0x6f
.byte 0x6e, 0x67, 0x20, 0x6e, 0xc3, 0xba, 0x74, 0x20, 0x2a, 0x2f, 0x0d, 0x0a, 0x20, 0x20, 0x20, 0x20
.byte 0x20, 0x20, 0x20, 0x20, 0x74, 0x65, 0x78, 0x74, 0x2d, 0x61, 0x6c, 0x69, 0x67, 0x6e, 0x3a, 0x20
.byte 0x63, 0x65, 0x6e, 0x74, 0x65, 0x72, 0x3b, 0x20, 0x2f, 0x2a, 0x20, 0x43, 0xc4, 0x83, 0x6e, 0x20
.byte 0x67, 0x69, 0xe1, 0xbb, 0xaf, 0x61, 0x20, 0x6e, 0xe1, 0xbb, 0x99, 0x69, 0x20, 0x64, 0x75, 0x6e
.byte 0x67, 0x20, 0x6e, 0xc3, 0xba, 0x74, 0x20, 0x2a, 0x2f, 0x0d, 0x0a, 0x20, 0x20, 0x20, 0x20, 0x20
.byte 0x20, 0x20, 0x20, 0x74, 0x65, 0x78, 0x74, 0x2d, 0x64, 0x65, 0x63, 0x6f, 0x72, 0x61, 0x74, 0x69
.byte 0x6f, 0x6e, 0x3a, 0x20, 0x6e, 0x6f, 0x6e, 0x65, 0x3b, 0x20, 0x2f, 0x2a, 0x20, 0x42, 0xe1, 0xbb
.byte 0x8f, 0x20, 0x67, 0xe1, 0xba, 0xa1, 0x63, 0x68, 0x20, 0x63, 0x68, 0xc3, 0xa2, 0x6e, 0x20, 0x6e
.byte 0xe1, 0xba, 0xbf, 0x75, 0x20, 0x63, 0xc3, 0xb3, 0x20, 0x2a, 0x2f, 0x0d, 0x0a, 0x20, 0x20, 0x20
.byte 0x20, 0x20, 0x20, 0x20, 0x20, 0x64, 0x69, 0x73, 0x70, 0x6c, 0x61, 0x79, 0x3a, 0x20, 0x69, 0x6e
.byte 0x6c, 0x69, 0x6e, 0x65, 0x2d, 0x62, 0x6c, 0x6f, 0x63, 0x6b, 0x3b, 0x20, 0x2f, 0x2a, 0x20, 0x48
.byte 0x69, 0xe1, 0xbb, 0x83, 0x6e, 0x20, 0x74, 0x68, 0xe1, 0xbb, 0x8b, 0x20, 0x74, 0x68, 0x65, 0x6f
.byte 0x20, 0x68, 0xc3, 0xa0, 0x6e, 0x67, 0x20, 0x6e, 0x67, 0x61, 0x6e, 0x67, 0x20, 0x2a, 0x2f, 0x0d
.byte 0x0a, 0x20, 0x20, 0x20, 0x20, 0x20, 0x20, 0x20, 0x20, 0x66, 0x6f, 0x6e, 0x74, 0x2d, 0x73, 0x69
.byte 0x7a, 0x65, 0x3a, 0x20, 0x31, 0x36, 0x70, 0x78, 0x3b, 0x20, 0x2f, 0x2a, 0x20, 0x4b, 0xc3, 0xad
.byte 0x63, 0x68, 0x20, 0x74, 0x68, 0xc6, 0xb0, 0xe1, 0xbb, 0x9b, 0x63, 0x20, 0x63, 0x68, 0xe1, 0xbb
.byte 0xaf, 0x20, 0x2a, 0x2f, 0x0d, 0x0a, 0x20, 0x20, 0x20, 0x20, 0x20, 0x20, 0x20, 0x20, 0x6d, 0x61
.byte 0x72, 0x67, 0x69, 0x6e, 0x3a, 0x20, 0x31, 0x30, 0x70, 0x78, 0x20, 0x30, 0x3b, 0x20, 0x2f, 0x2a
.byte 0x20, 0x4b, 0x68, 0x6f, 0xe1, 0xba, 0xa3, 0x6e, 0x67, 0x20, 0x63, 0xc3, 0xa1, 0x63, 0x68, 0x20
.byte 0x67, 0x69, 0xe1, 0xbb, 0xaf, 0x61, 0x20, 0x63, 0xc3, 0xa1, 0x63, 0x20, 0x6e, 0xc3, 0xba, 0x74
.byte 0x20, 0x2a, 0x2f, 0x0d, 0x0a, 0x20, 0x20, 0x20, 0x20, 0x20, 0x20, 0x20, 0x20, 0x63, 0x75, 0x72
.byte 0x73, 0x6f, 0x72, 0x3a, 0x20, 0x70, 0x6f, 0x69, 0x6e, 0x74, 0x65, 0x72, 0x3b, 0x20, 0x2f, 0x2a
.byte 0x20, 0x54, 0x68, 0x61, 0x79, 0x20, 0xc4, 0x91, 0xe1, 0xbb, 0x95, 0x69, 0x20, 0x63, 0x6f, 0x6e
.byte 0x20, 0x74, 0x72, 0xe1, 0xbb, 0x8f, 0x20, 0x74, 0x68, 0xc3, 0xa0, 0x6e, 0x68, 0x20, 0x64, 0xe1
.byte 0xba, 0xa1, 0x6e, 0x67, 0x20, 0x6e, 0x68, 0xe1, 0xba, 0xa5, 0x6e, 0x20, 0x2a, 0x2f, 0x0d, 0x0a
.byte 0x20, 0x20, 0x20, 0x20, 0x20, 0x20, 0x20, 0x20, 0x62, 0x6f, 0x72, 0x64, 0x65, 0x72, 0x2d, 0x72
.byte 0x61, 0x64, 0x69, 0x75, 0x73, 0x3a, 0x20, 0x34, 0x70, 0x78, 0x3b, 0x20, 0x2f, 0x2a, 0x20, 0x42
.byte 0x6f, 0x20, 0x74, 0x72, 0xc3, 0xb2, 0x6e, 0x20, 0x67, 0xc3, 0xb3, 0x63, 0x20, 0x6e, 0xc3, 0xba
.byte 0x74, 0x20, 0x2a, 0x2f, 0x0d, 0x0a, 0x20, 0x20, 0x20, 0x20, 0x20, 0x20, 0x20, 0x20, 0x74, 0x72
.byte 0x61, 0x6e, 0x73, 0x69, 0x74, 0x69, 0x6f, 0x6e, 0x3a, 0x20, 0x62, 0x61, 0x63, 0x6b, 0x67, 0x72
.byte 0x6f, 0x75, 0x6e, 0x64, 0x2d, 0x63, 0x6f, 0x6c, 0x6f, 0x72, 0x20, 0x30, 0x2e, 0x33, 0x73, 0x20
.byte 0x65, 0x61, 0x73, 0x65, 0x3b, 0x20, 0x2f, 0x2a, 0x20, 0x48, 0x69, 0xe1, 0xbb, 0x87, 0x75, 0x20
.byte 0xe1, 0xbb, 0xa9, 0x6e, 0x67, 0x20, 0x63, 0x68, 0x75, 0x79, 0xe1, 0xbb, 0x83, 0x6e, 0x20, 0x6d
.byte 0xc3, 0xa0, 0x75, 0x20, 0x2a, 0x2f, 0x0d, 0x0a, 0x20, 0x20, 0x20, 0x20, 0x20, 0x20, 0x7d, 0x0d
.byte 0x0a, 0x0d, 0x0a, 0x20, 0x20, 0x20, 0x20, 0x20, 0x20, 0x2e, 0x6e, 0x61, 0x76, 0x69, 0x67, 0x61
.byte 0x74, 0x69, 0x6f, 0x6e, 0x20, 0x62, 0x75, 0x74, 0x74, 0x6f, 0x6e, 0x3a, 0x68, 0x6f, 0x76, 0x65
.byte 0x72, 0x20, 0x7b, 0x0d, 0x0a, 0x20, 0x20, 0x20, 0x20, 0x20, 0x20, 0x20, 0x20, 0x62, 0x61, 0x63
.byte 0x6b, 0x67, 0x72, 0x6f, 0x75, 0x6e, 0x64, 0x2d, 0x63, 0x6f, 0x6c, 0x6f, 0x72, 0x3a, 0x20, 0x23
.byte 0x34, 0x35, 0x35, 0x64, 0x61, 0x30, 0x3b, 0x20, 0x2f, 0x2a, 0x20, 0x4d, 0xc3, 0xa0, 0x75, 0x20
.byte 0x6e, 0xe1, 0xbb, 0x81, 0x6e, 0x20, 0x6b, 0x68, 0x69, 0x20, 0x64, 0x69, 0x20, 0x63, 0x68, 0x75
.byte 0xe1, 0xbb, 0x99, 0x74, 0x20, 0x2a, 0x2f, 0x0d, 0x0a, 0x20, 0x20, 0x20, 0x20, 0x20, 0x20, 0x7d
.byte 0x0d, 0x0a, 0x0d, 0x0a, 0x20, 0x20, 0x20, 0x20, 0x20, 0x20, 0x2e, 0x6e, 0x61, 0x76, 0x69, 0x67
.byte 0x61, 0x74, 0x69, 0x6f, 0x6e, 0x20, 0x62, 0x75, 0x74, 0x74, 0x6f, 0x6e, 0x3a, 0x61, 0x63, 0x74
.byte 0x69, 0x76, 0x65, 0x20, 0x7b, 0x0d, 0x0a, 0x20, 0x20, 0x20, 0x20, 0x20, 0x20, 0x20, 0x20, 0x62
.byte 0x61, 0x63, 0x6b, 0x67, 0x72, 0x6f, 0x75, 0x6e, 0x64, 0x2d, 0x63, 0x6f, 0x6c, 0x6f, 0x72, 0x3a
.byte 0x20, 0x23, 0x33, 0x65, 0x34, 0x33, 0x38, 0x65, 0x3b, 0x20, 0x2f, 0x2a, 0x20, 0x4d, 0xc3, 0xa0
.byte 0x75, 0x20, 0x6e, 0xe1, 0xbb, 0x81, 0x6e, 0x20, 0x6b, 0x68, 0x69, 0x20, 0x6e, 0x68, 0xe1, 0xba
.byte 0xa5, 0x6e, 0x20, 0x2a, 0x2f, 0x0d, 0x0a, 0x20, 0x20, 0x20, 0x20, 0x20, 0x20, 0x20, 0x20, 0x74
.byte 0x72, 0x61, 0x6e, 0x73, 0x66, 0x6f, 0x72, 0x6d, 0x3a, 0x20, 0x74, 0x72, 0x61, 0x6e, 0x73, 0x6c
.byte 0x61, 0x74, 0x65, 0x59, 0x28, 0x34, 0x70, 0x78, 0x29, 0x3b, 0x20, 0x2f, 0x2a, 0x20, 0x48, 0x69
.byte 0xe1, 0xbb, 0x87, 0x75, 0x20, 0xe1, 0xbb, 0xa9, 0x6e, 0x67, 0x20, 0x6e, 0xc3, 0xba, 0x74, 0x20
.byte 0x6e, 0x68, 0xe1, 0xba, 0xa5, 0x6e, 0x20, 0x78, 0x75, 0xe1, 0xbb, 0x91, 0x6e, 0x67, 0x20, 0x2a
.byte 0x2f, 0x0d, 0x0a, 0x20, 0x20, 0x20, 0x20, 0x20, 0x20, 0x7d, 0x0d, 0x0a, 0x0d, 0x0a, 0x0d, 0x0a
.byte 0x0d, 0x0a, 0x0d, 0x0a, 0x20, 0x20, 0x20, 0x20, 0x20, 0x20, 0x2e, 0x74, 0x6f, 0x70, 0x6e, 0x61
.byte 0x76, 0x20, 0x68, 0x33, 0x20, 0x7b, 0x0d, 0x0a, 0x20, 0x20, 0x20, 0x20, 0x20, 0x20, 0x20, 0x20
.byte 0x66, 0x6c, 0x65, 0x78, 0x2d, 0x67, 0x72, 0x6f, 0x77, 0x3a, 0x20, 0x31, 0x3b, 0x20, 0x2f, 0x2a
.byte 0x20, 0xc4, 0x90, 0xe1, 0xba, 0xa3, 0x6d, 0x20, 0x62, 0xe1, 0xba, 0xa3, 0x6f, 0x20, 0x74, 0x69
.byte 0xc3, 0xaa, 0x75, 0x20, 0xc4, 0x91, 0xe1, 0xbb, 0x81, 0x20, 0xc4, 0x91, 0xc6, 0xb0, 0xe1, 0xbb
.byte 0xa3, 0x63, 0x20, 0x63, 0xc4, 0x83, 0x6e, 0x20, 0x67, 0x69, 0xe1, 0xbb, 0xaf, 0x61, 0x20, 0x2a
.byte 0x2f, 0x0d, 0x0a, 0x20, 0x20, 0x20, 0x20, 0x20, 0x20, 0x20, 0x20, 0x74, 0x65, 0x78, 0x74, 0x2d
.byte 0x61, 0x6c, 0x69, 0x67, 0x6e, 0x3a, 0x20, 0x63, 0x65, 0x6e, 0x74, 0x65, 0x72, 0x3b, 0x0d, 0x0a
.byte 0x20, 0x20, 0x20, 0x20, 0x20, 0x20, 0x7d, 0x0d, 0x0a, 0x20, 0x20, 0x20, 0x20, 0x20, 0x20, 0x0d
.byte 0x0a, 0x20, 0x20, 0x20, 0x20, 0x20, 0x20, 0x2e, 0x6c, 0x6f, 0x67, 0x6f, 0x75, 0x74, 0x2d, 0x62
.byte 0x75, 0x74, 0x74, 0x6f, 0x6e, 0x20, 0x7b, 0x0d, 0x0a, 0x20, 0x20, 0x20, 0x20, 0x20, 0x20, 0x20
.byte 0x20, 0x62, 0x61, 0x63, 0x6b, 0x67, 0x72, 0x6f, 0x75, 0x6e, 0x64, 0x2d, 0x63, 0x6f, 0x6c, 0x6f
.byte 0x72, 0x3a, 0x20, 0x23, 0x35, 0x32, 0x33, 0x36, 0x66, 0x34, 0x3b, 0x20, 0x2f, 0x2a, 0x20, 0x4d
.byte 0xc3, 0xa0, 0x75, 0x20, 0x6e, 0xe1, 0xbb, 0x81, 0x6e, 0x20, 0xc4, 0x91, 0xe1, 0xbb, 0x8f, 0x20
.byte 0x2a, 0x2f, 0x0d, 0x0a, 0x20, 0x20, 0x20, 0x20, 0x20, 0x20, 0x20, 0x20, 0x63, 0x6f, 0x6c, 0x6f
.byte 0x72, 0x3a, 0x20, 0x77, 0x68, 0x69, 0x74, 0x65, 0x3b, 0x20, 0x2f, 0x2a, 0x20, 0x4d, 0xc3, 0xa0
.byte 0x75, 0x20, 0x63, 0x68, 0xe1, 0xbb, 0xaf, 0x20, 0x74, 0x72, 0xe1, 0xba, 0xaf, 0x6e, 0x67, 0x20
.byte 0x2a, 0x2f, 0x0d, 0x0a, 0x20, 0x20, 0x20, 0x20, 0x20, 0x20, 0x20, 0x20, 0x62, 0x6f, 0x72, 0x64
.byte 0x65, 0x72, 0x3a, 0x20, 0x6e, 0x6f, 0x6e, 0x65, 0x3b, 0x20, 0x2f, 0x2a, 0x20, 0x42, 0xe1, 0xbb
.byte 0x8f, 0x20, 0x76, 0x69, 0xe1, 0xbb, 0x81, 0x6e, 0x20, 0x2a, 0x2f, 0x0d, 0x0a, 0x20, 0x20, 0x20
.byte 0x20, 0x20, 0x20, 0x20, 0x20, 0x70, 0x61, 0x64, 0x64, 0x69, 0x6e, 0x67, 0x3a, 0x20, 0x31, 0x30
.byte 0x70, 0x78, 0x20, 0x32, 0x30, 0x70, 0x78, 0x3b, 0x20, 0x2f, 0x2a, 0x20, 0x4b, 0x68, 0x6f, 0xe1
.byte 0xba, 0xa3, 0x6e, 0x67, 0x20, 0x63, 0xc3, 0xa1, 0x63, 0x68, 0x20, 0x62, 0xc3, 0xaa, 0x6e, 0x20
.byte 0x74, 0x72, 0x6f, 0x6e, 0x67, 0x20, 0x6e, 0xc3, 0xba, 0x74, 0x20, 0x2a, 0x2f, 0x0d, 0x0a, 0x20
.byte 0x20, 0x20, 0x20, 0x20, 0x20, 0x20, 0x20, 0x66, 0x6f, 0x6e, 0x74, 0x2d, 0x73, 0x69, 0x7a, 0x65
.byte 0x3a, 0x20, 0x31, 0x30, 0x70, 0x78, 0x3b, 0x20, 0x2f, 0x2a, 0x20, 0x4b, 0xc3, 0xad, 0x63, 0x68
.byte 0x20, 0x74, 0x68, 0xc6, 0xb0, 0xe1, 0xbb, 0x9b, 0x63, 0x20, 0x63, 0x68, 0xe1, 0xbb, 0xaf, 0x20
.byte 0x2a, 0x2f, 0x0d, 0x0a, 0x20, 0x20, 0x20, 0x20, 0x20, 0x20, 0x20, 0x20, 0x63, 0x75, 0x72, 0x73
.byte 0x6f, 0x72, 0x3a, 0x20, 0x70, 0x6f, 0x69, 0x6e, 0x74, 0x65, 0x72, 0x3b, 0x20, 0x2f, 0x2a, 0x20
.byte 0x54, 0x68, 0x61, 0x79, 0x20, 0xc4, 0x91, 0xe1, 0xbb, 0x95, 0x69, 0x20, 0x63, 0x6f, 0x6e, 0x20
.byte 0x74, 0x72, 0xe1, 0xbb, 0x8f, 0x20, 0x6b, 0x68, 0x69, 0x20, 0x6e, 0x68, 0xe1, 0xba, 0xa5, 0x6e
.byte 0x20, 0x76, 0xc3, 0xa0, 0x6f, 0x20, 0x2a, 0x2f, 0x0d, 0x0a, 0x20, 0x20, 0x20, 0x20, 0x20, 0x20
.byte 0x20, 0x20, 0x62, 0x6f, 0x72, 0x64, 0x65, 0x72, 0x2d, 0x72, 0x61, 0x64, 0x69, 0x75, 0x73, 0x3a
.byte 0x20, 0x35, 0x70, 0x78, 0x3b, 0x20, 0x2f, 0x2a, 0x20, 0x42, 0x6f, 0x20, 0x74, 0x72, 0xc3, 0xb2
.byte 0x6e, 0x20, 0x67, 0xc3, 0xb3, 0x63, 0x20, 0x6e, 0xc3, 0xba, 0x74, 0x20, 0x2a, 0x2f, 0x0d, 0x0a
.byte 0x20, 0x20, 0x20, 0x20, 0x20, 0x20, 0x20, 0x20, 0x6d, 0x61, 0x72, 0x67, 0x69, 0x6e, 0x2d, 0x6c
.byte 0x65, 0x66, 0x74, 0x3a, 0x20, 0x61, 0x75, 0x74, 0x6f, 0x3b, 0x20, 0x2f, 0x2a, 0x20, 0xc4, 0x90
.byte 0xe1, 0xba, 0xa9, 0x79, 0x20, 0x6e, 0xc3, 0xba, 0x74, 0x20, 0x76, 0xe1, 0xbb, 0x81, 0x20, 0x70
.byte 0x68, 0xc3, 0xad, 0x61, 0x20, 0x62, 0xc3, 0xaa, 0x6e, 0x20, 0x70, 0x68, 0xe1, 0xba, 0xa3, 0x69
.byte 0x20, 0x2a, 0x2f, 0x0d, 0x0a, 0x20, 0x20, 0x20, 0x20, 0x20, 0x20, 0x20, 0x20, 0x74, 0x72, 0x61
.byte 0x6e, 0x73, 0x69, 0x74, 0x69, 0x6f, 0x6e, 0x3a, 0x20, 0x62, 0x61, 0x63, 0x6b, 0x67, 0x72, 0x6f
.byte 0x75, 0x6e, 0x64, 0x2d, 0x63, 0x6f, 0x6c, 0x6f, 0x72, 0x20, 0x30, 0x2e, 0x33, 0x73, 0x20, 0x65
.byte 0x61, 0x73, 0x65, 0x3b, 0x0d, 0x0a, 0x20, 0x20, 0x20, 0x20, 0x20, 0x20, 0x7d, 0x0d, 0x0a, 0x0d
.byte 0x0a, 0x20, 0x20, 0x20, 0x20, 0x20, 0x20, 0x2e, 0x6c, 0x6f, 0x67, 0x6f, 0x75, 0x74, 0x2d, 0x62
.byte 0x75, 0x74, 0x74, 0x6f, 0x6e, 0x3a, 0x68, 0x6f, 0x76, 0x65, 0x72, 0x20, 0x7b, 0x0d, 0x0a, 0x20
.byte 0x20, 0x20, 0x20, 0x20, 0x20, 0x20, 0x20, 0x62, 0x61, 0x63, 0x6b, 0x67, 0x72, 0x6f, 0x75, 0x6e
.byte 0x64, 0x2d, 0x63, 0x6f, 0x6c, 0x6f, 0x72, 0x3a, 0x20, 0x23, 0x64, 0x33, 0x32, 0x66, 0x32, 0x66
.byte 0x3b, 0x20, 0x2f, 0x2a, 0x20, 0x4d, 0xc3, 0xa0, 0x75, 0x20, 0x6e, 0xe1, 0xbb, 0x81, 0x6e, 0x20
.byte 0x6b, 0x68, 0x69, 0x20, 0x64, 0x69, 0x20, 0x63, 0x68, 0x75, 0xe1, 0xbb, 0x99, 0x74, 0x20, 0x2a
.byte 0x2f, 0x0d, 0x0a, 0x20, 0x20, 0x20, 0x20, 0x20, 0x20, 0x7d, 0x0d, 0x0a, 0x0d, 0x0a, 0x20, 0x20
.byte 0x20, 0x20, 0x20, 0x20, 0x2e, 0x6c, 0x6f, 0x67, 0x6f, 0x75, 0x74, 0x2d, 0x62, 0x75, 0x74, 0x74
.byte 0x6f, 0x6e, 0x3a, 0x61, 0x63, 0x74, 0x69, 0x76, 0x65, 0x20, 0x7b, 0x0d, 0x0a, 0x20, 0x20, 0x20
.byte 0x20, 0x20, 0x20, 0x20, 0x20, 0x62, 0x61, 0x63, 0x6b, 0x67, 0x72, 0x6f, 0x75, 0x6e, 0x64, 0x2d
.byte 0x63, 0x6f, 0x6c, 0x6f, 0x72, 0x3a, 0x20, 0x23, 0x63, 0x36, 0x32, 0x38, 0x32, 0x38, 0x3b, 0x20
.byte 0x2f, 0x2a, 0x20, 0x4d, 0xc3, 0xa0, 0x75, 0x20, 0x6e, 0xe1, 0xbb, 0x81, 0x6e, 0x20, 0x6b, 0x68
.byte 0x69, 0x20, 0x6e, 0x68, 0xe1, 0xba, 0xa5, 0x6e, 0x20, 0x2a, 0x2f, 0x0d, 0x0a, 0x20, 0x20, 0x20
.byte 0x20, 0x20, 0x20, 0x20, 0x20, 0x62, 0x6f, 0x78, 0x2d, 0x73, 0x68, 0x61, 0x64, 0x6f, 0x77, 0x3a
.byte 0x20, 0x30, 0x20, 0x34, 0x70, 0x78, 0x20, 0x23, 0x36, 0x36, 0x36, 0x3b, 0x20, 0x2f, 0x2a, 0x20
.byte 0xc4, 0x90, 0xe1, 0xbb, 0x95, 0x20, 0x62, 0xc3, 0xb3, 0x6e, 0x67, 0x20, 0x6b, 0x68, 0x69, 0x20
.byte 0x6e, 0x68, 0xe1, 0xba, 0xa5, 0x6e, 0x20, 0x2a, 0x2f, 0x0d, 0x0a, 0x20, 0x20, 0x20, 0x20, 0x20
.byte 0x20, 0x20, 0x20, 0x74, 0x72, 0x61, 0x6e, 0x73, 0x66, 0x6f, 0x72, 0x6d, 0x3a, 0x20, 0x74, 0x72
.byte 0x61, 0x6e, 0x73, 0x6c, 0x61, 0x74, 0x65, 0x59, 0x28, 0x32, 0x70, 0x78, 0x29, 0x3b, 0x20, 0x2f
.byte 0x2a, 0x20, 0x48, 0x69, 0xe1, 0xbb, 0x87, 0x75, 0x20, 0xe1, 0xbb, 0xa9, 0x6e, 0x67, 0x20, 0x6e
.byte 0x68, 0xe1, 0xba, 0xa5, 0x6e, 0x20, 0x6e, 0xc3, 0xba, 0x74, 0x20, 0x78, 0x75, 0xe1, 0xbb, 0x91
.byte 0x6e, 0x67, 0x20, 0x2a, 0x2f, 0x0d, 0x0a, 0x20, 0x20, 0x20, 0x20, 0x20, 0x20, 0x7d, 0x0d, 0x0a
.byte 0x20, 0x20, 0x20, 0x20, 0x20, 0x20, 0x0d, 0x0a, 0x0d, 0x0a, 0x20, 0x20, 0x20, 0x20, 0x20, 0x20
.byte 0x20, 0x20, 0x2e, 0x63, 0x6f, 0x6e, 0x74, 0x61, 0x69, 0x6e, 0x65, 0x72, 0x20, 0x7b, 0x0d, 0x0a
.byte 0x20, 0x20, 0x20, 0x20, 0x20, 0x20, 0x20, 0x20, 0x20, 0x20, 0x20, 0x20, 0x64, 0x69, 0x73, 0x70
.byte 0x6c, 0x61, 0x79, 0x3a, 0x20, 0x66, 0x6c, 0x65, 0x78, 0x3b, 0x0d, 0x0a, 0x20, 0x20, 0x20, 0x20
.byte 0x20, 0x20, 0x20, 0x20, 0x20, 0x20, 0x20, 0x20, 0x6d, 0x69, 0x6e, 0x2d, 0x68, 0x65, 0x69, 0x67
.byte 0x68, 0x74, 0x3a, 0x20, 0x38, 0x30, 0x76, 0x68, 0x3b, 0x0d, 0x0a, 0x20, 0x0d, 0x0a, 0x20, 0x20
.byte 0x20, 0x20, 0x20, 0x20, 0x20, 0x20, 0x7d, 0x0d, 0x0a, 0x20, 0x20, 0x20, 0x20, 0x20, 0x20, 0x20
.byte 0x20, 0x2e, 0x74, 0x61, 0x62, 0x20, 0x7b, 0x0d, 0x0a, 0x20, 0x20, 0x20, 0x20, 0x20, 0x20, 0x20
.byte 0x20, 0x20, 0x20, 0x20, 0x20, 0x66, 0x6c, 0x65, 0x78, 0x3a, 0x20, 0x30, 0x20, 0x30, 0x20, 0x61
.byte 0x75, 0x74, 0x6f, 0x3b, 0x0d, 0x0a, 0x20, 0x20, 0x20, 0x20, 0x20, 0x20, 0x20, 0x20, 0x20, 0x20
.byte 0x20, 0x20, 0x77, 0x69, 0x64, 0x74, 0x68, 0x3a, 0x20, 0x32, 0x30, 0x30, 0x70, 0x78, 0x3b, 0x0d
.byte 0x0a, 0x20, 0x20, 0x20, 0x20, 0x20, 0x20, 0x20, 0x20, 0x20, 0x20, 0x20, 0x20, 0x62, 0x61, 0x63
.byte 0x6b, 0x67, 0x72, 0x6f, 0x75, 0x6e, 0x64, 0x2d, 0x63, 0x6f, 0x6c, 0x6f, 0x72, 0x3a, 0x20, 0x23
.byte 0x32, 0x61, 0x33, 0x66, 0x36, 0x65, 0x3b, 0x0d, 0x0a, 0x20, 0x20, 0x20, 0x20, 0x20, 0x20, 0x20
.byte 0x20, 0x20, 0x20, 0x20, 0x20, 0x64, 0x69, 0x73, 0x70, 0x6c, 0x61, 0x79, 0x3a, 0x20, 0x66, 0x6c
.byte 0x65, 0x78, 0x3b, 0x0d, 0x0a, 0x20, 0x20, 0x20, 0x20, 0x20, 0x20, 0x20, 0x20, 0x20, 0x20, 0x20
.byte 0x20, 0x66, 0x6c, 0x65, 0x78, 0x2d, 0x64, 0x69, 0x72, 0x65, 0x63, 0x74, 0x69, 0x6f, 0x6e, 0x3a
.byte 0x20, 0x63, 0x6f, 0x6c, 0x75, 0x6d, 0x6e, 0x3b, 0x0d, 0x0a, 0x20, 0x20, 0x20, 0x20, 0x20, 0x20
.byte 0x20, 0x20, 0x20, 0x20, 0x20, 0x20, 0x70, 0x61, 0x64, 0x64, 0x69, 0x6e, 0x67, 0x3a, 0x20, 0x32
.byte 0x30, 0x70, 0x78, 0x3b, 0x0d, 0x0a, 0x20, 0x20, 0x20, 0x20, 0x20, 0x20, 0x20, 0x20, 0x20, 0x20
.byte 0x20, 0x20, 0x6d, 0x69, 0x6e, 0x2d, 0x68, 0x65, 0x69, 0x67, 0x68, 0x74, 0x3a, 0x20, 0x38, 0x30
.byte 0x76, 0x68, 0x3b, 0x0d, 0x0a, 0x20, 0x20, 0x20, 0x20, 0x20, 0x20, 0x20, 0x20, 0x7d, 0x0d, 0x0a
.byte 0x0d, 0x0a, 0x20, 0x20, 0x20, 0x20, 0x20, 0x20, 0x20, 0x20, 0x2e, 0x74, 0x61, 0x62, 0x20, 0x62
.byte 0x75, 0x74, 0x74, 0x6f, 0x6e, 0x20, 0x7b, 0x0d, 0x0a, 0x20, 0x20, 0x20, 0x20, 0x20, 0x20, 0x20
.byte 0x20, 0x20, 0x20, 0x20, 0x20, 0x62, 0x61, 0x63, 0x6b, 0x67, 0x72, 0x6f, 0x75, 0x6e, 0x64, 0x2d
.byte 0x63, 0x6f, 0x6c, 0x6f, 0x72, 0x3a, 0x20, 0x69, 0x6e, 0x68, 0x65, 0x72, 0x69, 0x74, 0x3b, 0x0d
.byte 0x0a, 0x20, 0x20, 0x20, 0x20, 0x20, 0x20, 0x20, 0x20, 0x20, 0x20, 0x20, 0x20, 0x62, 0x6f, 0x72
.byte 0x64, 0x65, 0x72, 0x3a, 0x20, 0x6e, 0x6f, 0x6e, 0x65, 0x3b, 0x0d, 0x0a, 0x20, 0x20, 0x20, 0x20
.byte 0x20, 0x20, 0x20, 0x20, 0x20, 0x20, 0x20, 0x20, 0x6f, 0x75, 0x74, 0x6c, 0x69, 0x6e, 0x65, 0x3a
.byte 0x20, 0x6e, 0x6f, 0x6e, 0x65, 0x3b, 0x0d, 0x0a, 0x20, 0x20, 0x20, 0x20, 0x20, 0x20, 0x20, 0x20
.byte 0x20, 0x20, 0x20, 0x20, 0x63, 0x75, 0x72, 0x73, 0x6f, 0x72, 0x3a, 0x20, 0x70, 0x6f, 0x69, 0x6e
.byte 0x74, 0x65, 0x72, 0x3b, 0x0d, 0x0a, 0x20, 0x20, 0x20, 0x20, 0x20, 0x20, 0x20, 0x20, 0x20, 0x20
.byte 0x20, 0x20, 0x70, 0x61, 0x64, 0x64, 0x69, 0x6e, 0x67, 0x3a, 0x20, 0x31, 0x34, 0x70, 0x78, 0x3b
.byte 0x0d, 0x0a, 0x20, 0x20, 0x20, 0x20, 0x20, 0x20, 0x20, 0x20, 0x20, 0x20, 0x20, 0x20, 0x74, 0x65
.byte 0x78, 0x74, 0x2d, 0x61, 0x6c, 0x69, 0x67, 0x6e, 0x3a, 0x20, 0x6c, 0x65, 0x66, 0x74, 0x3b, 0x0d
.byte 0x0a, 0x20, 0x20, 0x20, 0x20, 0x20, 0x20, 0x20, 0x20, 0x20, 0x20, 0x20, 0x20, 0x66, 0x6f, 0x6e
.byte 0x74, 0x2d, 0x73, 0x69, 0x7a, 0x65, 0x3a, 0x20, 0x31, 0x37, 0x70, 0x78, 0x3b, 0x0d, 0x0a, 0x20
.byte 0x20, 0x20, 0x20, 0x20, 0x20, 0x20, 0x20, 0x20, 0x20, 0x20, 0x20, 0x63, 0x6f, 0x6c, 0x6f, 0x72
.byte 0x3a, 0x20, 0x77, 0x68, 0x69, 0x74, 0x65, 0x3b, 0x0d, 0x0a, 0x20, 0x20, 0x20, 0x20, 0x20, 0x20
.byte 0x20, 0x20, 0x20, 0x20, 0x20, 0x20, 0x6d, 0x61, 0x72, 0x67, 0x69, 0x6e, 0x2d, 0x62, 0x6f, 0x74
.byte 0x74, 0x6f, 0x6d, 0x3a, 0x20, 0x31, 0x30, 0x70, 0x78, 0x3b, 0x0d, 0x0a, 0x20, 0x20, 0x20, 0x20
.byte 0x20, 0x20, 0x20, 0x20, 0x7d, 0x0d, 0x0a, 0x0d, 0x0a, 0x20, 0x20, 0x20, 0x20, 0x20, 0x20, 0x20
.byte 0x20, 0x2e, 0x74, 0x61, 0x62, 0x20, 0x62, 0x75, 0x74, 0x74, 0x6f, 0x6e, 0x3a, 0x68, 0x6f, 0x76
.byte 0x65, 0x72, 0x20, 0x7b, 0x0d, 0x0a, 0x20, 0x20, 0x20, 0x20, 0x20, 0x20, 0x20, 0x20, 0x20, 0x20
.byte 0x20, 0x20, 0x62, 0x61, 0x63, 0x6b, 0x67, 0x72, 0x6f, 0x75, 0x6e, 0x64, 0x2d, 0x63, 0x6f, 0x6c
.byte 0x6f, 0x72, 0x3a, 0x20, 0x23, 0x31, 0x66, 0x32, 0x64, 0x35, 0x30, 0x3b, 0x0d, 0x0a, 0x20, 0x20
.byte 0x20, 0x20, 0x20, 0x20, 0x20, 0x20, 0x7d, 0x0d, 0x0a, 0x0d, 0x0a, 0x20, 0x20, 0x20, 0x20, 0x20
.byte 0x20, 0x20, 0x20, 0x2e, 0x74, 0x61, 0x62, 0x20, 0x62, 0x75, 0x74, 0x74, 0x6f, 0x6e, 0x2e, 0x61
.byte 0x63, 0x74, 0x69, 0x76, 0x65, 0x20, 0x7b, 0x0d, 0x0a, 0x20, 0x20, 0x20, 0x20, 0x20, 0x20, 0x20
.byte 0x20, 0x20, 0x20, 0x20, 0x20, 0x62, 0x61, 0x63, 0x6b, 0x67, 0x72, 0x6f, 0x75, 0x6e, 0x64, 0x2d
.byte 0x63, 0x6f, 0x6c, 0x6f, 0x72, 0x3a, 0x20, 0x23, 0x31, 0x66, 0x32, 0x64, 0x35, 0x30, 0x3b, 0x0d
.byte 0x0a, 0x20, 0x20, 0x20, 0x20, 0x20, 0x20, 0x20, 0x20, 0x7d, 0x0d, 0x0a, 0x0d, 0x0a, 0x20, 0x20
.byte 0x20, 0x20, 0x20, 0x20, 0x20, 0x20, 0x2e, 0x63, 0x6f, 0x6e, 0x74, 0x65, 0x6e, 0x74, 0x2d, 0x77
.byte 0x72, 0x61, 0x70, 0x70, 0x65, 0x72, 0x20, 0x7b, 0x0d, 0x0a, 0x20, 0x20, 0x20, 0x20, 0x20, 0x20
.byte 0x20, 0x20, 0x20, 0x20, 0x20, 0x20, 0x64, 0x69, 0x73, 0x70, 0x6c, 0x61, 0x79, 0x3a, 0x20, 0x66
.byte 0x6c, 0x65, 0x78, 0x3b, 0x0d, 0x0a, 0x20, 0x20, 0x20, 0x20, 0x20, 0x20, 0x20, 0x20, 0x20, 0x20
.byte 0x20, 0x20, 0x66, 0x6c, 0x65, 0x78, 0x2d, 0x64, 0x69, 0x72, 0x65, 0x63, 0x74, 0x69, 0x6f, 0x6e
.byte 0x3a, 0x20, 0x63, 0x6f, 0x6c, 0x75, 0x6d, 0x6e, 0x3b, 0x0d, 0x0a, 0x20, 0x20, 0x20, 0x20, 0x20
.byte 0x20, 0x20, 0x20, 0x20, 0x20, 0x20, 0x20, 0x66, 0x6c, 0x65, 0x78, 0x2d, 0x67, 0x72, 0x6f, 0x77
.byte 0x3a, 0x20, 0x31, 0x3b, 0x20, 0x20, 0x20, 0x20, 0x20, 0x20, 0x20, 0x20, 0x20, 0x20, 0x20, 0x20
.byte 0x0d, 0x0a, 0x20, 0x20, 0x20, 0x20, 0x20, 0x20, 0x20, 0x20, 0x7d, 0x0d, 0x0a, 0x0d, 0x0a, 0x20
.byte 0x20, 0x20, 0x20, 0x20, 0x20, 0x20, 0x20, 0x2e, 0x63, 0x6f, 0x6e, 0x74, 0x65, 0x6e, 0x74, 0x20
.byte 0x7b, 0x0d, 0x0a, 0x20, 0x20, 0x20, 0x20, 0x20, 0x20, 0x20, 0x20, 0x20, 0x20, 0x20, 0x20, 0x66
.byte 0x6c, 0x65, 0x78, 0x2d, 0x67, 0x72, 0x6f, 0x77, 0x3a, 0x20, 0x31, 0x3b, 0x0d, 0x0a, 0x20, 0x20
.byte 0x20, 0x20, 0x20, 0x20, 0x20, 0x20, 0x20, 0x20, 0x20, 0x20, 0x70, 0x61, 0x64, 0x64, 0x69, 0x6e
.byte 0x67, 0x3a, 0x20, 0x32, 0x30, 0x70, 0x78, 0x3b, 0x0d, 0x0a, 0x20, 0x20, 0x20, 0x20, 0x20, 0x20
.byte 0x20, 0x20, 0x20, 0x20, 0x20, 0x20, 0x62, 0x61, 0x63, 0x6b, 0x67, 0x72, 0x6f, 0x75, 0x6e, 0x64
.byte 0x2d, 0x63, 0x6f, 0x6c, 0x6f, 0x72, 0x3a, 0x20, 0x77, 0x68, 0x69, 0x74, 0x65, 0x3b, 0x0d, 0x0a
.byte 0x20, 0x20, 0x20, 0x20, 0x20, 0x20, 0x20, 0x20, 0x7d, 0x0d, 0x0a, 0x0d, 0x0a, 0x20, 0x20, 0x20
.byte 0x20, 0x20, 0x20, 0x20, 0x20, 0x2e, 0x66, 0x6f, 0x6f, 0x74, 0x65, 0x72, 0x20, 0x7b, 0x0d, 0x0a
.byte 0x20, 0x20, 0x20, 0x20, 0x20, 0x20, 0x20, 0x20, 0x20, 0x20, 0x20, 0x20, 0x66, 0x6c, 0x65, 0x78
.byte 0x2d, 0x67, 0x72, 0x6f, 0x77, 0x3a, 0x20, 0x31, 0x3b, 0x0d, 0x0a, 0x20, 0x20, 0x20, 0x20, 0x20
.byte 0x20, 0x20, 0x20, 0x20, 0x20, 0x20, 0x20, 0x74, 0x65, 0x78, 0x74, 0x2d, 0x61, 0x6c, 0x69, 0x67
.byte 0x6e, 0x3a, 0x20, 0x6c, 0x65, 0x66, 0x74, 0x3b, 0x0d, 0x0a, 0x20, 0x20, 0x20, 0x20, 0x20, 0x20
.byte 0x20, 0x20, 0x20, 0x20, 0x20, 0x20, 0x63, 0x6f, 0x6c, 0x6f, 0x72, 0x3a, 0x20, 0x23, 0x35, 0x35
.byte 0x35, 0x3b, 0x0d, 0x0a, 0x20, 0x20, 0x20, 0x20, 0x20, 0x20, 0x20, 0x20, 0x20, 0x20, 0x20, 0x20
.byte 0x66, 0x6f, 0x6e, 0x74, 0x2d, 0x73, 0x69, 0x7a, 0x65, 0x3a, 0x20, 0x30, 0x2e, 0x39, 0x72, 0x65
.byte 0x6d, 0x3b, 0x0d, 0x0a, 0x20, 0x20, 0x20, 0x20, 0x20, 0x20, 0x20, 0x20, 0x20, 0x20, 0x20, 0x20
.byte 0x70, 0x61, 0x64, 0x64, 0x69, 0x6e, 0x67, 0x3a, 0x20, 0x31, 0x30, 0x70, 0x78, 0x20, 0x32, 0x30
.byte 0x70, 0x78, 0x3b, 0x0d, 0x0a, 0x20, 0x20, 0x20, 0x20, 0x20, 0x20, 0x20, 0x20, 0x20, 0x20, 0x20
.byte 0x20, 0x64, 0x69, 0x73, 0x70, 0x6c, 0x61, 0x79, 0x3a, 0x20, 0x66, 0x6c, 0x65, 0x78, 0x3b, 0x0d
.byte 0x0a, 0x20, 0x20, 0x20, 0x20, 0x20, 0x20, 0x20, 0x20, 0x20, 0x20, 0x20, 0x20, 0x6a, 0x75, 0x73
.byte 0x74, 0x69, 0x66, 0x79, 0x2d, 0x63, 0x6f, 0x6e, 0x74, 0x65, 0x6e, 0x74, 0x3a, 0x20, 0x73, 0x70
.byte 0x61, 0x63, 0x65, 0x2d, 0x62, 0x65, 0x74, 0x77, 0x65, 0x65, 0x6e, 0x3b, 0x0d, 0x0a, 0x20, 0x20
.byte 0x20, 0x20, 0x20, 0x20, 0x20, 0x20, 0x20, 0x20, 0x20, 0x20, 0x61, 0x6c, 0x69, 0x67, 0x6e, 0x2d
.byte 0x69, 0x74, 0x65, 0x6d, 0x73, 0x3a, 0x20, 0x63, 0x65, 0x6e, 0x74, 0x65, 0x72, 0x3b, 0x20, 0x2f
.byte 0x2a, 0x20, 0xc4, 0x90, 0xe1, 0xba, 0xa3, 0x6d, 0x20, 0x62, 0xe1, 0xba, 0xa3, 0x6f, 0x20, 0x6e
.byte 0xe1, 0xbb, 0x99, 0x69, 0x20, 0x64, 0x75, 0x6e, 0x67, 0x20, 0x63, 0x61, 0x6e, 0x68, 0x20, 0x67
.byte 0x69, 0xe1, 0xbb, 0xaf, 0x61, 0x20, 0x74, 0x68, 0x65, 0x6f, 0x20, 0x63, 0x68, 0x69, 0xe1, 0xbb
.byte 0x81, 0x75, 0x20, 0x64, 0xe1, 0xbb, 0x8d, 0x63, 0x20, 0x2a, 0x2f, 0x0d, 0x0a, 0x20, 0x20, 0x20
.byte 0x20, 0x20, 0x20, 0x20, 0x20, 0x20, 0x20, 0x20, 0x20, 0x67, 0x61, 0x70, 0x3a, 0x20, 0x31, 0x30
.byte 0x70, 0x78, 0x3b, 0x20, 0x2f, 0x2a, 0x20, 0x4b, 0x68, 0x6f, 0xe1, 0xba, 0xa3, 0x6e, 0x67, 0x20
.byte 0x63, 0xc3, 0xa1, 0x63, 0x68, 0x20, 0x67, 0x69, 0xe1, 0xbb, 0xaf, 0x61, 0x20, 0x6e, 0xc3, 0xba
.byte 0x74, 0x20, 0x76, 0xc3, 0xa0, 0x20, 0x76, 0xc4, 0x83, 0x6e, 0x20, 0x62, 0xe1, 0xba, 0xa3, 0x6e
.byte 0x20, 0x2a, 0x2f, 0x0d, 0x0a, 0x20, 0x20, 0x20, 0x20, 0x20, 0x20, 0x20, 0x20, 0x20, 0x20, 0x20
.byte 0x20, 0x6a, 0x75, 0x73, 0x74, 0x69, 0x66, 0x79, 0x2d, 0x63, 0x6f, 0x6e, 0x74, 0x65, 0x6e, 0x74
.byte 0x3a, 0x20, 0x66, 0x6c, 0x65, 0x78, 0x2d, 0x73, 0x74, 0x61, 0x72, 0x74, 0x3b, 0x20, 0x2f, 0x2a
.byte 0x20, 0xc4, 0x90, 0xc6, 0xb0, 0x61, 0x20, 0x74, 0xe1, 0xba, 0xa5, 0x74, 0x20, 0x63, 0xe1, 0xba
.byte 0xa3, 0x20, 0x76, 0xe1, 0xbb, 0x81, 0x20, 0xc4, 0x91, 0xe1, 0xba, 0xa7, 0x75, 0x20, 0x2a, 0x2f
.byte 0x0d, 0x0a, 0x20, 0x20, 0x20, 0x20, 0x20, 0x20, 0x20, 0x20, 0x7d, 0x0d, 0x0a, 0x0d, 0x0a, 0x20
.byte 0x20, 0x20, 0x20, 0x20, 0x20, 0x20, 0x20, 0x2e, 0x66, 0x6f, 0x6f, 0x74, 0x65, 0x72, 0x2d, 0x62
.byte 0x75, 0x74, 0x74, 0x6f, 0x6e, 0x20, 0x7b, 0x0d, 0x0a, 0x20, 0x20, 0x20, 0x20, 0x20, 0x20, 0x20
.byte 0x20, 0x20, 0x20, 0x20, 0x20, 0x62, 0x61, 0x63, 0x6b, 0x67, 0x72, 0x6f, 0x75, 0x6e, 0x64, 0x2d
.byte 0x63, 0x6f, 0x6c, 0x6f, 0x72, 0x3a, 0x20, 0x23, 0x32, 0x61, 0x33, 0x66, 0x36, 0x65, 0x3b, 0x0d
.byte 0x0a, 0x20, 0x20, 0x20, 0x20, 0x20, 0x20, 0x20, 0x20, 0x20, 0x20, 0x20, 0x20, 0x63, 0x6f, 0x6c
.byte 0x6f, 0x72, 0x3a, 0x20, 0x77, 0x68, 0x69, 0x74, 0x65, 0x3b, 0x0d, 0x0a, 0x20, 0x20, 0x20, 0x20
.byte 0x20, 0x20, 0x20, 0x20, 0x20, 0x20, 0x20, 0x20, 0x62, 0x6f, 0x72, 0x64, 0x65, 0x72, 0x3a, 0x20
.byte 0x6e, 0x6f, 0x6e, 0x65, 0x3b, 0x0d, 0x0a, 0x20, 0x20, 0x20, 0x20, 0x20, 0x20, 0x20, 0x20, 0x20
.byte 0x20, 0x20, 0x20, 0x62, 0x6f, 0x72, 0x64, 0x65, 0x72, 0x2d, 0x72, 0x61, 0x64, 0x69, 0x75, 0x73
.byte 0x3a, 0x20, 0x35, 0x70, 0x78, 0x3b, 0x0d, 0x0a, 0x20, 0x20, 0x20, 0x20, 0x20, 0x20, 0x20, 0x20
.byte 0x20, 0x20, 0x20, 0x20, 0x63, 0x75, 0x72, 0x73, 0x6f, 0x72, 0x3a, 0x20, 0x70, 0x6f, 0x69, 0x6e
.byte 0x74, 0x65, 0x72, 0x3b, 0x0d, 0x0a, 0x20, 0x20, 0x20, 0x20, 0x20, 0x20, 0x20, 0x20, 0x20, 0x20
.byte 0x20, 0x20, 0x70, 0x61, 0x64, 0x64, 0x69, 0x6e, 0x67, 0x3a, 0x20, 0x38, 0x70, 0x78, 0x20, 0x31
.byte 0x36, 0x70, 0x78, 0x3b, 0x20, 0x2f, 0x2a, 0x20, 0x54, 0x68, 0xc3, 0xaa, 0x6d, 0x20, 0x70, 0x61
.byte 0x64, 0x64, 0x69, 0x6e, 0x67, 0x20, 0xc4, 0x91, 0xe1, 0xbb, 0x83, 0x20, 0x6e, 0xc3, 0xba, 0x74
.byte 0x20, 0x6c, 0xe1, 0xbb, 0x9b, 0x6e, 0x20, 0x68, 0xc6, 0xa1, 0x6e, 0x20, 0x2a, 0x2f, 0x0d, 0x0a
.byte 0x20, 0x20, 0x20, 0x20, 0x20, 0x20, 0x20, 0x20, 0x20, 0x20, 0x20, 0x20, 0x66, 0x6f, 0x6e, 0x74
.byte 0x2d, 0x73, 0x69, 0x7a, 0x65, 0x3a, 0x20, 0x30, 0x2e, 0x39, 0x72, 0x65, 0x6d, 0x3b, 0x20, 0x2f
.byte 0x2a, 0x20, 0xc4, 0x90, 0x69, 0xe1, 0xbb, 0x81, 0x75, 0x20, 0x63, 0x68, 0xe1, 0xbb, 0x89, 0x6e
.byte 0x68, 0x20, 0x6b, 0xc3, 0xad, 0x63, 0x68, 0x20, 0x74, 0x68, 0xc6, 0xb0, 0xe1, 0xbb, 0x9b, 0x63
.byte 0x20, 0x63, 0x68, 0xe1, 0xbb, 0xaf, 0x20, 0x2a, 0x2f, 0x0d, 0x0a, 0x20, 0x20, 0x20, 0x20, 0x20
.byte 0x20, 0x20, 0x20, 0x20, 0x20, 0x20, 0x20, 0x74, 0x72, 0x61, 0x6e, 0x73, 0x69, 0x74, 0x69, 0x6f
.byte 0x6e, 0x3a, 0x20, 0x62, 0x61, 0x63, 0x6b, 0x67, 0x72, 0x6f, 0x75, 0x6e, 0x64, 0x2d, 0x63, 0x6f
.byte 0x6c, 0x6f, 0x72, 0x20, 0x30, 0x2e, 0x33, 0x73, 0x20, 0x65, 0x61, 0x73, 0x65, 0x3b, 0x20, 0x2f
.byte 0x2a, 0x20, 0x54, 0x68, 0xc3, 0xaa, 0x6d, 0x20, 0x68, 0x69, 0xe1, 0xbb, 0x87, 0x75, 0x20, 0xe1
.byte 0xbb, 0xa9, 0x6e, 0x67, 0x20, 0x63, 0x68, 0x75, 0x79, 0xe1, 0xbb, 0x83, 0x6e, 0x20, 0x6d, 0xc3
.byte 0xa0, 0x75, 0x20, 0x2a, 0x2f, 0x0d, 0x0a, 0x20, 0x20, 0x20, 0x20, 0x20, 0x20, 0x20, 0x20, 0x7d
.byte 0x0d, 0x0a, 0x0d, 0x0a, 0x20, 0x20, 0x20, 0x20, 0x20, 0x20, 0x20, 0x20, 0x2e, 0x74, 0x61, 0x62
.byte 0x2d, 0x63, 0x6f, 0x6e, 0x74, 0x65, 0x6e, 0x74, 0x20, 0x7b, 0x0d, 0x0a, 0x20, 0x20, 0x20, 0x20
.byte 0x20, 0x20, 0x20, 0x20, 0x20, 0x20, 0x20, 0x20, 0x64, 0x69, 0x73, 0x70, 0x6c, 0x61, 0x79, 0x3a
.byte 0x20, 0x6e, 0x6f, 0x6e, 0x65, 0x3b, 0x0d, 0x0a, 0x20, 0x20, 0x20, 0x20, 0x20, 0x20, 0x20, 0x20
.byte 0x20, 0x20, 0x20, 0x20, 0x70, 0x61, 0x64, 0x64, 0x69, 0x6e, 0x67, 0x3a, 0x20, 0x32, 0x30, 0x70
.byte 0x78, 0x3b, 0x0d, 0x0a, 0x20, 0x20, 0x20, 0x20, 0x20, 0x20, 0x20, 0x20, 0x20, 0x20, 0x20, 0x20
.byte 0x62, 0x61, 0x63, 0x6b, 0x67, 0x72, 0x6f, 0x75, 0x6e, 0x64, 0x2d, 0x63, 0x6f, 0x6c, 0x6f, 0x72
.byte 0x3a, 0x20, 0x77, 0x68, 0x69, 0x74, 0x65, 0x3b, 0x0d, 0x0a, 0x20, 0x20, 0x20, 0x20, 0x20, 0x20
.byte 0x20, 0x20, 0x20, 0x20, 0x20, 0x20, 0x62, 0x6f, 0x72, 0x64, 0x65, 0x72, 0x2d, 0x72, 0x61, 0x64
.byte 0x69, 0x75, 0x73, 0x3a, 0x20, 0x38, 0x70, 0x78, 0x3b, 0x0d, 0x0a, 0x20, 0x20, 0x20, 0x20, 0x20
.byte 0x20, 0x20, 0x20, 0x20, 0x20, 0x20, 0x20, 0x62, 0x6f, 0x78, 0x2d, 0x73, 0x68, 0x61, 0x64, 0x6f
.byte 0x77, 0x3a, 0x20, 0x30, 0x20, 0x32, 0x70, 0x78, 0x20, 0x34, 0x70, 0x78, 0x20, 0x72, 0x67, 0x62
.byte 0x61, 0x28, 0x30, 0x2c, 0x20, 0x30, 0x2c, 0x20, 0x30, 0x2c, 0x20, 0x30, 0x2e, 0x31, 0x29, 0x3b
.byte 0x0d, 0x0a, 0x20, 0x20, 0x20, 0x20, 0x20, 0x20, 0x20, 0x20, 0x7d, 0x0d, 0x0a, 0x0d, 0x0a, 0x20
.byte 0x20, 0x20, 0x20, 0x20, 0x20, 0x20, 0x20, 0x2e, 0x74, 0x61, 0x62, 0x2d, 0x63, 0x6f, 0x6e, 0x74
.byte 0x65, 0x6e, 0x74, 0x2e, 0x61, 0x63, 0x74, 0x69, 0x76, 0x65, 0x20, 0x7b, 0x0d, 0x0a, 0x20, 0x20
.byte 0x20, 0x20, 0x20, 0x20, 0x20, 0x20, 0x20, 0x20, 0x20, 0x20, 0x64, 0x69, 0x73, 0x70, 0x6c, 0x61
.byte 0x79, 0x3a, 0x20, 0x62, 0x6c, 0x6f, 0x63, 0x6b, 0x3b, 0x0d, 0x0a, 0x20, 0x20, 0x20, 0x20, 0x20
.byte 0x20, 0x20, 0x20, 0x7d, 0x0d, 0x0a, 0x0d, 0x0a, 0x20, 0x20, 0x20, 0x20, 0x20, 0x20, 0x20, 0x20
.byte 0x2e, 0x69, 0x6e, 0x70, 0x75, 0x74, 0x2d, 0x72, 0x6f, 0x77, 0x20, 0x7b, 0x0d, 0x0a, 0x20, 0x20
.byte 0x20, 0x20, 0x20, 0x20, 0x20, 0x20, 0x20, 0x20, 0x20, 0x20, 0x64, 0x69, 0x73, 0x70, 0x6c, 0x61
.byte 0x79, 0x3a, 0x20, 0x66, 0x6c, 0x65, 0x78, 0x3b, 0x0d, 0x0a, 0x20, 0x20, 0x20, 0x20, 0x20, 0x20
.byte 0x20, 0x20, 0x20, 0x20, 0x20, 0x20, 0x61, 0x6c, 0x69, 0x67, 0x6e, 0x2d, 0x69, 0x74, 0x65, 0x6d
.byte 0x73, 0x3a, 0x20, 0x63, 0x65, 0x6e, 0x74, 0x65, 0x72, 0x3b, 0x0d, 0x0a, 0x20, 0x20, 0x20, 0x20
.byte 0x20, 0x20, 0x20, 0x20, 0x20, 0x20, 0x20, 0x20, 0x6a, 0x75, 0x73, 0x74, 0x69, 0x66, 0x79, 0x2d
.byte 0x63, 0x6f, 0x6e, 0x74, 0x65, 0x6e, 0x74, 0x3a, 0x20, 0x73, 0x70, 0x61, 0x63, 0x65, 0x2d, 0x62
.byte 0x65, 0x74, 0x77, 0x65, 0x65, 0x6e, 0x3b, 0x0d, 0x0a, 0x20, 0x20, 0x20, 0x20, 0x20, 0x20, 0x20
.byte 0x20, 0x20, 0x20, 0x20, 0x20, 0x6d, 0x61, 0x72, 0x67, 0x69, 0x6e, 0x2d, 0x62, 0x6f, 0x74, 0x74
.byte 0x6f, 0x6d, 0x3a, 0x20, 0x35, 0x70, 0x78, 0x3b, 0x0d, 0x0a, 0x20, 0x20, 0x20, 0x20, 0x20, 0x20
.byte 0x20, 0x20, 0x7d, 0x0d, 0x0a, 0x0d, 0x0a, 0x20, 0x20, 0x20, 0x20, 0x20, 0x20, 0x20, 0x20, 0x2e
.byte 0x69, 0x6e, 0x70, 0x75, 0x74, 0x2d, 0x62, 0x6f, 0x78, 0x20, 0x7b, 0x0d, 0x0a, 0x20, 0x20, 0x20
.byte 0x20, 0x20, 0x20, 0x20, 0x20, 0x20, 0x20, 0x20, 0x20, 0x77, 0x69, 0x64, 0x74, 0x68, 0x3a, 0x20
.byte 0x32, 0x30, 0x30, 0x70, 0x78, 0x3b, 0x0d, 0x0a, 0x20, 0x20, 0x20, 0x20, 0x20, 0x20, 0x20, 0x20
.byte 0x20, 0x20, 0x20, 0x20, 0x70, 0x61, 0x64, 0x64, 0x69, 0x6e, 0x67, 0x3a, 0x20, 0x35, 0x70, 0x78
.byte 0x3b, 0x0d, 0x0a, 0x20, 0x20, 0x20, 0x20, 0x20, 0x20, 0x20, 0x20, 0x20, 0x20, 0x20, 0x20, 0x66
.byte 0x6f, 0x6e, 0x74, 0x2d, 0x73, 0x69, 0x7a, 0x65, 0x3a, 0x20, 0x31, 0x72, 0x65, 0x6d, 0x3b, 0x0d
.byte 0x0a, 0x20, 0x20, 0x20, 0x20, 0x20, 0x20, 0x20, 0x20, 0x7d, 0x0d, 0x0a, 0x0d, 0x0a, 0x20, 0x20
.byte 0x20, 0x20, 0x20, 0x20, 0x20, 0x20, 0x2e, 0x69, 0x6e, 0x70, 0x75, 0x74, 0x2d, 0x6c, 0x61, 0x62
.byte 0x65, 0x6c, 0x20, 0x7b, 0x0d, 0x0a, 0x20, 0x20, 0x20, 0x20, 0x20, 0x20, 0x20, 0x20, 0x20, 0x20
.byte 0x20, 0x20, 0x6d, 0x61, 0x72, 0x67, 0x69, 0x6e, 0x2d, 0x6c, 0x65, 0x66, 0x74, 0x3a, 0x20, 0x34
.byte 0x30, 0x70, 0x78, 0x3b, 0x0d, 0x0a, 0x20, 0x20, 0x20, 0x20, 0x20, 0x20, 0x20, 0x20, 0x20, 0x20
.byte 0x20, 0x20, 0x63, 0x6f, 0x6c, 0x6f, 0x72, 0x3a, 0x20, 0x23, 0x35, 0x35, 0x35, 0x3b, 0x0d, 0x0a
.byte 0x20, 0x20, 0x20, 0x20, 0x20, 0x20, 0x20, 0x20, 0x20, 0x20, 0x20, 0x20, 0x66, 0x6f, 0x6e, 0x74
.byte 0x2d, 0x73, 0x69, 0x7a, 0x65, 0x3a, 0x20, 0x31, 0x34, 0x70, 0x78, 0x3b, 0x0d, 0x0a, 0x20, 0x20
.byte 0x20, 0x20, 0x20, 0x20, 0x20, 0x20, 0x7d, 0x0d, 0x0a, 0x0d, 0x0a, 0x20, 0x20, 0x20, 0x20, 0x20
.byte 0x20, 0x20, 0x20, 0x2e, 0x69, 0x6e, 0x70, 0x75, 0x74, 0x2d, 0x72, 0x6f, 0x77, 0x20, 0x69, 0x6e
.byte 0x70, 0x75, 0x74, 0x5b, 0x74, 0x79, 0x70, 0x65, 0x3d, 0x22, 0x74, 0x65, 0x78, 0x74, 0x22, 0x5d
.byte 0x2c, 0x20, 0x0d, 0x0a, 0x20, 0x20, 0x20, 0x20, 0x20, 0x20, 0x20, 0x20, 0x2e, 0x69, 0x6e, 0x70
.byte 0x75, 0x74, 0x2d, 0x72, 0x6f, 0x77, 0x20, 0x69, 0x6e, 0x70, 0x75, 0x74, 0x5b, 0x74, 0x79, 0x70
.byte 0x65, 0x3d, 0x22, 0x6e, 0x75, 0x6d, 0x62, 0x65, 0x72, 0x22, 0x5d, 0x20, 0x7b, 0x0d, 0x0a, 0x20
.byte 0x20, 0x20, 0x20, 0x20, 0x20, 0x20, 0x20, 0x20, 0x20, 0x20, 0x20, 0x77, 0x69, 0x64, 0x74, 0x68
.byte 0x3a, 0x20, 0x31, 0x30, 0x30, 0x70, 0x78, 0x3b, 0x0d, 0x0a, 0x20, 0x20, 0x20, 0x20, 0x20, 0x20
.byte 0x20, 0x20, 0x20, 0x20, 0x20, 0x20, 0x70, 0x61, 0x64, 0x64, 0x69, 0x6e, 0x67, 0x3a, 0x20, 0x38
.byte 0x70, 0x78, 0x3b, 0x0d, 0x0a, 0x20, 0x20, 0x20, 0x20, 0x20, 0x20, 0x20, 0x20, 0x20, 0x20, 0x20
.byte 0x20, 0x62, 0x6f, 0x72, 0x64, 0x65, 0x72, 0x3a, 0x20, 0x31, 0x70, 0x78, 0x20, 0x73, 0x6f, 0x6c
.byte 0x69, 0x64, 0x20, 0x23, 0x63, 0x63, 0x63, 0x3b, 0x0d, 0x0a, 0x20, 0x20, 0x20, 0x20, 0x20, 0x20
.byte 0x20, 0x20, 0x20, 0x20, 0x20, 0x20, 0x62, 0x6f, 0x72, 0x64, 0x65, 0x72, 0x2d, 0x72, 0x61, 0x64
.byte 0x69, 0x75, 0x73, 0x3a, 0x20, 0x34, 0x70, 0x78, 0x3b, 0x0d, 0x0a, 0x20, 0x20, 0x20, 0x20, 0x20
.byte 0x20, 0x20, 0x20, 0x7d, 0x0d, 0x0a, 0x0d, 0x0a, 0x0d, 0x0a, 0x0d, 0x0a, 0x20, 0x20, 0x20, 0x20
.byte 0x20, 0x20, 0x20, 0x20, 0x2e, 0x62, 0x74, 0x6e, 0x20, 0x7b, 0x0d, 0x0a, 0x20, 0x20, 0x20, 0x20
.byte 0x20, 0x20, 0x20, 0x20, 0x20, 0x20, 0x20, 0x20, 0x62, 0x61, 0x63, 0x6b, 0x67, 0x72, 0x6f, 0x75
.byte 0x6e, 0x64, 0x2d, 0x63, 0x6f, 0x6c, 0x6f, 0x72, 0x3a, 0x20, 0x23, 0x32, 0x61, 0x33, 0x66, 0x36
.byte 0x65, 0x3b, 0x0d, 0x0a, 0x20, 0x20, 0x20, 0x20, 0x20, 0x20, 0x20, 0x20, 0x20, 0x20, 0x20, 0x20
.byte 0x63, 0x6f, 0x6c, 0x6f, 0x72, 0x3a, 0x20, 0x77, 0x68, 0x69, 0x74, 0x65, 0x3b, 0x0d, 0x0a, 0x20
.byte 0x20, 0x20, 0x20, 0x20, 0x20, 0x20, 0x20, 0x20, 0x20, 0x20, 0x20, 0x62, 0x6f, 0x72, 0x64, 0x65
.byte 0x72, 0x3a, 0x20, 0x6e, 0x6f, 0x6e, 0x65, 0x3b, 0x0d, 0x0a, 0x20, 0x20, 0x20, 0x20, 0x20, 0x20
.byte 0x20, 0x20, 0x20, 0x20, 0x20, 0x20, 0x70, 0x61, 0x64, 0x64, 0x69, 0x6e, 0x67, 0x3a, 0x20, 0x31
.byte 0x30, 0x70, 0x78, 0x20, 0x32, 0x30, 0x70, 0x78, 0x3b, 0x0d, 0x0a, 0x20, 0x20, 0x20, 0x20, 0x20
.byte 0x20, 0x20, 0x20, 0x20, 0x20, 0x20, 0x20, 0x62, 0x6f, 0x72, 0x64, 0x65, 0x72, 0x2d, 0x72, 0x61
.byte 0x64, 0x69, 0x75, 0x73, 0x3a, 0x20, 0x35, 0x70, 0x78, 0x3b, 0x0d, 0x0a, 0x20, 0x20, 0x20, 0x20
.byte 0x20, 0x20, 0x20, 0x20, 0x20, 0x20, 0x20, 0x20, 0x63, 0x75, 0x72, 0x73, 0x6f, 0x72, 0x3a, 0x20
.byte 0x70, 0x6f, 0x69, 0x6e, 0x74, 0x65, 0x72, 0x3b, 0x0d, 0x0a, 0x20, 0x20, 0x20, 0x20, 0x20, 0x20
.byte 0x20, 0x20, 0x7d, 0x0d, 0x0a, 0x0d, 0x0a, 0x20, 0x20, 0x20, 0x20, 0x20, 0x20, 0x20, 0x20, 0x2e
.byte 0x62, 0x74, 0x6e, 0x3a, 0x68, 0x6f, 0x76, 0x65, 0x72, 0x20, 0x7b, 0x0d, 0x0a, 0x20, 0x20, 0x20
.byte 0x20, 0x20, 0x20, 0x20, 0x20, 0x20, 0x20, 0x20, 0x20, 0x62, 0x61, 0x63, 0x6b, 0x67, 0x72, 0x6f
.byte 0x75, 0x6e, 0x64, 0x2d, 0x63, 0x6f, 0x6c, 0x6f, 0x72, 0x3a, 0x20, 0x23, 0x31, 0x66, 0x32, 0x64
.byte 0x35, 0x30, 0x3b, 0x0d, 0x0a, 0x20, 0x20, 0x20, 0x20, 0x20, 0x20, 0x20, 0x20, 0x7d, 0x0d, 0x0a
.byte 0x0d, 0x0a, 0x20, 0x20, 0x20, 0x20, 0x20, 0x20, 0x20, 0x20, 0x2e, 0x69, 0x6e, 0x70, 0x75, 0x74
.byte 0x2d, 0x72, 0x6f, 0x77, 0x20, 0x69, 0x6e, 0x70, 0x75, 0x74, 0x3a, 0x64, 0x69, 0x73, 0x61, 0x62
.byte 0x6c, 0x65, 0x64, 0x20, 0x7b, 0x0d, 0x0a, 0x20, 0x20, 0x20, 0x20, 0x20, 0x20, 0x20, 0x20, 0x20
.byte 0x20, 0x20, 0x20, 0x62, 0x61, 0x63, 0x6b, 0x67, 0x72, 0x6f, 0x75, 0x6e, 0x64, 0x2d, 0x63, 0x6f
.byte 0x6c, 0x6f, 0x72, 0x3a, 0x20, 0x23, 0x65, 0x39, 0x65, 0x63, 0x65, 0x66, 0x3b, 0x0d, 0x0a, 0x20
.byte 0x20, 0x20, 0x20, 0x20, 0x20, 0x20, 0x20, 0x20, 0x20, 0x20, 0x20, 0x6f, 0x70, 0x61, 0x63, 0x69
.byte 0x74, 0x79, 0x3a, 0x20, 0x30, 0x2e, 0x35, 0x3b, 0x0d, 0x0a, 0x20, 0x20, 0x20, 0x20, 0x20, 0x20
.byte 0x20, 0x20, 0x7d, 0x0d, 0x0a, 0x0d, 0x0a, 0x20, 0x20, 0x20, 0x20, 0x20, 0x20, 0x20, 0x20, 0x68
.byte 0x34, 0x20, 0x7b, 0x0d, 0x0a, 0x20, 0x20, 0x20, 0x20, 0x20, 0x20, 0x20, 0x20, 0x20, 0x20, 0x20
.byte 0x20, 0x74, 0x65, 0x78, 0x74, 0x2d, 0x61, 0x6c, 0x69, 0x67, 0x6e, 0x3a, 0x20, 0x6c, 0x65, 0x66
.byte 0x74, 0x3b, 0x20, 0x2f, 0x2a, 0x20, 0x43, 0xc4, 0x83, 0x6e, 0x20, 0x74, 0x72, 0xc3, 0xa1, 0x69
.byte 0x20, 0x2a, 0x2f, 0x0d, 0x0a, 0x20, 0x20, 0x20, 0x20, 0x20, 0x20, 0x20, 0x20, 0x20, 0x20, 0x20
.byte 0x20, 0x66, 0x6f, 0x6e, 0x74, 0x2d, 0x73, 0x69, 0x7a, 0x65, 0x3a, 0x20, 0x31, 0x2e, 0x35, 0x72
.byte 0x65, 0x6d, 0x3b, 0x20, 0x2f, 0x2a, 0x20, 0x54, 0xc4, 0x83, 0x6e, 0x67, 0x20, 0x6b, 0xc3, 0xad
.byte 0x63, 0x68, 0x20, 0x74, 0x68, 0xc6, 0xb0, 0xe1, 0xbb, 0x9b, 0x63, 0x20, 0x63, 0x68, 0xe1, 0xbb
.byte 0xaf, 0x20, 0x2a, 0x2f, 0x0d, 0x0a, 0x20, 0x20, 0x20, 0x20, 0x20, 0x20, 0x20, 0x20, 0x20, 0x20
.byte 0x20, 0x20, 0x6d, 0x61, 0x72, 0x67, 0x69, 0x6e, 0x3a, 0x20, 0x30, 0x3b, 0x20, 0x2f, 0x2a, 0x20
.byte 0x58, 0xc3, 0xb3, 0x61, 0x20, 0x6b, 0x68, 0x6f, 0xe1, 0xba, 0xa3, 0x6e, 0x67, 0x20, 0x63, 0xc3
.byte 0xa1, 0x63, 0x68, 0x20, 0x6d, 0xe1, 0xba, 0xb7, 0x63, 0x20, 0xc4, 0x91, 0xe1, 0xbb, 0x8b, 0x6e
.byte 0x68, 0x20, 0x2a, 0x2f, 0x0d, 0x0a, 0x20, 0x20, 0x20, 0x20, 0x20, 0x20, 0x20, 0x20, 0x20, 0x20
.byte 0x20, 0x20, 0x6d, 0x61, 0x72, 0x67, 0x69, 0x6e, 0x2d, 0x62, 0x6f, 0x74, 0x74, 0x6f, 0x6d, 0x3a
.byte 0x20, 0x31, 0x35, 0x70, 0x78, 0x3b, 0x0d, 0x0a, 0x20, 0x20, 0x20, 0x20, 0x20, 0x20, 0x20, 0x20
.byte 0x7d, 0x0d, 0x0a, 0x20, 0x20, 0x20, 0x20, 0x20, 0x20, 0x20, 0x20, 0x2f, 0x2a, 0x20, 0x43, 0x53
.byte 0x53, 0x20, 0x63, 0x68, 0x6f, 0x20, 0x70, 0x6f, 0x70, 0x75, 0x70, 0x20, 0x2a, 0x2f, 0x0d, 0x0a
.byte 0x20, 0x20, 0x20, 0x20, 0x20, 0x20, 0x20, 0x20, 0x2e, 0x70, 0x6f, 0x70, 0x75, 0x70, 0x20, 0x7b
.byte 0x0d, 0x0a, 0x20, 0x20, 0x20, 0x20, 0x20, 0x20, 0x20, 0x20, 0x20, 0x20, 0x20, 0x20, 0x64, 0x69
.byte 0x73, 0x70, 0x6c, 0x61, 0x79, 0x3a, 0x20, 0x6e, 0x6f, 0x6e, 0x65, 0x3b, 0x20, 0x2f, 0x2a, 0x20
.byte 0xe1, 0xba, 0xa8, 0x6e, 0x20, 0x70, 0x6f, 0x70, 0x75, 0x70, 0x20, 0x62, 0x61, 0x6e, 0x20, 0xc4
.byte 0x91, 0xe1, 0xba, 0xa7, 0x75, 0x20, 0x2a, 0x2f, 0x0d, 0x0a, 0x20, 0x20, 0x20, 0x20, 0x20, 0x20
.byte 0x20, 0x20, 0x20, 0x20, 0x20, 0x20, 0x70, 0x6f, 0x73, 0x69, 0x74, 0x69, 0x6f, 0x6e, 0x3a, 0x20
.byte 0x66, 0x69, 0x78, 0x65, 0x64, 0x3b, 0x0d, 0x0a, 0x20, 0x20, 0x20, 0x20, 0x20, 0x20, 0x20, 0x20
.byte 0x20, 0x20, 0x20, 0x20, 0x6c, 0x65, 0x66, 0x74, 0x3a, 0x20, 0x35, 0x30, 0x25, 0x3b, 0x0d, 0x0a
.byte 0x20, 0x20, 0x20, 0x20, 0x20, 0x20, 0x20, 0x20, 0x20, 0x20, 0x20, 0x20, 0x74, 0x6f, 0x70, 0x3a
.byte 0x20, 0x35, 0x30, 0x25, 0x3b, 0x0d, 0x0a, 0x20, 0x20, 0x20, 0x20, 0x20, 0x20, 0x20, 0x20, 0x20
.byte 0x20, 0x20, 0x20, 0x74, 0x72, 0x61, 0x6e, 0x73, 0x66, 0x6f, 0x72, 0x6d, 0x3a, 0x20, 0x74, 0x72
.byte 0x61, 0x6e, 0x73, 0x6c, 0x61, 0x74, 0x65, 0x28, 0x2d, 0x35, 0x30, 0x25, 0x2c, 0x20, 0x2d, 0x35
.byte 0x30, 0x25, 0x29, 0x3b, 0x0d, 0x0a, 0x20, 0x20, 0x20, 0x20, 0x20, 0x20, 0x20, 0x20, 0x20, 0x20
.byte 0x20, 0x20, 0x62, 0x61, 0x63, 0x6b, 0x67, 0x72, 0x6f, 0x75, 0x6e, 0x64, 0x2d, 0x63, 0x6f, 0x6c
.byte 0x6f, 0x72, 0x3a, 0x20, 0x77, 0x68, 0x69, 0x74, 0x65, 0x3b, 0x0d, 0x0a, 0x20, 0x20, 0x20, 0x20
.byte 0x20, 0x20, 0x20, 0x20, 0x20, 0x20, 0x20, 0x20, 0x62, 0x6f, 0x72, 0x64, 0x65, 0x72, 0x3a, 0x20
.byte 0x31, 0x70, 0x78, 0x20, 0x73, 0x6f, 0x6c, 0x69, 0x64, 0x20, 0x23, 0x63, 0x63, 0x63, 0x3b, 0x0d
.byte 0x0a, 0x20, 0x20, 0x20, 0x20, 0x20, 0x20, 0x20, 0x20, 0x20, 0x20, 0x20, 0x20, 0x62, 0x6f, 0x72
.byte 0x64, 0x65, 0x72, 0x2d, 0x72, 0x61, 0x64, 0x69, 0x75, 0x73, 0x3a, 0x20, 0x38, 0x70, 0x78, 0x3b
.byte 0x0d, 0x0a, 0x20, 0x20, 0x20, 0x20, 0x20, 0x20, 0x20, 0x20, 0x20, 0x20, 0x20, 0x20, 0x62, 0x6f
.byte 0x78, 0x2d, 0x73, 0x68, 0x61, 0x64, 0x6f, 0x77, 0x3a, 0x20, 0x30, 0x20, 0x30, 0x20, 0x31, 0x30
.byte 0x70, 0x78, 0x20, 0x72, 0x67, 0x62, 0x61, 0x28, 0x30, 0x2c, 0x20, 0x30, 0x2c, 0x20, 0x30, 0x2c
.byte 0x20, 0x30, 0x2e, 0x31, 0x29, 0x3b, 0x0d, 0x0a, 0x20, 0x20, 0x20, 0x20, 0x20, 0x20, 0x20, 0x20
.byte 0x20, 0x20, 0x20, 0x20, 0x7a, 0x2d, 0x69, 0x6e, 0x64, 0x65, 0x78, 0x3a, 0x20, 0x31, 0x30, 0x30
.byte 0x30, 0x3b, 0x0d, 0x0a, 0x20, 0x20, 0x20, 0x20, 0x20, 0x20, 0x20, 0x20, 0x20, 0x20, 0x20, 0x20
.byte 0x70, 0x61, 0x64, 0x64, 0x69, 0x6e, 0x67, 0x3a, 0x20, 0x32, 0x30, 0x70, 0x78, 0x3b, 0x0d, 0x0a
.byte 0x20, 0x20, 0x20, 0x20, 0x20, 0x20, 0x20, 0x20, 0x20, 0x20, 0x20, 0x20, 0x74, 0x65, 0x78, 0x74
.byte 0x2d, 0x61, 0x6c, 0x69, 0x67, 0x6e, 0x3a, 0x20, 0x63, 0x65, 0x6e, 0x74, 0x65, 0x72, 0x3b, 0x0d
.byte 0x0a, 0x20, 0x20, 0x20, 0x20, 0x20, 0x20, 0x20, 0x20, 0x7d, 0x0d, 0x0a, 0x0d, 0x0a, 0x20, 0x20
.byte 0x20, 0x20, 0x20, 0x20, 0x20, 0x20, 0x2e, 0x70, 0x6f, 0x70, 0x75, 0x70, 0x2e, 0x61, 0x63, 0x74
.byte 0x69, 0x76, 0x65, 0x20, 0x7b, 0x0d, 0x0a, 0x20, 0x20, 0x20, 0x20, 0x20, 0x20, 0x20, 0x20, 0x20
.byte 0x20, 0x20, 0x20, 0x64, 0x69, 0x73, 0x70, 0x6c, 0x61, 0x79, 0x3a, 0x20, 0x62, 0x6c, 0x6f, 0x63
.byte 0x6b, 0x3b, 0x20, 0x2f, 0x2a, 0x20, 0x48, 0x69, 0xe1, 0xbb, 0x87, 0x6e, 0x20, 0x70, 0x6f, 0x70
.byte 0x75, 0x70, 0x20, 0x2a, 0x2f, 0x0d, 0x0a, 0x20, 0x20, 0x20, 0x20, 0x20, 0x20, 0x20, 0x20, 0x7d
.byte 0x0d, 0x0a, 0x0d, 0x0a, 0x20, 0x20, 0x20, 0x20, 0x20, 0x20, 0x20, 0x20, 0x2e, 0x70, 0x6f, 0x70
.byte 0x75, 0x70, 0x20, 0x62, 0x75, 0x74, 0x74, 0x6f, 0x6e, 0x20, 0x7b, 0x0d, 0x0a, 0x20, 0x20, 0x20
.byte 0x20, 0x20, 0x20, 0x20, 0x20, 0x20, 0x20, 0x20, 0x20, 0x6d, 0x61, 0x72, 0x67, 0x69, 0x6e, 0x2d
.byte 0x74, 0x6f, 0x70, 0x3a, 0x20, 0x31, 0x30, 0x70, 0x78, 0x3b, 0x0d, 0x0a, 0x20, 0x20, 0x20, 0x20
.byte 0x20, 0x20, 0x20, 0x20, 0x20, 0x20, 0x20, 0x20, 0x70, 0x61, 0x64, 0x64, 0x69, 0x6e, 0x67, 0x3a
.byte 0x20, 0x38, 0x70, 0x78, 0x20, 0x31, 0x32, 0x70, 0x78, 0x3b, 0x0d, 0x0a, 0x20, 0x20, 0x20, 0x20
.byte 0x20, 0x20, 0x20, 0x20, 0x20, 0x20, 0x20, 0x20, 0x62, 0x6f, 0x72, 0x64, 0x65, 0x72, 0x3a, 0x20
.byte 0x6e, 0x6f, 0x6e, 0x65, 0x3b, 0x0d, 0x0a, 0x20, 0x20, 0x20, 0x20, 0x20, 0x20, 0x20, 0x20, 0x20
.byte 0x20, 0x20, 0x20, 0x62, 0x6f, 0x72, 0x64, 0x65, 0x72, 0x2d, 0x72, 0x61, 0x64, 0x69, 0x75, 0x73
.byte 0x3a, 0x20, 0x34, 0x70, 0x78, 0x3b, 0x0d, 0x0a, 0x20, 0x20, 0x20, 0x20, 0x20, 0x20, 0x20, 0x20
.byte 0x20, 0x20, 0x20, 0x20, 0x62, 0x61, 0x63, 0x6b, 0x67, 0x72, 0x6f, 0x75, 0x6e, 0x64, 0x2d, 0x63
.byte 0x6f, 0x6c, 0x6f, 0x72, 0x3a, 0x20, 0x23, 0x66, 0x34, 0x34, 0x33, 0x33, 0x36, 0x3b, 0x20, 0x2f
.byte 0x2a, 0x20, 0x4d, 0xc3, 0xa0, 0x75, 0x20, 0x6e, 0xe1, 0xbb, 0x81, 0x6e, 0x20, 0x2a, 0x2f, 0x0d
.byte 0x0a, 0x20, 0x20, 0x20, 0x20, 0x20, 0x20, 0x20, 0x20, 0x20, 0x20, 0x20, 0x20, 0x63, 0x6f, 0x6c
.byte 0x6f, 0x72, 0x3a, 0x20, 0x77, 0x68, 0x69, 0x74, 0x65, 0x3b, 0x20, 0x2f, 0x2a, 0x20, 0x4d, 0xc3
.byte 0xa0, 0x75, 0x20, 0x63, 0x68, 0xe1, 0xbb, 0xaf, 0x20, 0x2a, 0x2f, 0x0d, 0x0a, 0x20, 0x20, 0x20
.byte 0x20, 0x20, 0x20, 0x20, 0x20, 0x20, 0x20, 0x20, 0x20, 0x63, 0x75, 0x72, 0x73, 0x6f, 0x72, 0x3a
.byte 0x20, 0x70, 0x6f, 0x69, 0x6e, 0x74, 0x65, 0x72, 0x3b, 0x0d, 0x0a, 0x20, 0x20, 0x20, 0x20, 0x20
.byte 0x20, 0x20, 0x20, 0x7d, 0x0d, 0x0a, 0x0d, 0x0a, 0x20, 0x20, 0x20, 0x20, 0x20, 0x20, 0x20, 0x20
.byte 0x2e, 0x6f, 0x76, 0x65, 0x72, 0x6c, 0x61, 0x79, 0x20, 0x7b, 0x0d, 0x0a, 0x20, 0x20, 0x20, 0x20
.byte 0x20, 0x20, 0x20, 0x20, 0x20, 0x20, 0x20, 0x20, 0x64, 0x69, 0x73, 0x70, 0x6c, 0x61, 0x79, 0x3a
.byte 0x20, 0x6e, 0x6f, 0x6e, 0x65, 0x3b, 0x20, 0x2f, 0x2a, 0x20, 0xe1, 0xba, 0xa8, 0x6e, 0x20, 0x6f
.byte 0x76, 0x65, 0x72, 0x6c, 0x61, 0x79, 0x20, 0x62, 0x61, 0x6e, 0x20, 0xc4, 0x91, 0xe1, 0xba, 0xa7
.byte 0x75, 0x20, 0x2a, 0x2f, 0x0d, 0x0a, 0x20, 0x20, 0x20, 0x20, 0x20, 0x20, 0x20, 0x20, 0x20, 0x20
.byte 0x20, 0x20, 0x70, 0x6f, 0x73, 0x69, 0x74, 0x69, 0x6f, 0x6e, 0x3a, 0x20, 0x66, 0x69, 0x78, 0x65
.byte 0x64, 0x3b, 0x0d, 0x0a, 0x20, 0x20, 0x20, 0x20, 0x20, 0x20, 0x20, 0x20, 0x20, 0x20, 0x20, 0x20
.byte 0x74, 0x6f, 0x70, 0x3a, 0x20, 0x30, 0x3b, 0x0d, 0x0a, 0x20, 0x20, 0x20, 0x20, 0x20, 0x20, 0x20
.byte 0x20, 0x20, 0x20, 0x20, 0x20, 0x6c, 0x65, 0x66, 0x74, 0x3a, 0x20, 0x30, 0x3b, 0x0d, 0x0a, 0x20
.byte 0x20, 0x20, 0x20, 0x20, 0x20, 0x20, 0x20, 0x20, 0x20, 0x20, 0x20, 0x72, 0x69, 0x67, 0x68, 0x74
.byte 0x3a, 0x20, 0x30, 0x3b, 0x0d, 0x0a, 0x20, 0x20, 0x20, 0x20, 0x20, 0x20, 0x20, 0x20, 0x20, 0x20
.byte 0x20, 0x20, 0x62, 0x6f, 0x74, 0x74, 0x6f, 0x6d, 0x3a, 0x20, 0x30, 0x3b, 0x0d, 0x0a, 0x20, 0x20
.byte 0x20, 0x20, 0x20, 0x20, 0x20, 0x20, 0x20, 0x20, 0x20, 0x20, 0x62, 0x61, 0x63, 0x6b, 0x67, 0x72
.byte 0x6f, 0x75, 0x6e, 0x64, 0x3a, 0x20, 0x72, 0x67, 0x62, 0x61, 0x28, 0x30, 0x2c, 0x20, 0x30, 0x2c
.byte 0x20, 0x30, 0x2c, 0x20, 0x30, 0x2e, 0x35, 0x29, 0x3b, 0x0d, 0x0a, 0x20, 0x20, 0x20, 0x20, 0x20
.byte 0x20, 0x20, 0x20, 0x20, 0x20, 0x20, 0x20, 0x7a, 0x2d, 0x69, 0x6e, 0x64, 0x65, 0x78, 0x3a, 0x20
.byte 0x39, 0x39, 0x39, 0x3b, 0x20, 0x2f, 0x2a, 0x20, 0x4e, 0xe1, 0xba, 0xb1, 0x6d, 0x20, 0x64, 0xc6
.byte 0xb0, 0xe1, 0xbb, 0x9b, 0x69, 0x20, 0x70, 0x6f, 0x70, 0x75, 0x70, 0x20, 0x2a, 0x2f, 0x0d, 0x0a
.byte 0x20, 0x20, 0x20, 0x20, 0x20, 0x20, 0x20, 0x20, 0x7d, 0x0d, 0x0a, 0x0d, 0x0a, 0x20, 0x20, 0x20
.byte 0x20, 0x20, 0x20, 0x20, 0x20, 0x2e, 0x6f, 0x76, 0x65, 0x72, 0x6c, 0x61, 0x79, 0x2e, 0x61, 0x63
.byte 0x74, 0x69, 0x76, 0x65, 0x20, 0x7b, 0x0d, 0x0a, 0x20, 0x20, 0x20, 0x20, 0x20, 0x20, 0x20, 0x20
.byte 0x20, 0x20, 0x20, 0x20, 0x64, 0x69, 0x73, 0x70, 0x6c, 0x61, 0x79, 0x3a, 0x20, 0x62, 0x6c, 0x6f
.byte 0x63, 0x6b, 0x3b, 0x20, 0x2f, 0x2a, 0x20, 0x48, 0x69, 0xe1, 0xbb, 0x87, 0x6e, 0x20, 0x6f, 0x76
.byte 0x65, 0x72, 0x6c, 0x61, 0x79, 0x20, 0x2a, 0x2f, 0x0d, 0x0a, 0x20, 0x20, 0x20, 0x20, 0x20, 0x20
.byte 0x20, 0x20, 0x7d, 0x0d, 0x0a, 0x20, 0x20, 0x20, 0x20, 0x20, 0x20, 0x20, 0x20, 0x2e, 0x74, 0x61
.byte 0x62, 0x6c, 0x65, 0x5f, 0x63, 0x6f, 0x6d, 0x70, 0x6f, 0x6e, 0x65, 0x6e, 0x74, 0x20, 0x7b, 0x0d
.byte 0x0a, 0x20, 0x20, 0x20, 0x20, 0x20, 0x20, 0x20, 0x20, 0x20, 0x20, 0x20, 0x20, 0x64, 0x69, 0x73
.byte 0x70, 0x6c, 0x61, 0x79, 0x3a, 0x20, 0x62, 0x6c, 0x6f, 0x63, 0x6b, 0x3b, 0x20, 0x0d, 0x0a, 0x20
.byte 0x20, 0x20, 0x20, 0x20, 0x20, 0x20, 0x20, 0x20, 0x20, 0x20, 0x20, 0x6f, 0x76, 0x65, 0x72, 0x66
.byte 0x6c, 0x6f, 0x77, 0x3a, 0x20, 0x61, 0x75, 0x74, 0x6f, 0x3b, 0x0d, 0x0a, 0x20, 0x20, 0x20, 0x20
.byte 0x20, 0x20, 0x20, 0x20, 0x20, 0x20, 0x20, 0x20, 0x77, 0x69, 0x64, 0x74, 0x68, 0x3a, 0x20, 0x36
.byte 0x30, 0x25, 0x3b, 0x0d, 0x0a, 0x20, 0x20, 0x20, 0x20, 0x20, 0x20, 0x20, 0x20, 0x20, 0x20, 0x20
.byte 0x20, 0x6d, 0x61, 0x72, 0x67, 0x69, 0x6e, 0x2d, 0x74, 0x6f, 0x70, 0x3a, 0x20, 0x32, 0x30, 0x70
.byte 0x78, 0x3b, 0x0d, 0x0a, 0x20, 0x20, 0x20, 0x20, 0x20, 0x20, 0x20, 0x20, 0x20, 0x20, 0x20, 0x20
.byte 0x6d, 0x61, 0x72, 0x67, 0x69, 0x6e, 0x2d, 0x6c, 0x65, 0x66, 0x74, 0x3a, 0x20, 0x61, 0x75, 0x74
.byte 0x6f, 0x3b, 0x0d, 0x0a, 0x20, 0x20, 0x20, 0x20, 0x20, 0x20, 0x20, 0x20, 0x20, 0x20, 0x20, 0x20
.byte 0x6d, 0x61, 0x72, 0x67, 0x69, 0x6e, 0x2d, 0x72, 0x69, 0x67, 0x68, 0x74, 0x3a, 0x20, 0x61, 0x75
.byte 0x74, 0x6f, 0x3b, 0x0d, 0x0a, 0x20, 0x20, 0x20, 0x20, 0x20, 0x20, 0x20, 0x20, 0x20, 0x20, 0x20
.byte 0x20, 0x62, 0x6f, 0x72, 0x64, 0x65, 0x72, 0x2d, 0x72, 0x61, 0x64, 0x69, 0x75, 0x73, 0x3a, 0x20
.byte 0x38, 0x70, 0x78, 0x3b, 0x0d, 0x0a, 0x20, 0x20, 0x20, 0x20, 0x20, 0x20, 0x20, 0x20, 0x20, 0x20
.byte 0x20, 0x20, 0x62, 0x6f, 0x78, 0x2d, 0x73, 0x68, 0x61, 0x64, 0x6f, 0x77, 0x3a, 0x20, 0x30, 0x20
.byte 0x34, 0x70, 0x78, 0x20, 0x38, 0x70, 0x78, 0x20, 0x72, 0x67, 0x62, 0x61, 0x28, 0x30, 0x2c, 0x20
.byte 0x30, 0x2c, 0x20, 0x30, 0x2c, 0x20, 0x30, 0x2e, 0x31, 0x29, 0x3b, 0x0d, 0x0a, 0x20, 0x20, 0x20
.byte 0x20, 0x20, 0x20, 0x20, 0x20, 0x7d, 0x0d, 0x0a, 0x0d, 0x0a, 0x20, 0x20, 0x20, 0x20, 0x20, 0x20
.byte 0x20, 0x20, 0x2e, 0x74, 0x61, 0x62, 0x6c, 0x65, 0x5f, 0x63, 0x6f, 0x6d, 0x70, 0x6f, 0x6e, 0x65
.byte 0x6e, 0x74, 0x20, 0x74, 0x61, 0x62, 0x6c, 0x65, 0x20, 0x7b, 0x0d, 0x0a, 0x20, 0x20, 0x20, 0x20
.byte 0x20, 0x20, 0x20, 0x20, 0x20, 0x20, 0x20, 0x20, 0x77, 0x69, 0x64, 0x74, 0x68, 0x3a, 0x20, 0x31
.byte 0x30, 0x30, 0x25, 0x3b, 0x0d, 0x0a, 0x20, 0x20, 0x20, 0x20, 0x20, 0x20, 0x20, 0x20, 0x20, 0x20
.byte 0x20, 0x20, 0x62, 0x6f, 0x72, 0x64, 0x65, 0x72, 0x2d, 0x63, 0x6f, 0x6c, 0x6c, 0x61, 0x70, 0x73
.byte 0x65, 0x3a, 0x20, 0x63, 0x6f, 0x6c, 0x6c, 0x61, 0x70, 0x73, 0x65, 0x3b, 0x0d, 0x0a, 0x20, 0x20
.byte 0x20, 0x20, 0x20, 0x20, 0x20, 0x20, 0x20, 0x20, 0x20, 0x20, 0x74, 0x61, 0x62, 0x6c, 0x65, 0x2d
.byte 0x6c, 0x61, 0x79, 0x6f, 0x75, 0x74, 0x3a, 0x20, 0x66, 0x69, 0x78, 0x65, 0x64, 0x3b, 0x0d, 0x0a
.byte 0x20, 0x20, 0x20, 0x20, 0x20, 0x20, 0x20, 0x20, 0x20, 0x20, 0x20, 0x20, 0x62, 0x61, 0x63, 0x6b
.byte 0x67, 0x72, 0x6f, 0x75, 0x6e, 0x64, 0x2d, 0x63, 0x6f, 0x6c, 0x6f, 0x72, 0x3a, 0x20, 0x23, 0x66
.byte 0x61, 0x66, 0x61, 0x66, 0x61, 0x3b, 0x0d, 0x0a, 0x20, 0x20, 0x20, 0x20, 0x20, 0x20, 0x20, 0x20
.byte 0x20, 0x20, 0x20, 0x20, 0x62, 0x6f, 0x72, 0x64, 0x65, 0x72, 0x2d, 0x72, 0x61, 0x64, 0x69, 0x75
.byte 0x73, 0x3a, 0x20, 0x38, 0x70, 0x78, 0x3b, 0x0d, 0x0a, 0x20, 0x20, 0x20, 0x20, 0x20, 0x20, 0x20
.byte 0x20, 0x20, 0x20, 0x20, 0x20, 0x6f, 0x76, 0x65, 0x72, 0x66, 0x6c, 0x6f, 0x77, 0x3a, 0x20, 0x68
.byte 0x69, 0x64, 0x64, 0x65, 0x6e, 0x3b, 0x0d, 0x0a, 0x20, 0x20, 0x20, 0x20, 0x20, 0x20, 0x20, 0x20
.byte 0x7d, 0x0d, 0x0a, 0x0d, 0x0a, 0x20, 0x20, 0x20, 0x20, 0x20, 0x20, 0x20, 0x20, 0x2e, 0x74, 0x61
.byte 0x62, 0x6c, 0x65, 0x5f, 0x63, 0x6f, 0x6d, 0x70, 0x6f, 0x6e, 0x65, 0x6e, 0x74, 0x20, 0x63, 0x61
.byte 0x70, 0x74, 0x69, 0x6f, 0x6e, 0x20, 0x7b, 0x0d, 0x0a, 0x20, 0x20, 0x20, 0x20, 0x20, 0x20, 0x20
.byte 0x20, 0x20, 0x20, 0x20, 0x20, 0x63, 0x61, 0x70, 0x74, 0x69, 0x6f, 0x6e, 0x2d, 0x73, 0x69, 0x64
.byte 0x65, 0x3a, 0x20, 0x74, 0x6f, 0x70, 0x3b, 0x0d, 0x0a, 0x20, 0x20, 0x20, 0x20, 0x20, 0x20, 0x20
.byte 0x20, 0x20, 0x20, 0x20, 0x20, 0x74, 0x65, 0x78, 0x74, 0x2d, 0x61, 0x6c, 0x69, 0x67, 0x6e, 0x3a
.byte 0x20, 0x6c, 0x65, 0x66, 0x74, 0x3b, 0x0d, 0x0a, 0x20, 0x20, 0x20, 0x20, 0x20, 0x20, 0x20, 0x20
.byte 0x20, 0x20, 0x20, 0x20, 0x66, 0x6f, 0x6e, 0x74, 0x2d, 0x73, 0x69, 0x7a, 0x65, 0x3a, 0x20, 0x31
.byte 0x2e, 0x32, 0x65, 0x6d, 0x3b, 0x0d, 0x0a, 0x20, 0x20, 0x20, 0x20, 0x20, 0x20, 0x20, 0x20, 0x20
.byte 0x20, 0x20, 0x20, 0x6d, 0x61, 0x72, 0x67, 0x69, 0x6e, 0x2d, 0x62, 0x6f, 0x74, 0x74, 0x6f, 0x6d
.byte 0x3a, 0x20, 0x38, 0x70, 0x78, 0x3b, 0x0d, 0x0a, 0x20, 0x20, 0x20, 0x20, 0x20, 0x20, 0x20, 0x20
.byte 0x20, 0x20, 0x20, 0x20, 0x66, 0x6f, 0x6e, 0x74, 0x2d, 0x77, 0x65, 0x69, 0x67, 0x68, 0x74, 0x3a
.byte 0x20, 0x62, 0x6f, 0x6c, 0x64, 0x3b, 0x0d, 0x0a, 0x20, 0x20, 0x20, 0x20, 0x20, 0x20, 0x20, 0x20
.byte 0x20, 0x20, 0x20, 0x20, 0x63, 0x6f, 0x6c, 0x6f, 0x72, 0x3a, 0x20, 0x23, 0x33, 0x33, 0x33, 0x3b
.byte 0x0d, 0x0a, 0x20, 0x20, 0x20, 0x20, 0x20, 0x20, 0x20, 0x20, 0x7d, 0x0d, 0x0a, 0x0d, 0x0a, 0x20
.byte 0x20, 0x20, 0x20, 0x20, 0x20, 0x20, 0x20, 0x2e, 0x74, 0x61, 0x62, 0x6c, 0x65, 0x5f, 0x63, 0x6f
.byte 0x6d, 0x70, 0x6f, 0x6e, 0x65, 0x6e, 0x74, 0x20, 0x74, 0x68, 0x2c, 0x20, 0x2e, 0x74, 0x61, 0x62
.byte 0x6c, 0x65, 0x5f, 0x63, 0x6f, 0x6d, 0x70, 0x6f, 0x6e, 0x65, 0x6e, 0x74, 0x20, 0x74, 0x64, 0x20
.byte 0x7b, 0x0d, 0x0a, 0x20, 0x20, 0x20, 0x20, 0x20, 0x20, 0x20, 0x20, 0x20, 0x20, 0x20, 0x20, 0x62
.byte 0x6f, 0x72, 0x64, 0x65, 0x72, 0x3a, 0x20, 0x31, 0x70, 0x78, 0x20, 0x73, 0x6f, 0x6c, 0x69, 0x64
.byte 0x20, 0x23, 0x64, 0x65, 0x64, 0x65, 0x64, 0x66, 0x3b, 0x0d, 0x0a, 0x20, 0x20, 0x20, 0x20, 0x20
.byte 0x20, 0x20, 0x20, 0x20, 0x20, 0x20, 0x20, 0x70, 0x61, 0x64, 0x64, 0x69, 0x6e, 0x67, 0x3a, 0x20
.byte 0x31, 0x30, 0x70, 0x78, 0x3b, 0x0d, 0x0a, 0x20, 0x20, 0x20, 0x20, 0x20, 0x20, 0x20, 0x20, 0x20
.byte 0x20, 0x20, 0x20, 0x74, 0x65, 0x78, 0x74, 0x2d, 0x61, 0x6c, 0x69, 0x67, 0x6e, 0x3a, 0x20, 0x63
.byte 0x65, 0x6e, 0x74, 0x65, 0x72, 0x3b, 0x0d, 0x0a, 0x20, 0x20, 0x20, 0x20, 0x20, 0x20, 0x20, 0x20
.byte 0x7d, 0x0d, 0x0a, 0x0d, 0x0a, 0x20, 0x20, 0x20, 0x20, 0x20, 0x20, 0x20, 0x20, 0x2e, 0x74, 0x61
.byte 0x62, 0x6c, 0x65, 0x5f, 0x63, 0x6f, 0x6d, 0x70, 0x6f, 0x6e, 0x65, 0x6e, 0x74, 0x20, 0x74, 0x62
.byte 0x6f, 0x64, 0x79, 0x20, 0x74, 0x72, 0x3a, 0x6e, 0x74, 0x68, 0x2d, 0x63, 0x68, 0x69, 0x6c, 0x64
.byte 0x28, 0x6f, 0x64, 0x64, 0x29, 0x20, 0x74, 0x64, 0x20, 0x7b, 0x0d, 0x0a, 0x20, 0x20, 0x20, 0x20
.byte 0x20, 0x20, 0x20, 0x20, 0x20, 0x20, 0x20, 0x20, 0x62, 0x61, 0x63, 0x6b, 0x67, 0x72, 0x6f, 0x75
.byte 0x6e, 0x64, 0x2d, 0x63, 0x6f, 0x6c, 0x6f, 0x72, 0x3a, 0x20, 0x23, 0x66, 0x37, 0x66, 0x37, 0x66
.byte 0x37, 0x3b, 0x0d, 0x0a, 0x20, 0x20, 0x20, 0x20, 0x20, 0x20, 0x20, 0x20, 0x7d, 0x0d, 0x0a, 0x0d
.byte 0x0a, 0x20, 0x20, 0x20, 0x20, 0x20, 0x20, 0x20, 0x20, 0x2e, 0x74, 0x61, 0x62, 0x6c, 0x65, 0x5f
.byte 0x63, 0x6f, 0x6d, 0x70, 0x6f, 0x6e, 0x65, 0x6e, 0x74, 0x20, 0x74, 0x62, 0x6f, 0x64, 0x79, 0x20
.byte 0x74, 0x72, 0x3a, 0x68, 0x6f, 0x76, 0x65, 0x72, 0x20, 0x74, 0x64, 0x20, 0x7b, 0x0d, 0x0a, 0x20
.byte 0x20, 0x20, 0x20, 0x20, 0x20, 0x20, 0x20, 0x20, 0x20, 0x20, 0x20, 0x62, 0x61, 0x63, 0x6b, 0x67
.byte 0x72, 0x6f, 0x75, 0x6e, 0x64, 0x2d, 0x63, 0x6f, 0x6c, 0x6f, 0x72, 0x3a, 0x20, 0x23, 0x65, 0x30
.byte 0x65, 0x30, 0x65, 0x30, 0x3b, 0x0d, 0x0a, 0x20, 0x20, 0x20, 0x20, 0x20, 0x20, 0x20, 0x20, 0x7d
.byte 0x0d, 0x0a, 0x20, 0x20, 0x20, 0x20, 0x20, 0x20, 0x20, 0x20, 0x2e, 0x73, 0x77, 0x69, 0x74, 0x63
.byte 0x68, 0x20, 0x7b, 0x0d, 0x0a, 0x20, 0x20, 0x20, 0x20, 0x20, 0x20, 0x20, 0x20, 0x70, 0x6f, 0x73
.byte 0x69, 0x74, 0x69, 0x6f, 0x6e, 0x3a, 0x20, 0x72, 0x65, 0x6c, 0x61, 0x74, 0x69, 0x76, 0x65, 0x3b
.byte 0x0d, 0x0a, 0x20, 0x20, 0x20, 0x20, 0x20, 0x20, 0x20, 0x20, 0x64, 0x69, 0x73, 0x70, 0x6c, 0x61
.byte 0x79, 0x3a, 0x20, 0x69, 0x6e, 0x6c, 0x69, 0x6e, 0x65, 0x2d, 0x62, 0x6c, 0x6f, 0x63, 0x6b, 0x3b
.byte 0x0d, 0x0a, 0x20, 0x20, 0x20, 0x20, 0x20, 0x20, 0x20, 0x20, 0x77, 0x69, 0x64, 0x74, 0x68, 0x3a
.byte 0x20, 0x36, 0x30, 0x70, 0x78, 0x3b, 0x0d, 0x0a, 0x20, 0x20, 0x20, 0x20, 0x20, 0x20, 0x20, 0x20
.byte 0x68, 0x65, 0x69, 0x67, 0x68, 0x74, 0x3a, 0x20, 0x33, 0x34, 0x70, 0x78, 0x3b, 0x0d, 0x0a, 0x20
.byte 0x20, 0x20, 0x20, 0x20, 0x20, 0x7d, 0x0d, 0x0a, 0x0d, 0x0a, 0x20, 0x20, 0x20, 0x20, 0x20, 0x20
.byte 0x2e, 0x73, 0x77, 0x69, 0x74, 0x63, 0x68, 0x20, 0x69, 0x6e, 0x70, 0x75, 0x74, 0x20, 0x7b, 0x20
.byte 0x0d, 0x0a, 0x20, 0x20, 0x20, 0x20, 0x20, 0x20, 0x20, 0x20, 0x6f, 0x70, 0x61, 0x63, 0x69, 0x74
.byte 0x79, 0x3a, 0x20, 0x30, 0x3b, 0x0d, 0x0a, 0x20, 0x20, 0x20, 0x20, 0x20, 0x20, 0x20, 0x20, 0x77
.byte 0x69, 0x64, 0x74, 0x68, 0x3a, 0x20, 0x30, 0x3b, 0x0d, 0x0a, 0x20, 0x20, 0x20, 0x20, 0x20, 0x20
.byte 0x20, 0x20, 0x68, 0x65, 0x69, 0x67, 0x68, 0x74, 0x3a, 0x20, 0x30, 0x3b, 0x0d, 0x0a, 0x20, 0x20
.byte 0x20, 0x20, 0x20, 0x20, 0x7d, 0x0d, 0x0a, 0x0d, 0x0a, 0x20, 0x20, 0x20, 0x20, 0x20, 0x20, 0x2e
.byte 0x73, 0x6c, 0x69, 0x64, 0x65, 0x72, 0x20, 0x7b, 0x0d, 0x0a, 0x20, 0x20, 0x20, 0x20, 0x20, 0x20
.byte 0x20, 0x20, 0x70, 0x6f, 0x73, 0x69, 0x74, 0x69, 0x6f, 0x6e, 0x3a, 0x20, 0x61, 0x62, 0x73, 0x6f
.byte 0x6c, 0x75, 0x74, 0x65, 0x3b, 0x0d, 0x0a, 0x20, 0x20, 0x20, 0x20, 0x20, 0x20, 0x20, 0x20, 0x63
.byte 0x75, 0x72, 0x73, 0x6f, 0x72, 0x3a, 0x20, 0x70, 0x6f, 0x69, 0x6e, 0x74, 0x65, 0x72, 0x3b, 0x0d
.byte 0x0a, 0x20, 0x20, 0x20, 0x20, 0x20, 0x20, 0x20, 0x20, 0x74, 0x6f, 0x70, 0x3a, 0x20, 0x30, 0x3b
.byte 0x0d, 0x0a, 0x20, 0x20, 0x20, 0x20, 0x20, 0x20, 0x20, 0x20, 0x6c, 0x65, 0x66, 0x74, 0x3a, 0x20
.byte 0x30, 0x3b, 0x0d, 0x0a, 0x20, 0x20, 0x20, 0x20, 0x20, 0x20, 0x20, 0x20, 0x72, 0x69, 0x67, 0x68
.byte 0x74, 0x3a, 0x20, 0x30, 0x3b, 0x0d, 0x0a, 0x20, 0x20, 0x20, 0x20, 0x20, 0x20, 0x20, 0x20, 0x62
.byte 0x6f, 0x74, 0x74, 0x6f, 0x6d, 0x3a, 0x20, 0x30, 0x3b, 0x0d, 0x0a, 0x20, 0x20, 0x20, 0x20, 0x20
.byte 0x20, 0x20, 0x20, 0x62, 0x61, 0x63, 0x6b, 0x67, 0x72, 0x6f, 0x75, 0x6e, 0x64, 0x2d, 0x63, 0x6f
.byte 0x6c, 0x6f, 0x72, 0x3a, 0x20, 0x72, 0x67, 0x62, 0x28, 0x31, 0x32, 0x33, 0x2c, 0x20, 0x31, 0x32
.byte 0x38, 0x2c, 0x20, 0x31, 0x32, 0x33, 0x29, 0x3b, 0x0d, 0x0a, 0x20, 0x20, 0x20, 0x20, 0x20, 0x20
.byte 0x20, 0x20, 0x2d, 0x77, 0x65, 0x62, 0x6b, 0x69, 0x74, 0x2d, 0x74, 0x72, 0x61, 0x6e, 0x73, 0x69
.byte 0x74, 0x69, 0x6f, 0x6e, 0x3a, 0x20, 0x2e, 0x34, 0x73, 0x3b, 0x0d, 0x0a, 0x20, 0x20, 0x20, 0x20
.byte 0x20, 0x20, 0x20, 0x20, 0x74, 0x72, 0x61, 0x6e, 0x73, 0x69, 0x74, 0x69, 0x6f, 0x6e, 0x3a, 0x20
.byte 0x2e, 0x34, 0x73, 0x3b, 0x0d, 0x0a, 0x20, 0x20, 0x20, 0x20, 0x20, 0x20, 0x7d, 0x0d, 0x0a, 0x0d
.byte 0x0a, 0x20, 0x20, 0x20, 0x20, 0x20, 0x20, 0x2e, 0x73, 0x6c, 0x69, 0x64, 0x65, 0x72, 0x3a, 0x62
.byte 0x65, 0x66, 0x6f, 0x72, 0x65, 0x20, 0x7b, 0x0d, 0x0a, 0x20, 0x20, 0x20, 0x20, 0x20, 0x20, 0x20
.byte 0x20, 0x70, 0x6f, 0x73, 0x69, 0x74, 0x69, 0x6f, 0x6e, 0x3a, 0x20, 0x61, 0x62, 0x73, 0x6f, 0x6c
.byte 0x75, 0x74, 0x65, 0x3b, 0x0d, 0x0a, 0x20, 0x20, 0x20, 0x20, 0x20, 0x20, 0x20, 0x20, 0x63, 0x6f
.byte 0x6e, 0x74, 0x65, 0x6e, 0x74, 0x3a, 0x20, 0x22, 0x22, 0x3b, 0x0d, 0x0a, 0x20, 0x20, 0x20, 0x20
.byte 0x20, 0x20, 0x20, 0x20, 0x68, 0x65, 0x69, 0x67, 0x68, 0x74, 0x3a, 0x20, 0x32, 0x36, 0x70, 0x78
.byte 0x3b, 0x0d, 0x0a, 0x20, 0x20, 0x20, 0x20, 0x20, 0x20, 0x20, 0x20, 0x77, 0x69, 0x64, 0x74, 0x68
.byte 0x3a, 0x20, 0x32, 0x36, 0x70, 0x78, 0x3b, 0x0d, 0x0a, 0x20, 0x20, 0x20, 0x20, 0x20, 0x20, 0x20
.byte 0x20, 0x6c, 0x65, 0x66, 0x74, 0x3a, 0x20, 0x34, 0x70, 0x78, 0x3b, 0x0d, 0x0a, 0x20, 0x20, 0x20
.byte 0x20, 0x20, 0x20, 0x20, 0x20, 0x62, 0x6f, 0x74, 0x74, 0x6f, 0x6d, 0x3a, 0x20, 0x34, 0x70, 0x78
.byte 0x3b, 0x0d, 0x0a, 0x20, 0x20, 0x20, 0x20, 0x20, 0x20, 0x20, 0x20, 0x62, 0x61, 0x63, 0x6b, 0x67
.byte 0x72, 0x6f, 0x75, 0x6e, 0x64, 0x2d, 0x63, 0x6f, 0x6c, 0x6f, 0x72, 0x3a, 0x20, 0x77, 0x68, 0x69
.byte 0x74, 0x65, 0x3b, 0x0d, 0x0a, 0x20, 0x20, 0x20, 0x20, 0x20, 0x20, 0x20, 0x20, 0x2d, 0x77, 0x65
.byte 0x62, 0x6b, 0x69, 0x74, 0x2d, 0x74, 0x72, 0x61, 0x6e, 0x73, 0x69, 0x74, 0x69, 0x6f, 0x6e, 0x3a
.byte 0x20, 0x2e, 0x34, 0x73, 0x3b, 0x0d, 0x0a, 0x20, 0x20, 0x20, 0x20, 0x20, 0x20, 0x20, 0x20, 0x74
.byte 0x72, 0x61, 0x6e, 0x73, 0x69, 0x74, 0x69, 0x6f, 0x6e, 0x3a, 0x20, 0x2e, 0x34, 0x73, 0x3b, 0x0d
.byte 0x0a, 0x20, 0x20, 0x20, 0x20, 0x20, 0x20, 0x7d, 0x0d, 0x0a, 0x0d, 0x0a, 0x20, 0x20, 0x20, 0x20
.byte 0x20, 0x20, 0x69, 0x6e, 0x70, 0x75, 0x74, 0x3a, 0x63, 0x68, 0x65, 0x63, 0x6b, 0x65, 0x64, 0x20
.byte 0x2b, 0x20, 0x2e, 0x73, 0x6c, 0x69, 0x64, 0x65, 0x72, 0x20, 0x7b, 0x0d, 0x0a, 0x20, 0x20, 0x20
.byte 0x20, 0x20, 0x20, 0x20, 0x20, 0x62, 0x61, 0x63, 0x6b, 0x67, 0x72, 0x6f, 0x75, 0x6e, 0x64, 0x2d
.byte 0x63, 0x6f, 0x6c, 0x6f, 0x72, 0x3a, 0x20, 0x23, 0x66, 0x33, 0x32, 0x31, 0x32, 0x38, 0x3b, 0x0d
.byte 0x0a, 0x20, 0x20, 0x20, 0x20, 0x20, 0x20, 0x7d, 0x0d, 0x0a, 0x0d, 0x0a, 0x20, 0x20, 0x20, 0x20
.byte 0x20, 0x20, 0x69, 0x6e, 0x70, 0x75, 0x74, 0x3a, 0x66, 0x6f, 0x63, 0x75, 0x73, 0x20, 0x2b, 0x20
.byte 0x2e, 0x73, 0x6c, 0x69, 0x64, 0x65, 0x72, 0x20, 0x7b, 0x0d, 0x0a, 0x20, 0x20, 0x20, 0x20, 0x20
.byte 0x20, 0x20, 0x20, 0x62, 0x6f, 0x78, 0x2d, 0x73, 0x68, 0x61, 0x64, 0x6f, 0x77, 0x3a, 0x20, 0x30
.byte 0x20, 0x30, 0x20, 0x31, 0x70, 0x78, 0x20, 0x23, 0x66, 0x33, 0x32, 0x31, 0x32, 0x38, 0x3b, 0x0d
.byte 0x0a, 0x20, 0x20, 0x20, 0x20, 0x20, 0x20, 0x7d, 0x0d, 0x0a, 0x0d, 0x0a, 0x20, 0x20, 0x20, 0x20
.byte 0x20, 0x20, 0x69, 0x6e, 0x70, 0x75, 0x74, 0x3a, 0x63, 0x68, 0x65, 0x63, 0x6b, 0x65, 0x64, 0x20
.byte 0x2b, 0x20, 0x2e, 0x73, 0x6c, 0x69, 0x64, 0x65, 0x72, 0x3a, 0x62, 0x65, 0x66, 0x6f, 0x72, 0x65
.byte 0x20, 0x7b, 0x0d, 0x0a, 0x20, 0x20, 0x20, 0x20, 0x20, 0x20, 0x20, 0x20, 0x2d, 0x77, 0x65, 0x62
.byte 0x6b, 0x69, 0x74, 0x2d, 0x74, 0x72, 0x61, 0x6e, 0x73, 0x66, 0x6f, 0x72, 0x6d, 0x3a, 0x20, 0x74
.byte 0x72, 0x61, 0x6e, 0x73, 0x6c, 0x61, 0x74, 0x65, 0x58, 0x28, 0x32, 0x36, 0x70, 0x78, 0x29, 0x3b
.byte 0x0d, 0x0a, 0x20, 0x20, 0x20, 0x20, 0x20, 0x20, 0x20, 0x20, 0x2d, 0x6d, 0x73, 0x2d, 0x74, 0x72
.byte 0x61, 0x6e, 0x73, 0x66, 0x6f, 0x72, 0x6d, 0x3a, 0x20, 0x74, 0x72, 0x61, 0x6e, 0x73, 0x6c, 0x61
.byte 0x74, 0x65, 0x58, 0x28, 0x32, 0x36, 0x70, 0x78, 0x29, 0x3b, 0x0d, 0x0a, 0x20, 0x20, 0x20, 0x20
.byte 0x20, 0x20, 0x20, 0x20, 0x74, 0x72, 0x61, 0x6e, 0x73, 0x66, 0x6f, 0x72, 0x6d, 0x3a, 0x20, 0x74
.byte 0x72, 0x61, 0x6e, 0x73, 0x6c, 0x61, 0x74, 0x65, 0x58, 0x28, 0x32, 0x36, 0x70, 0x78, 0x29, 0x3b
.byte 0x0d, 0x0a, 0x20, 0x20, 0x20, 0x20, 0x20, 0x20, 0x7d, 0x0d, 0x0a, 0x20, 0x20, 0x20, 0x20, 0x20
.byte 0x20, 0x2f, 0x2a, 0x20, 0x52, 0x6f, 0x75, 0x6e, 0x64, 0x65, 0x64, 0x20, 0x73, 0x6c, 0x69, 0x64
.byte 0x65, 0x72, 0x73, 0x20, 0x2a, 0x2f, 0x0d, 0x0a, 0x20, 0x20, 0x20, 0x20, 0x20, 0x20, 0x2e, 0x73
.byte 0x6c, 0x69, 0x64, 0x65, 0x72, 0x2e, 0x72, 0x6f, 0x75, 0x6e, 0x64, 0x20, 0x7b, 0x0d, 0x0a, 0x20
.byte 0x20, 0x20, 0x20, 0x20, 0x20, 0x20, 0x20, 0x62, 0x6f, 0x72, 0x64, 0x65, 0x72, 0x2d, 0x72, 0x61
.byte 0x64, 0x69, 0x75, 0x73, 0x3a, 0x20, 0x33, 0x34, 0x70, 0x78, 0x3b, 0x0d, 0x0a, 0x20, 0x20, 0x20
.byte 0x20, 0x20, 0x20, 0x7d, 0x0d, 0x0a, 0x0d, 0x0a, 0x20, 0x20, 0x20, 0x20, 0x20, 0x20, 0x2e, 0x73
.byte 0x6c, 0x69, 0x64, 0x65, 0x72, 0x2e, 0x72, 0x6f, 0x75, 0x6e, 0x64, 0x3a, 0x62, 0x65, 0x66, 0x6f
.byte 0x72, 0x65, 0x20, 0x7b, 0x0d, 0x0a, 0x20, 0x20, 0x20, 0x20, 0x20, 0x20, 0x20, 0x20, 0x62, 0x6f
.byte 0x72, 0x64, 0x65, 0x72, 0x2d, 0x72, 0x61, 0x64, 0x69, 0x75, 0x73, 0x3a, 0x20, 0x35, 0x30, 0x25
.byte 0x3b, 0x0d, 0x0a, 0x20, 0x20, 0x20, 0x20, 0x20, 0x20, 0x7d, 0x0d, 0x0a, 0x0d, 0x0a, 0x20, 0x20
.byte 0x20, 0x20, 0x20, 0x20, 0x2e, 0x6e, 0x6f, 0x74, 0x65, 0x20, 0x7b, 0x0d, 0x0a, 0x20, 0x20, 0x20
.byte 0x20, 0x20, 0x20, 0x20, 0x20, 0x20, 0x20, 0x20, 0x20, 0x66, 0x6f, 0x6e, 0x74, 0x2d, 0x73, 0x74
.byte 0x79, 0x6c, 0x65, 0x3a, 0x20, 0x69, 0x74, 0x61, 0x6c, 0x69, 0x63, 0x3b, 0x0d, 0x0a, 0x20, 0x20
.byte 0x20, 0x20, 0x20, 0x20, 0x20, 0x20, 0x20, 0x20, 0x20, 0x20, 0x63, 0x6f, 0x6c, 0x6f, 0x72, 0x3a
.byte 0x20, 0x23, 0x38, 0x37, 0x38, 0x35, 0x38, 0x35, 0x3b, 0x20, 0x2f, 0x2a, 0x20, 0x4d, 0xc3, 0xa0
.byte 0x75, 0x20, 0x78, 0xc3, 0xa1, 0x6d, 0x20, 0x74, 0x72, 0xe1, 0xba, 0xaf, 0x6e, 0x67, 0x20, 0x2a
.byte 0x2f, 0x0d, 0x0a, 0x20, 0x20, 0x20, 0x20, 0x20, 0x20, 0x20, 0x20, 0x20, 0x20, 0x20, 0x20, 0x66
.byte 0x6f, 0x6e, 0x74, 0x2d, 0x73, 0x69, 0x7a, 0x65, 0x3a, 0x20, 0x31, 0x33, 0x70, 0x78, 0x3b, 0x20
.byte 0x2f, 0x2a, 0x20, 0x43, 0xe1, 0xbb, 0xa1, 0x20, 0x63, 0x68, 0xe1, 0xbb, 0xaf, 0x20, 0x6e, 0x68
.byte 0xe1, 0xbb, 0x8f, 0x20, 0x2a, 0x2f, 0x0d, 0x0a, 0x20, 0x20, 0x20, 0x20, 0x20, 0x20, 0x20, 0x20
.byte 0x20, 0x20, 0x20, 0x20, 0x74, 0x65, 0x78, 0x74, 0x2d, 0x61, 0x6c, 0x69, 0x67, 0x6e, 0x3a, 0x20
.byte 0x6c, 0x65, 0x66, 0x74, 0x3b, 0x20, 0x2f, 0x2a, 0x20, 0x43, 0xc4, 0x83, 0x6e, 0x20, 0x74, 0x72
.byte 0xc3, 0xa1, 0x69, 0x20, 0x2a, 0x2f, 0x0d, 0x0a, 0x20, 0x20, 0x20, 0x20, 0x20, 0x20, 0x20, 0x20
.byte 0x7d, 0x0d, 0x0a, 0x20, 0x20, 0x20, 0x20, 0x20, 0x20, 0x20, 0x20, 0x74, 0x68, 0x2c, 0x20, 0x74
.byte 0x64, 0x20, 0x7b, 0x0d, 0x0a, 0x20, 0x20, 0x20, 0x20, 0x20, 0x20, 0x20, 0x20, 0x20, 0x20, 0x20
.byte 0x20, 0x62, 0x6f, 0x72, 0x64, 0x65, 0x72, 0x3a, 0x20, 0x31, 0x70, 0x78, 0x20, 0x73, 0x6f, 0x6c
.byte 0x69, 0x64, 0x20, 0x23, 0x64, 0x64, 0x64, 0x3b, 0x0d, 0x0a, 0x20, 0x20, 0x20, 0x20, 0x20, 0x20
.byte 0x20, 0x20, 0x20, 0x20, 0x20, 0x20, 0x70, 0x61, 0x64, 0x64, 0x69, 0x6e, 0x67, 0x3a, 0x20, 0x38
.byte 0x70, 0x78, 0x3b, 0x0d, 0x0a, 0x20, 0x20, 0x20, 0x20, 0x20, 0x20, 0x20, 0x20, 0x20, 0x20, 0x20
.byte 0x20, 0x74, 0x65, 0x78, 0x74, 0x2d, 0x61, 0x6c, 0x69, 0x67, 0x6e, 0x3a, 0x20, 0x6c, 0x65, 0x66
.byte 0x74, 0x3b, 0x0d, 0x0a, 0x20, 0x20, 0x20, 0x20, 0x20, 0x20, 0x20, 0x20, 0x7d, 0x0d, 0x0a, 0x20
.byte 0x20, 0x20, 0x20, 0x20, 0x20, 0x20, 0x20, 0x74, 0x68, 0x20, 0x7b, 0x0d, 0x0a, 0x20, 0x20, 0x20
.byte 0x20, 0x20, 0x20, 0x20, 0x20, 0x20, 0x20, 0x20, 0x20, 0x62, 0x61, 0x63, 0x6b, 0x67, 0x72, 0x6f
.byte 0x75, 0x6e, 0x64, 0x2d, 0x63, 0x6f, 0x6c, 0x6f, 0x72, 0x3a, 0x20, 0x23, 0x66, 0x32, 0x66, 0x32
.byte 0x66, 0x32, 0x3b, 0x0d, 0x0a, 0x20, 0x20, 0x20, 0x20, 0x20, 0x20, 0x20, 0x20, 0x7d, 0x0d, 0x0a
.byte 0x20, 0x20, 0x20, 0x20, 0x20, 0x20, 0x20, 0x20, 0x74, 0x68, 0x3a, 0x66, 0x69, 0x72, 0x73, 0x74
.byte 0x2d, 0x63, 0x68, 0x69, 0x6c, 0x64, 0x20, 0x7b, 0x0d, 0x0a, 0x20, 0x20, 0x20, 0x20, 0x20, 0x20
.byte 0x20, 0x20, 0x77, 0x69, 0x64, 0x74, 0x68, 0x3a, 0x20, 0x35, 0x30, 0x70, 0x78, 0x3b, 0x20, 0x2f
.byte 0x2a, 0x20, 0xc4, 0x90, 0xe1, 0xba, 0xb7, 0x74, 0x20, 0x63, 0x68, 0x69, 0xe1, 0xbb, 0x81, 0x75
.byte 0x20, 0x72, 0xe1, 0xbb, 0x99, 0x6e, 0x67, 0x20, 0x63, 0x68, 0x6f, 0x20, 0x63, 0xe1, 0xbb, 0x99
.byte 0x74, 0x20, 0xc4, 0x91, 0xe1, 0xba, 0xa7, 0x75, 0x20, 0x74, 0x69, 0xc3, 0xaa, 0x6e, 0x20, 0x2a
.byte 0x2f, 0x0d, 0x0a, 0x20, 0x20, 0x20, 0x20, 0x20, 0x20, 0x20, 0x20, 0x7d, 0x0d, 0x0a, 0x0d, 0x0a
.byte 0x20, 0x20, 0x20, 0x20, 0x20, 0x20, 0x20, 0x20, 0x2e, 0x63, 0x61, 0x6e, 0x63, 0x65, 0x6c, 0x2d
.byte 0x62, 0x75, 0x74, 0x74, 0x6f, 0x6e, 0x20, 0x7b, 0x0d, 0x0a, 0x20, 0x20, 0x20, 0x20, 0x20, 0x20
.byte 0x20, 0x20, 0x20, 0x20, 0x62, 0x61, 0x63, 0x6b, 0x67, 0x72, 0x6f, 0x75, 0x6e, 0x64, 0x2d, 0x63
.byte 0x6f, 0x6c, 0x6f, 0x72, 0x3a, 0x20, 0x23, 0x66, 0x34, 0x34, 0x33, 0x33, 0x36, 0x3b, 0x20, 0x2f
.byte 0x2a, 0x20, 0x4d, 0xc3, 0xa0, 0x75, 0x20, 0x6e, 0xe1, 0xbb, 0x81, 0x6e, 0x20, 0xc4, 0x91, 0xe1
.byte 0xbb, 0x8f, 0x20, 0x2a, 0x2f, 0x0d, 0x0a, 0x20, 0x20, 0x20, 0x20, 0x20, 0x20, 0x20, 0x20, 0x20
.byte 0x20, 0x63, 0x6f, 0x6c, 0x6f, 0x72, 0x3a, 0x20, 0x77, 0x68, 0x69, 0x74, 0x65, 0x3b, 0x20, 0x2f
.byte 0x2a, 0x20, 0x4d, 0xc3, 0xa0, 0x75, 0x20, 0x63, 0x68, 0xe1, 0xbb, 0xaf, 0x20, 0x74, 0x72, 0xe1
.byte 0xba, 0xaf, 0x6e, 0x67, 0x20, 0x2a, 0x2f, 0x0d, 0x0a, 0x20, 0x20, 0x20, 0x20, 0x20, 0x20, 0x20
.byte 0x20, 0x20, 0x20, 0x62, 0x6f, 0x72, 0x64, 0x65, 0x72, 0x3a, 0x20, 0x6e, 0x6f, 0x6e, 0x65, 0x3b
.byte 0x20, 0x2f, 0x2a, 0x20, 0x42, 0xe1, 0xbb, 0x8f, 0x20, 0x76, 0x69, 0xe1, 0xbb, 0x81, 0x6e, 0x20
.byte 0x2a, 0x2f, 0x0d, 0x0a, 0x20, 0x20, 0x20, 0x20, 0x20, 0x20, 0x20, 0x20, 0x20, 0x20, 0x70, 0x61
.byte 0x64, 0x64, 0x69, 0x6e, 0x67, 0x3a, 0x20, 0x31, 0x34, 0x70, 0x78, 0x20, 0x32, 0x30, 0x70, 0x78
.byte 0x3b, 0x20, 0x2f, 0x2a, 0x20, 0x4b, 0x68, 0x6f, 0xe1, 0xba, 0xa3, 0x6e, 0x67, 0x20, 0x63, 0xc3
.byte 0xa1, 0x63, 0x68, 0x20, 0x62, 0xc3, 0xaa, 0x6e, 0x20, 0x74, 0x72, 0x6f, 0x6e, 0x67, 0x20, 0x6e
.byte 0xc3, 0xba, 0x74, 0x20, 0x2a, 0x2f, 0x0d, 0x0a, 0x20, 0x20, 0x20, 0x20, 0x20, 0x20, 0x20, 0x20
.byte 0x20, 0x20, 0x66, 0x6f, 0x6e, 0x74, 0x2d, 0x73, 0x69, 0x7a, 0x65, 0x3a, 0x20, 0x31, 0x30, 0x70
.byte 0x78, 0x3b, 0x20, 0x2f, 0x2a, 0x20, 0x4b, 0xc3, 0xad, 0x63, 0x68, 0x20, 0x74, 0x68, 0xc6, 0xb0
.byte 0xe1, 0xbb, 0x9b, 0x63, 0x20, 0x63, 0x68, 0xe1, 0xbb, 0xaf, 0x20, 0x2a, 0x2f, 0x0d, 0x0a, 0x20
.byte 0x20, 0x20, 0x20, 0x20, 0x20, 0x20, 0x20, 0x20, 0x20, 0x63, 0x75, 0x72, 0x73, 0x6f, 0x72, 0x3a
.byte 0x20, 0x70, 0x6f, 0x69, 0x6e, 0x74, 0x65, 0x72, 0x3b, 0x20, 0x2f, 0x2a, 0x20, 0x54, 0x68, 0x61
.byte 0x79, 0x20, 0xc4, 0x91, 0xe1, 0xbb, 0x95, 0x69, 0x20, 0x63, 0x6f, 0x6e, 0x20, 0x74, 0x72, 0xe1
.byte 0xbb, 0x8f, 0x20, 0x6b, 0x68, 0x69, 0x20, 0x6e, 0x68, 0xe1, 0xba, 0xa5, 0x6e, 0x20, 0x76, 0xc3
.byte 0xa0, 0x6f, 0x20, 0x2a, 0x2f, 0x0d, 0x0a, 0x20, 0x20, 0x20, 0x20, 0x20, 0x20, 0x20, 0x20, 0x20
.byte 0x20, 0x62, 0x6f, 0x72, 0x64, 0x65, 0x72, 0x2d, 0x72, 0x61, 0x64, 0x69, 0x75, 0x73, 0x3a, 0x20
.byte 0x35, 0x70, 0x78, 0x3b, 0x20, 0x2f, 0x2a, 0x20, 0x42, 0x6f, 0x20, 0x74, 0x72, 0xc3, 0xb2, 0x6e
.byte 0x20, 0x67, 0xc3, 0xb3, 0x63, 0x20, 0x6e, 0xc3, 0xba, 0x74, 0x20, 0x2a, 0x2f, 0x0d, 0x0a, 0x20
.byte 0x20, 0x20, 0x20, 0x20, 0x20, 0x20, 0x20, 0x20, 0x20, 0x74, 0x72, 0x61, 0x6e, 0x73, 0x69, 0x74
.byte 0x69, 0x6f, 0x6e, 0x3a, 0x20, 0x62, 0x61, 0x63, 0x6b, 0x67, 0x72, 0x6f, 0x75, 0x6e, 0x64, 0x2d
.byte 0x63, 0x6f, 0x6c, 0x6f, 0x72, 0x20, 0x30, 0x2e, 0x33, 0x73, 0x20, 0x65, 0x61, 0x73, 0x65, 0x3b
.byte 0x0d, 0x0a, 0x20, 0x20, 0x20, 0x20, 0x20, 0x20, 0x20, 0x20, 0x7d, 0x0d, 0x0a, 0x0d, 0x0a, 0x20
.byte 0x20, 0x20, 0x20, 0x20, 0x20, 0x20, 0x20, 0x2e, 0x63, 0x61, 0x6e, 0x63, 0x65, 0x6c, 0x2d, 0x62
.byte 0x75, 0x74, 0x74, 0x6f, 0x6e, 0x3a, 0x61, 0x63, 0x74, 0x69, 0x76, 0x65, 0x20, 0x7b, 0x0d, 0x0a
.byte 0x20, 0x20, 0x20, 0x20, 0x20, 0x20, 0x20, 0x20, 0x20, 0x20, 0x62, 0x61, 0x63, 0x6b, 0x67, 0x72
.byte 0x6f, 0x75, 0x6e, 0x64, 0x2d, 0x63, 0x6f, 0x6c, 0x6f, 0x72, 0x3a, 0x20, 0x20, 0x23, 0x30, 0x34
.byte 0x41, 0x41, 0x36, 0x44, 0x3b, 0x3b, 0x20, 0x2f, 0x2a, 0x20, 0x4d, 0xc3, 0xa0, 0x75, 0x20, 0x6e
.byte 0xe1, 0xbb, 0x81, 0x6e, 0x20, 0x6b, 0x68, 0x69, 0x20, 0x6e, 0x68, 0xe1, 0xba, 0xa5, 0x6e, 0x20
.byte 0x2a, 0x2f, 0x0d, 0x0a, 0x20, 0x20, 0x20, 0x20, 0x20, 0x20, 0x20, 0x20, 0x20, 0x20, 0x62, 0x6f
.byte 0x78, 0x2d, 0x73, 0x68, 0x61, 0x64, 0x6f, 0x77, 0x3a, 0x20, 0x30, 0x20, 0x34, 0x70, 0x78, 0x20
.byte 0x23, 0x36, 0x36, 0x36, 0x3b, 0x20, 0x2f, 0x2a, 0x20, 0xc4, 0x90, 0xe1, 0xbb, 0x95, 0x20, 0x62
.byte 0xc3, 0xb3, 0x6e, 0x67, 0x20, 0x6b, 0x68, 0x69, 0x20, 0x6e, 0x68, 0xe1, 0xba, 0xa5, 0x6e, 0x20
.byte 0x2a, 0x2f, 0x0d, 0x0a, 0x20, 0x20, 0x20, 0x20, 0x20, 0x20, 0x20, 0x20, 0x20, 0x20, 0x74, 0x72
.byte 0x61, 0x6e, 0x73, 0x66, 0x6f, 0x72, 0x6d, 0x3a, 0x20, 0x74, 0x72, 0x61, 0x6e, 0x73, 0x6c, 0x61
.byte 0x74, 0x65, 0x59, 0x28, 0x30, 0x2e, 0x35, 0x70, 0x78, 0x29, 0x3b, 0x20, 0x2f, 0x2a, 0x20, 0x48
.byte 0x69, 0xe1, 0xbb, 0x87, 0x75, 0x20, 0xe1, 0xbb, 0xa9, 0x6e, 0x67, 0x20, 0x6e, 0x68, 0xe1, 0xba
.byte 0xa5, 0x6e, 0x20, 0x6e, 0xc3, 0xba, 0x74, 0x20, 0x78, 0x75, 0xe1, 0xbb, 0x91, 0x6e, 0x67, 0x20
.byte 0x2a, 0x2f, 0x0d, 0x0a, 0x20, 0x20, 0x20, 0x20, 0x20, 0x20, 0x20, 0x20, 0x7d, 0x0d, 0x0a, 0x0d
.byte 0x0a, 0x20, 0x20, 0x20, 0x20, 0x20, 0x20, 0x20, 0x20, 0x2f, 0x2a, 0x20, 0x43, 0x65, 0x6e, 0x74
.byte 0x65, 0x72, 0x20, 0x74, 0x68, 0x65, 0x20, 0x69, 0x6d, 0x61, 0x67, 0x65, 0x20, 0x61, 0x6e, 0x64
.byte 0x20, 0x70, 0x6f, 0x73, 0x69, 0x74, 0x69, 0x6f, 0x6e, 0x20, 0x74, 0x68, 0x65, 0x20, 0x63, 0x6c
.byte 0x6f, 0x73, 0x65, 0x20, 0x62, 0x75, 0x74, 0x74, 0x6f, 0x6e, 0x20, 0x2a, 0x2f, 0x0d, 0x0a, 0x20
.byte 0x20, 0x20, 0x20, 0x20, 0x20, 0x20, 0x20, 0x2e, 0x69, 0x6d, 0x67, 0x63, 0x6f, 0x6e, 0x74, 0x61
.byte 0x69, 0x6e, 0x65, 0x72, 0x20, 0x7b, 0x0d, 0x0a, 0x20, 0x20, 0x20, 0x20, 0x20, 0x20, 0x20, 0x20
.byte 0x74, 0x65, 0x78, 0x74, 0x2d, 0x61, 0x6c, 0x69, 0x67, 0x6e, 0x3a, 0x20, 0x63, 0x65, 0x6e, 0x74
.byte 0x65, 0x72, 0x3b, 0x0d, 0x0a, 0x20, 0x20, 0x20, 0x20, 0x20, 0x20, 0x20, 0x20, 0x6d, 0x61, 0x72
.byte 0x67, 0x69, 0x6e, 0x3a, 0x20, 0x32, 0x34, 0x70, 0x78, 0x20, 0x30, 0x20, 0x31, 0x32, 0x70, 0x78
.byte 0x20, 0x30, 0x3b, 0x0d, 0x0a, 0x20, 0x20, 0x20, 0x20, 0x20, 0x20, 0x20, 0x20, 0x70, 0x6f, 0x73
.byte 0x69, 0x74, 0x69, 0x6f, 0x6e, 0x3a, 0x20, 0x72, 0x65, 0x6c, 0x61, 0x74, 0x69, 0x76, 0x65, 0x3b
.byte 0x0d, 0x0a, 0x20, 0x20, 0x20, 0x20, 0x20, 0x20, 0x20, 0x20, 0x7d, 0x0d, 0x0a, 0x0d, 0x0a, 0x20
.byte 0x20, 0x20, 0x20, 0x20, 0x20, 0x20, 0x20, 0x69, 0x6d, 0x67, 0x2e, 0x61, 0x76, 0x61, 0x74, 0x61
.byte 0x72, 0x20, 0x7b, 0x0d, 0x0a, 0x20, 0x20, 0x20, 0x20, 0x20, 0x20, 0x20, 0x20, 0x77, 0x69, 0x64
.byte 0x74, 0x68, 0x3a, 0x20, 0x32, 0x30, 0x25, 0x3b, 0x0d, 0x0a, 0x20, 0x20, 0x20, 0x20, 0x20, 0x20
.byte 0x20, 0x20, 0x62, 0x6f, 0x72, 0x64, 0x65, 0x72, 0x2d, 0x72, 0x61, 0x64, 0x69, 0x75, 0x73, 0x3a
.byte 0x20, 0x30, 0x25, 0x3b, 0x0d, 0x0a, 0x20, 0x20, 0x20, 0x20, 0x20, 0x20, 0x20, 0x20, 0x7d, 0x0d
.byte 0x0a, 0x0d, 0x0a, 0x20, 0x20, 0x20, 0x20, 0x20, 0x20, 0x20, 0x20, 0x2e, 0x63, 0x6f, 0x6e, 0x74
.byte 0x61, 0x69, 0x6e, 0x65, 0x72, 0x2d, 0x70, 0x6f, 0x70, 0x20, 0x7b, 0x0d, 0x0a, 0x20, 0x20, 0x20
.byte 0x20, 0x20, 0x20, 0x20, 0x20, 0x0d, 0x0a, 0x20, 0x20, 0x20, 0x20, 0x20, 0x20, 0x20, 0x20, 0x70
.byte 0x61, 0x64, 0x64, 0x69, 0x6e, 0x67, 0x3a, 0x20, 0x31, 0x36, 0x70, 0x78, 0x3b, 0x0d, 0x0a, 0x20
.byte 0x20, 0x20, 0x20, 0x20, 0x20, 0x20, 0x20, 0x7d, 0x0d, 0x0a, 0x0d, 0x0a, 0x20, 0x20, 0x20, 0x20
.byte 0x20, 0x20, 0x20, 0x20, 0x73, 0x70, 0x61, 0x6e, 0x2e, 0x70, 0x73, 0x77, 0x20, 0x7b, 0x0d, 0x0a
.byte 0x20, 0x20, 0x20, 0x20, 0x20, 0x20, 0x20, 0x20, 0x66, 0x6c, 0x6f, 0x61, 0x74, 0x3a, 0x20, 0x72
.byte 0x69, 0x67, 0x68, 0x74, 0x3b, 0x0d, 0x0a, 0x20, 0x20, 0x20, 0x20, 0x20, 0x20, 0x20, 0x20, 0x70
.byte 0x61, 0x64, 0x64, 0x69, 0x6e, 0x67, 0x2d, 0x74, 0x6f, 0x70, 0x3a, 0x20, 0x31, 0x36, 0x70, 0x78
.byte 0x3b, 0x0d, 0x0a, 0x20, 0x20, 0x20, 0x20, 0x20, 0x20, 0x20, 0x20, 0x7d, 0x0d, 0x0a, 0x0d, 0x0a
.byte 0x20, 0x20, 0x20, 0x20, 0x20, 0x20, 0x20, 0x20, 0x2f, 0x2a, 0x20, 0x54, 0x68, 0x65, 0x20, 0x4d
.byte 0x6f, 0x64, 0x61, 0x6c, 0x20, 0x28, 0x62, 0x61, 0x63, 0x6b, 0x67, 0x72, 0x6f, 0x75, 0x6e, 0x64
.byte 0x29, 0x20, 0x2a, 0x2f, 0x0d, 0x0a, 0x20, 0x20, 0x20, 0x20, 0x20, 0x20, 0x20, 0x20, 0x2e, 0x6d
.byte 0x6f, 0x64, 0x61, 0x6c, 0x20, 0x7b, 0x0d, 0x0a, 0x20, 0x20, 0x20, 0x20, 0x20, 0x20, 0x20, 0x20
.byte 0x64, 0x69, 0x73, 0x70, 0x6c, 0x61, 0x79, 0x3a, 0x20, 0x62, 0x6c, 0x6f, 0x63, 0x6b, 0x3b, 0x20
.byte 0x2f, 0x2a, 0x20, 0x48, 0x69, 0xe1, 0xbb, 0x83, 0x6e, 0x20, 0x74, 0x68, 0xe1, 0xbb, 0x8b, 0x20
.byte 0x6d, 0x6f, 0x64, 0x61, 0x6c, 0x20, 0x6e, 0x67, 0x61, 0x79, 0x20, 0x6b, 0x68, 0x69, 0x20, 0x74
.byte 0xe1, 0xba, 0xa3, 0x69, 0x20, 0x74, 0x72, 0x61, 0x6e, 0x67, 0x20, 0x2a, 0x2f, 0x0d, 0x0a, 0x20
.byte 0x20, 0x20, 0x20, 0x20, 0x20, 0x20, 0x20, 0x70, 0x6f, 0x73, 0x69, 0x74, 0x69, 0x6f, 0x6e, 0x3a
.byte 0x20, 0x66, 0x69, 0x78, 0x65, 0x64, 0x3b, 0x0d, 0x0a, 0x20, 0x20, 0x20, 0x20, 0x20, 0x20, 0x20
.byte 0x20, 0x7a, 0x2d, 0x69, 0x6e, 0x64, 0x65, 0x78, 0x3a, 0x20, 0x31, 0x3b, 0x0d, 0x0a, 0x20, 0x20
.byte 0x20, 0x20, 0x20, 0x20, 0x20, 0x20, 0x6c, 0x65, 0x66, 0x74, 0x3a, 0x20, 0x30, 0x3b, 0x0d, 0x0a
.byte 0x20, 0x20, 0x20, 0x20, 0x20, 0x20, 0x20, 0x20, 0x74, 0x6f, 0x70, 0x3a, 0x20, 0x30, 0x3b, 0x0d
.byte 0x0a, 0x20, 0x20, 0x20, 0x20, 0x20, 0x20, 0x20, 0x20, 0x77, 0x69, 0x64, 0x74, 0x68, 0x3a, 0x20
.byte 0x31, 0x30, 0x30, 0x25, 0x3b, 0x0d, 0x0a, 0x20, 0x20, 0x20, 0x20, 0x20, 0x20, 0x20, 0x20, 0x68
.byte 0x65, 0x69, 0x67, 0x68, 0x74, 0x3a, 0x20, 0x31, 0x30, 0x30, 0x25, 0x3b, 0x0d, 0x0a, 0x20, 0x20
.byte 0x20, 0x20, 0x20, 0x20, 0x20, 0x20, 0x6f, 0x76, 0x65, 0x72, 0x66, 0x6c, 0x6f, 0x77, 0x3a, 0x20
.byte 0x61, 0x75, 0x74, 0x6f, 0x3b, 0x0d, 0x0a, 0x20, 0x20, 0x20, 0x20, 0x20, 0x20, 0x20, 0x20, 0x62
.byte 0x61, 0x63, 0x6b, 0x67, 0x72, 0x6f, 0x75, 0x6e, 0x64, 0x2d, 0x63, 0x6f, 0x6c, 0x6f, 0x72, 0x3a
.byte 0x20, 0x72, 0x67, 0x62, 0x28, 0x30, 0x2c, 0x30, 0x2c, 0x30, 0x29, 0x3b, 0x0d, 0x0a, 0x20, 0x20
.byte 0x20, 0x20, 0x20, 0x20, 0x20, 0x20, 0x62, 0x61, 0x63, 0x6b, 0x67, 0x72, 0x6f, 0x75, 0x6e, 0x64
.byte 0x2d, 0x63, 0x6f, 0x6c, 0x6f, 0x72, 0x3a, 0x20, 0x72, 0x67, 0x62, 0x61, 0x28, 0x30, 0x2c, 0x30
.byte 0x2c, 0x30, 0x2c, 0x30, 0x2e, 0x34, 0x29, 0x3b, 0x0d, 0x0a, 0x20, 0x20, 0x20, 0x20, 0x20, 0x20
.byte 0x20, 0x20, 0x70, 0x61, 0x64, 0x64, 0x69, 0x6e, 0x67, 0x2d, 0x74, 0x6f, 0x70, 0x3a, 0x20, 0x36
.byte 0x30, 0x70, 0x78, 0x3b, 0x0d, 0x0a, 0x20, 0x20, 0x20, 0x20, 0x20, 0x20, 0x20, 0x20, 0x7d, 0x0d
.byte 0x0a, 0x0d, 0x0a, 0x20, 0x20, 0x20, 0x20, 0x20, 0x20, 0x20, 0x20, 0x2f, 0x2a, 0x20, 0x4d, 0x6f
.byte 0x64, 0x61, 0x6c, 0x20, 0x43, 0x6f, 0x6e, 0x74, 0x65, 0x6e, 0x74, 0x2f, 0x42, 0x6f, 0x78, 0x20
.byte 0x2a, 0x2f, 0x0d, 0x0a, 0x20, 0x20, 0x20, 0x20, 0x20, 0x20, 0x20, 0x20, 0x2e, 0x6d, 0x6f, 0x64
.byte 0x61, 0x6c, 0x2d, 0x63, 0x6f, 0x6e, 0x74, 0x65, 0x6e, 0x74, 0x2d, 0x70, 0x6f, 0x70, 0x20, 0x7b
.byte 0x0d, 0x0a, 0x20, 0x20, 0x20, 0x20, 0x20, 0x20, 0x20, 0x20, 0x62, 0x61, 0x63, 0x6b, 0x67, 0x72
.byte 0x6f, 0x75, 0x6e, 0x64, 0x2d, 0x63, 0x6f, 0x6c, 0x6f, 0x72, 0x3a, 0x20, 0x23, 0x66, 0x65, 0x66
.byte 0x65, 0x66, 0x65, 0x3b, 0x0d, 0x0a, 0x20, 0x20, 0x20, 0x20, 0x20, 0x20, 0x20, 0x20, 0x6d, 0x61
.byte 0x72, 0x67, 0x69, 0x6e, 0x3a, 0x20, 0x35, 0x25, 0x20, 0x61, 0x75, 0x74, 0x6f, 0x20, 0x31, 0x35
.byte 0x25, 0x20, 0x61, 0x75, 0x74, 0x6f, 0x3b, 0x0d, 0x0a, 0x20, 0x20, 0x20, 0x20, 0x20, 0x20, 0x20
.byte 0x20, 0x62, 0x6f, 0x72, 0x64, 0x65, 0x72, 0x3a, 0x20, 0x36, 0x70, 0x78, 0x20, 0x73, 0x6f, 0x6c
.byte 0x69, 0x64, 0x20, 0x23, 0x30, 0x30, 0x36, 0x31, 0x66, 0x66, 0x3b, 0x20, 0x2f, 0x2a, 0x20, 0x56
.byte 0x69, 0xe1, 0xbb, 0x81, 0x6e, 0x20, 0x78, 0x61, 0x6e, 0x68, 0x20, 0x6e, 0xc6, 0xb0, 0xe1, 0xbb
.byte 0x9b, 0x63, 0x20, 0x62, 0x69, 0xe1, 0xbb, 0x83, 0x6e, 0x20, 0x2a, 0x2f, 0x0d, 0x0a, 0x20, 0x20
.byte 0x20, 0x20, 0x20, 0x20, 0x20, 0x20, 0x77, 0x69, 0x64, 0x74, 0x68, 0x3a, 0x20, 0x32, 0x32, 0x25
.byte 0x3b, 0x0d, 0x0a, 0x20, 0x20, 0x20, 0x20, 0x20, 0x20, 0x20, 0x20, 0x7d, 0x0d, 0x0a, 0x0d, 0x0a
.byte 0x0d, 0x0a, 0x0d, 0x0a, 0x20, 0x20, 0x20, 0x20, 0x20, 0x20, 0x20, 0x20, 0x2f, 0x2a, 0x20, 0x41
.byte 0x64, 0x64, 0x20, 0x5a, 0x6f, 0x6f, 0x6d, 0x20, 0x41, 0x6e, 0x69, 0x6d, 0x61, 0x74, 0x69, 0x6f
.byte 0x6e, 0x20, 0x2a, 0x2f, 0x0d, 0x0a, 0x20, 0x20, 0x20, 0x20, 0x20, 0x20, 0x20, 0x20, 0x2e, 0x61
.byte 0x6e, 0x69, 0x6d, 0x61, 0x74, 0x65, 0x20, 0x7b, 0x0d, 0x0a, 0x20, 0x20, 0x20, 0x20, 0x20, 0x20
.byte 0x20, 0x20, 0x2d, 0x77, 0x65, 0x62, 0x6b, 0x69, 0x74, 0x2d, 0x61, 0x6e, 0x69, 0x6d, 0x61, 0x74
.byte 0x69, 0x6f, 0x6e, 0x3a, 0x20, 0x61, 0x6e, 0x69, 0x6d, 0x61, 0x74, 0x65, 0x7a, 0x6f, 0x6f, 0x6d
.byte 0x20, 0x30, 0x2e, 0x36, 0x73, 0x3b, 0x0d, 0x0a, 0x20, 0x20, 0x20, 0x20, 0x20, 0x20, 0x20, 0x20
.byte 0x61, 0x6e, 0x69, 0x6d, 0x61, 0x74, 0x69, 0x6f, 0x6e, 0x3a, 0x20, 0x61, 0x6e, 0x69, 0x6d, 0x61
.byte 0x74, 0x65, 0x7a, 0x6f, 0x6f, 0x6d, 0x20, 0x30, 0x2e, 0x36, 0x73, 0x0d, 0x0a, 0x20, 0x20, 0x20
.byte 0x20, 0x20, 0x20, 0x20, 0x20, 0x7d, 0x0d, 0x0a, 0x0d, 0x0a, 0x20, 0x20, 0x20, 0x20, 0x20, 0x20
.byte 0x20, 0x20, 0x40, 0x2d, 0x77, 0x65, 0x62, 0x6b, 0x69, 0x74, 0x2d, 0x6b, 0x65, 0x79, 0x66, 0x72
.byte 0x61, 0x6d, 0x65, 0x73, 0x20, 0x61, 0x6e, 0x69, 0x6d, 0x61, 0x74, 0x65, 0x7a, 0x6f, 0x6f, 0x6d
.byte 0x20, 0x7b, 0x0d, 0x0a, 0x20, 0x20, 0x20, 0x20, 0x20, 0x20, 0x20, 0x20, 0x66, 0x72, 0x6f, 0x6d
.byte 0x20, 0x7b, 0x2d, 0x77, 0x65, 0x62, 0x6b, 0x69, 0x74, 0x2d, 0x74, 0x72, 0x61, 0x6e, 0x73, 0x66
.byte 0x6f, 0x72, 0x6d, 0x3a, 0x20, 0x73, 0x63, 0x61, 0x6c, 0x65, 0x28, 0x30, 0x29, 0x7d, 0x20, 0x0d
.byte 0x0a, 0x20, 0x20, 0x20, 0x20, 0x20, 0x20, 0x20, 0x20, 0x74, 0x6f, 0x20, 0x7b, 0x2d, 0x77, 0x65
.byte 0x62, 0x6b, 0x69, 0x74, 0x2d, 0x74, 0x72, 0x61, 0x6e, 0x73, 0x66, 0x6f, 0x72, 0x6d, 0x3a, 0x20
.byte 0x73, 0x63, 0x61, 0x6c, 0x65, 0x28, 0x31, 0x29, 0x7d, 0x0d, 0x0a, 0x20, 0x20, 0x20, 0x20, 0x20
.byte 0x20, 0x20, 0x20, 0x7d, 0x0d, 0x0a, 0x20, 0x20, 0x20, 0x20, 0x20, 0x20, 0x20, 0x20, 0x0d, 0x0a
.byte 0x20, 0x20, 0x20, 0x20, 0x20, 0x20, 0x20, 0x20, 0x40, 0x6b, 0x65, 0x79, 0x66, 0x72, 0x61, 0x6d
.byte 0x65, 0x73, 0x20, 0x61, 0x6e, 0x69, 0x6d, 0x61, 0x74, 0x65, 0x7a, 0x6f, 0x6f, 0x6d, 0x20, 0x7b
.byte 0x0d, 0x0a, 0x20, 0x20, 0x20, 0x20, 0x20, 0x20, 0x20, 0x20, 0x66, 0x72, 0x6f, 0x6d, 0x20, 0x7b
.byte 0x74, 0x72, 0x61, 0x6e, 0x73, 0x66, 0x6f, 0x72, 0x6d, 0x3a, 0x20, 0x73, 0x63, 0x61, 0x6c, 0x65
.byte 0x28, 0x30, 0x29, 0x7d, 0x20, 0x0d, 0x0a, 0x20, 0x20, 0x20, 0x20, 0x20, 0x20, 0x20, 0x20, 0x74
.byte 0x6f, 0x20, 0x7b, 0x74, 0x72, 0x61, 0x6e, 0x73, 0x66, 0x6f, 0x72, 0x6d, 0x3a, 0x20, 0x73, 0x63
.byte 0x61, 0x6c, 0x65, 0x28, 0x31, 0x29, 0x7d, 0x0d, 0x0a, 0x20, 0x20, 0x20, 0x20, 0x20, 0x20, 0x20
.byte 0x20, 0x7d, 0x0d, 0x0a, 0x0d, 0x0a, 0x20, 0x20, 0x20, 0x20, 0x20, 0x20, 0x20, 0x20, 0x2f, 0x2a
.byte 0x20, 0x43, 0x68, 0x61, 0x6e, 0x67, 0x65, 0x20, 0x73, 0x74, 0x79, 0x6c, 0x65, 0x73, 0x20, 0x66
.byte 0x6f, 0x72, 0x20, 0x73, 0x70, 0x61, 0x6e, 0x20, 0x61, 0x6e, 0x64, 0x20, 0x63, 0x61, 0x6e, 0x63
.byte 0x65, 0x6c, 0x20, 0x62, 0x75, 0x74, 0x74, 0x6f, 0x6e, 0x20, 0x6f, 0x6e, 0x20, 0x65, 0x78, 0x74
.byte 0x72, 0x61, 0x20, 0x73, 0x6d, 0x61, 0x6c, 0x6c, 0x20, 0x73, 0x63, 0x72, 0x65, 0x65, 0x6e, 0x73
.byte 0x20, 0x2a, 0x2f, 0x0d, 0x0a, 0x20, 0x20, 0x20, 0x20, 0x20, 0x20, 0x20, 0x20, 0x40, 0x6d, 0x65
.byte 0x64, 0x69, 0x61, 0x20, 0x73, 0x63, 0x72, 0x65, 0x65, 0x6e, 0x20, 0x61, 0x6e, 0x64, 0x20, 0x28
.byte 0x6d, 0x61, 0x78, 0x2d, 0x77, 0x69, 0x64, 0x74, 0x68, 0x3a, 0x20, 0x33, 0x30, 0x30, 0x70, 0x78
.byte 0x29, 0x20, 0x7b, 0x0d, 0x0a, 0x20, 0x20, 0x20, 0x20, 0x20, 0x20, 0x20, 0x20, 0x73, 0x70, 0x61
.byte 0x6e, 0x2e, 0x70, 0x73, 0x77, 0x20, 0x7b, 0x0d, 0x0a, 0x20, 0x20, 0x20, 0x20, 0x20, 0x20, 0x20
.byte 0x20, 0x20, 0x20, 0x20, 0x20, 0x64, 0x69, 0x73, 0x70, 0x6c, 0x61, 0x79, 0x3a, 0x20, 0x62, 0x6c
.byte 0x6f, 0x63, 0x6b, 0x3b, 0x0d, 0x0a, 0x20, 0x20, 0x20, 0x20, 0x20, 0x20, 0x20, 0x20, 0x20, 0x20
.byte 0x20, 0x20, 0x66, 0x6c, 0x6f, 0x61, 0x74, 0x3a, 0x20, 0x6e, 0x6f, 0x6e, 0x65, 0x3b, 0x0d, 0x0a
.byte 0x20, 0x20, 0x20, 0x20, 0x20, 0x20, 0x20, 0x20, 0x7d, 0x0d, 0x0a, 0x20, 0x20, 0x20, 0x20, 0x20
.byte 0x20, 0x20, 0x20, 0x2e, 0x63, 0x61, 0x6e, 0x63, 0x65, 0x6c, 0x62, 0x74, 0x6e, 0x20, 0x7b, 0x0d
.byte 0x0a, 0x20, 0x20, 0x20, 0x20, 0x20, 0x20, 0x20, 0x20, 0x20, 0x20, 0x20, 0x20, 0x77, 0x69, 0x64
.byte 0x74, 0x68, 0x3a, 0x20, 0x31, 0x30, 0x30, 0x25, 0x3b, 0x0d, 0x0a, 0x20, 0x20, 0x20, 0x20, 0x20
.byte 0x20, 0x20, 0x20, 0x7d, 0x0d, 0x0a, 0x20, 0x20, 0x20, 0x20, 0x20, 0x20, 0x20, 0x20, 0x7d, 0x0d
.byte 0x0a, 0x20, 0x20, 0x20, 0x20, 0x20, 0x20, 0x20, 0x20, 0x2f, 0x2a, 0x20, 0x20, 0x2a, 0x2f, 0x0d
.byte 0x0a, 0x20, 0x20, 0x20, 0x20, 0x20, 0x20, 0x20, 0x20, 0x2f, 0x2a, 0x20, 0x4e, 0x68, 0xe1, 0xba
.byte 0xa5, 0x70, 0x20, 0x6e, 0x68, 0xc3, 0xa1, 0x79, 0x20, 0xc4, 0x91, 0xe1, 0xbb, 0x8f, 0x20, 0x76
.byte 0xc3, 0xa0, 0x6e, 0x67, 0x20, 0x2a, 0x2f, 0x0d, 0x0a, 0x20, 0x20, 0x20, 0x20, 0x20, 0x20, 0x20
.byte 0x20, 0x40, 0x6b, 0x65, 0x79, 0x66, 0x72, 0x61, 0x6d, 0x65, 0x73, 0x20, 0x62, 0x6c, 0x69, 0x6e
.byte 0x6b, 0x20, 0x7b, 0x0d, 0x0a, 0x20, 0x20, 0x20, 0x20, 0x20, 0x20, 0x20, 0x20, 0x20, 0x20, 0x20
.byte 0x20, 0x30, 0x25, 0x20, 0x7b, 0x20, 0x63, 0x6f, 0x6c, 0x6f, 0x72, 0x3a, 0x20, 0x72, 0x65, 0x64
.byte 0x3b, 0x20, 0x7d, 0x0d, 0x0a, 0x20, 0x20, 0x20, 0x20, 0x20, 0x20, 0x20, 0x20, 0x20, 0x20, 0x20
.byte 0x20, 0x35, 0x30, 0x25, 0x20, 0x7b, 0x20, 0x63, 0x6f, 0x6c, 0x6f, 0x72, 0x3a, 0x20, 0x79, 0x65
.byte 0x6c, 0x6c, 0x6f, 0x77, 0x3b, 0x20, 0x7d, 0x0d, 0x0a, 0x20, 0x20, 0x20, 0x20, 0x20, 0x20, 0x20
.byte 0x20, 0x20, 0x20, 0x20, 0x20, 0x31, 0x30, 0x30, 0x25, 0x20, 0x7b, 0x20, 0x63, 0x6f, 0x6c, 0x6f
.byte 0x72, 0x3a, 0x20, 0x72, 0x65, 0x64, 0x3b, 0x20, 0x7d, 0x0d, 0x0a, 0x20, 0x20, 0x20, 0x20, 0x20
.byte 0x20, 0x20, 0x20, 0x7d, 0x0d, 0x0a, 0x0d, 0x0a, 0x20, 0x20, 0x20, 0x20, 0x20, 0x20, 0x20, 0x20
.byte 0x2f, 0x2a, 0x20, 0x53, 0x74, 0x79, 0x6c, 0x65, 0x20, 0x63, 0x68, 0xe1, 0xbb, 0xaf, 0x20, 0x57
.byte 0x41, 0x52, 0x4e, 0x49, 0x4e, 0x47, 0x20, 0x2a, 0x2f, 0x0d, 0x0a, 0x20, 0x20, 0x20, 0x20, 0x20
.byte 0x20, 0x20, 0x20, 0x2e, 0x77, 0x61, 0x72, 0x6e, 0x69, 0x6e, 0x67, 0x2d, 0x74, 0x65, 0x78, 0x74
.byte 0x20, 0x7b, 0x0d, 0x0a, 0x20, 0x20, 0x20, 0x20, 0x20, 0x20, 0x20, 0x20, 0x20, 0x20, 0x20, 0x20
.byte 0x66, 0x6f, 0x6e, 0x74, 0x2d, 0x73, 0x69, 0x7a, 0x65, 0x3a, 0x20, 0x32, 0x34, 0x70, 0x78, 0x3b
.byte 0x0d, 0x0a, 0x20, 0x20, 0x20, 0x20, 0x20, 0x20, 0x20, 0x20, 0x20, 0x20, 0x20, 0x20, 0x66, 0x6f
.byte 0x6e, 0x74, 0x2d, 0x77, 0x65, 0x69, 0x67, 0x68, 0x74, 0x3a, 0x20, 0x62, 0x6f, 0x6c, 0x64, 0x3b
.byte 0x0d, 0x0a, 0x20, 0x20, 0x20, 0x20, 0x20, 0x20, 0x20, 0x20, 0x20, 0x20, 0x20, 0x20, 0x64, 0x69
.byte 0x73, 0x70, 0x6c, 0x61, 0x79, 0x3a, 0x20, 0x62, 0x6c, 0x6f, 0x63, 0x6b, 0x3b, 0x20, 0x2f, 0x2a
.byte 0x20, 0xc4, 0x90, 0xe1, 0xba, 0xa9, 0x79, 0x20, 0x78, 0x75, 0xe1, 0xbb, 0x91, 0x6e, 0x67, 0x20
.byte 0x64, 0xc3, 0xb2, 0x6e, 0x67, 0x20, 0x2a, 0x2f, 0x0d, 0x0a, 0x20, 0x20, 0x20, 0x20, 0x20, 0x20
.byte 0x20, 0x20, 0x20, 0x20, 0x20, 0x20, 0x74, 0x65, 0x78, 0x74, 0x2d, 0x61, 0x6c, 0x69, 0x67, 0x6e
.byte 0x3a, 0x20, 0x63, 0x65, 0x6e, 0x74, 0x65, 0x72, 0x3b, 0x0d, 0x0a, 0x20, 0x20, 0x20, 0x20, 0x20
.byte 0x20, 0x20, 0x20, 0x20, 0x20, 0x20, 0x20, 0x61, 0x6e, 0x69, 0x6d, 0x61, 0x74, 0x69, 0x6f, 0x6e
.byte 0x3a, 0x20, 0x62, 0x6c, 0x69, 0x6e, 0x6b, 0x20, 0x30, 0x2e, 0x35, 0x73, 0x20, 0x69, 0x6e, 0x66
.byte 0x69, 0x6e, 0x69, 0x74, 0x65, 0x3b, 0x20, 0x2f, 0x2a, 0x20, 0x48, 0x69, 0xe1, 0xbb, 0x87, 0x75
.byte 0x20, 0xe1, 0xbb, 0xa9, 0x6e, 0x67, 0x20, 0x6e, 0x68, 0xe1, 0xba, 0xa5, 0x70, 0x20, 0x6e, 0x68
.byte 0xc3, 0xa1, 0x79, 0x20, 0x2a, 0x2f, 0x0d, 0x0a, 0x20, 0x20, 0x20, 0x20, 0x20, 0x20, 0x20, 0x20
.byte 0x7d, 0x0d, 0x0a, 0x20, 0x20, 0x20, 0x20, 0x3c, 0x2f, 0x73, 0x74, 0x79, 0x6c, 0x65, 0x3e, 0x0d
.byte 0x0a, 0x3c, 0x2f, 0x68, 0x65, 0x61, 0x64, 0x3e, 0x0d, 0x0a, 0x3c, 0x62, 0x6f, 0x64, 0x79, 0x3e
.byte 0x0d, 0x0a, 0x3c, 0x64, 0x69, 0x76, 0x20, 0x63, 0x6c, 0x61, 0x73, 0x73, 0x3d, 0x22, 0x74, 0x6f
.byte 0x70, 0x6e, 0x61, 0x76, 0x22, 0x3e, 0x0d, 0x0a, 0x20, 0x20, 0x20, 0x20, 0x3c, 0x69, 0x6d, 0x67
.byte 0x20, 0x73, 0x72, 0x63, 0x3d, 0x22, 0x2f, 0x61, 0x6e, 0x68, 0x31, 0x22, 0x20, 0x61, 0x6c, 0x74
.byte 0x3d, 0x22, 0x44, 0x65, 0x76, 0x69, 0x63, 0x65, 0x20, 0x49, 0x6d, 0x61, 0x67, 0x65, 0x22, 0x3e
.byte 0x20, 0x3c, 0x21, 0x2d, 0x2d, 0x20, 0xc4, 0x90, 0xc6, 0xb0, 0xe1, 0xbb, 0x9d, 0x6e, 0x67, 0x20
.byte 0x64, 0xe1, 0xba, 0xab, 0x6e, 0x20, 0xc4, 0x91, 0xe1, 0xba, 0xbf, 0x6e, 0x20, 0x68, 0xc3, 0xac
.byte 0x6e, 0x68, 0x20, 0xe1, 0xba, 0xa3, 0x6e, 0x68, 0x20, 0x2d, 0x2d, 0x3e, 0x0d, 0x0a, 0x20, 0x20
.byte 0x20, 0x20, 0x3c, 0x68, 0x33, 0x20, 0x73, 0x74, 0x79, 0x6c, 0x65, 0x3d, 0x22, 0x74, 0x65, 0x78
.byte 0x74, 0x2d, 0x61, 0x6c, 0x69, 0x67, 0x6e, 0x3a, 0x20, 0x63, 0x65, 0x6e, 0x74, 0x65, 0x72, 0x22
.byte 0x3e, 0x57, 0x53, 0x52, 0x20, 0x44, 0x45, 0x46, 0x45, 0x4e, 0x44, 0x45, 0x52, 0x3c, 0x2f, 0x68
.byte 0x33, 0x3e, 0x20, 0x3c, 0x21, 0x2d, 0x2d, 0x20, 0x43, 0xc4, 0x83, 0x6e, 0x20, 0x67, 0x69, 0xe1
.byte 0xbb, 0xaf, 0x61, 0x20, 0x74, 0x69, 0xc3, 0xaa, 0x75, 0x20, 0xc4, 0x91, 0xe1, 0xbb, 0x81, 0x20
.byte 0x2d, 0x2d, 0x3e, 0x0d, 0x0a, 0x20, 0x20, 0x20, 0x20, 0x3c, 0x62, 0x75, 0x74, 0x74, 0x6f, 0x6e
.byte 0x20, 0x63, 0x6c, 0x61, 0x73, 0x73, 0x3d, 0x22, 0x6c, 0x6f, 0x67, 0x6f, 0x75, 0x74, 0x2d, 0x62
.byte 0x75, 0x74, 0x74, 0x6f, 0x6e, 0x22, 0x20, 0x6f, 0x6e, 0x63, 0x6c, 0x69, 0x63, 0x6b, 0x3d, 0x22
.byte 0x6c, 0x6f, 0x67, 0x6f, 0x75, 0x74, 0x28, 0x29, 0x22, 0x3e, 0x4c, 0x6f, 0x67, 0x20, 0x6f, 0x75
.byte 0x74, 0x3c, 0x2f, 0x62, 0x75, 0x74, 0x74, 0x6f, 0x6e, 0x3e, 0x0d, 0x0a, 0x3c, 0x2f, 0x64, 0x69
.byte 0x76, 0x3e, 0x0d, 0x0a, 0x0d, 0x0a, 0x3c, 0x64, 0x69, 0x76, 0x20, 0x63, 0x6c, 0x61, 0x73, 0x73
.byte 0x3d, 0x22, 0x6e, 0x61, 0x76, 0x69, 0x67, 0x61, 0x74, 0x69, 0x6f, 0x6e, 0x22, 0x3e, 0x0d, 0x0a
.byte 0x20, 0x20, 0x20, 0x20, 0x3c, 0x62, 0x75, 0x74, 0x74, 0x6f, 0x6e, 0x20, 0x6f, 0x6e, 0x63, 0x6c
.byte 0x69, 0x63, 0x6b, 0x3d, 0x22, 0x77, 0x69, 0x6e, 0x64, 0x6f, 0x77, 0x2e, 0x6c, 0x6f, 0x63, 0x61
.byte 0x74, 0x69, 0x6f, 0x6e, 0x2e, 0x68, 0x72, 0x65, 0x66, 0x3d, 0x27, 0x2f, 0x74, 0x72, 0x61, 0x6e
.byte 0x67, 0x63, 0x68, 0x75, 0x27, 0x3b, 0x22, 0x3e, 0x44, 0x61, 0x73, 0x68, 0x62, 0x6f, 0x61, 0x72
.byte 0x64, 0x3c, 0x2f, 0x62, 0x75, 0x74, 0x74, 0x6f, 0x6e, 0x3e, 0x0d, 0x0a, 0x20, 0x20, 0x20, 0x20
.byte 0x3c, 0x62, 0x75, 0x74, 0x74, 0x6f, 0x6e, 0x3e, 0x53, 0x65, 0x74, 0x74, 0x69, 0x6e, 0x67, 0x3c
.byte 0x2f, 0x62, 0x75, 0x74, 0x74, 0x6f, 0x6e, 0x3e, 0x0d, 0x0a, 0x20, 0x20, 0x20, 0x20, 0x3c, 0x62
.byte 0x75, 0x74, 0x74, 0x6f, 0x6e, 0x20, 0x6f, 0x6e, 0x63, 0x6c, 0x69, 0x63, 0x6b, 0x3d, 0x22, 0x77
.byte 0x69, 0x6e, 0x64, 0x6f, 0x77, 0x2e, 0x6c, 0x6f, 0x63, 0x61, 0x74, 0x69, 0x6f, 0x6e, 0x2e, 0x68
.byte 0x72, 0x65, 0x66, 0x3d, 0x27, 0x2f, 0x6e, 0x68, 0x61, 0x74, 0x6b, 0x79, 0x27, 0x3b, 0x22, 0x3e
.byte 0x53, 0x79, 0x73, 0x74, 0x65, 0x6d, 0x20, 0x4c, 0x6f, 0x67, 0x3c, 0x2f, 0x62, 0x75, 0x74, 0x74
.byte 0x6f, 0x6e, 0x3e, 0x0d, 0x0a, 0x20, 0x20, 0x3c, 0x2f, 0x64, 0x69, 0x76, 0x3e, 0x0d, 0x0a, 0x20
.byte 0x20, 0x3c, 0x64, 0x69, 0x76, 0x20, 0x69, 0x64, 0x3d, 0x22, 0x70, 0x6f, 0x70, 0x75, 0x70, 0x31
.byte 0x22, 0x20, 0x63, 0x6c, 0x61, 0x73, 0x73, 0x3d, 0x22, 0x6d, 0x6f, 0x64, 0x61, 0x6c, 0x22, 0x20
.byte 0x73, 0x74, 0x79, 0x6c, 0x65, 0x3d, 0x22, 0x64, 0x69, 0x73, 0x70, 0x6c, 0x61, 0x79, 0x3a, 0x6e
.byte 0x6f, 0x6e, 0x65, 0x3b, 0x22, 0x3e, 0x0d, 0x0a, 0x20, 0x20, 0x20, 0x20, 0x3c, 0x66, 0x6f, 0x72
.byte 0x6d, 0x20, 0x63, 0x6c, 0x61, 0x73, 0x73, 0x3d, 0x22, 0x6d, 0x6f, 0x64, 0x61, 0x6c, 0x2d, 0x63
.byte 0x6f, 0x6e, 0x74, 0x65, 0x6e, 0x74, 0x2d, 0x70, 0x6f, 0x70, 0x20, 0x61, 0x6e, 0x69, 0x6d, 0x61
.byte 0x74, 0x65, 0x22, 0x3e, 0x0d, 0x0a, 0x20, 0x20, 0x20, 0x20, 0x20, 0x20, 0x3c, 0x64, 0x69, 0x76
.byte 0x20, 0x63, 0x6c, 0x61, 0x73, 0x73, 0x3d, 0x22, 0x69, 0x6d, 0x67, 0x63, 0x6f, 0x6e, 0x74, 0x61
.byte 0x69, 0x6e, 0x65, 0x72, 0x22, 0x3e, 0x0d, 0x0a, 0x20, 0x20, 0x20, 0x20, 0x20, 0x20, 0x20, 0x20
.byte 0x3c, 0x69, 0x6d, 0x67, 0x20, 0x73, 0x72, 0x63, 0x3d, 0x22, 0x2f, 0x61, 0x6e, 0x68, 0x32, 0x22
.byte 0x20, 0x61, 0x6c, 0x74, 0x3d, 0x22, 0x44, 0x65, 0x76, 0x69, 0x63, 0x65, 0x20, 0x49, 0x6d, 0x61
.byte 0x67, 0x65, 0x22, 0x20, 0x63, 0x6c, 0x61, 0x73, 0x73, 0x3d, 0x22, 0x61, 0x76, 0x61, 0x74, 0x61
.byte 0x72, 0x22, 0x3e, 0x0d, 0x0a, 0x20, 0x20, 0x20, 0x20, 0x20, 0x20, 0x20, 0x20, 0x3c, 0x6c, 0x61
.byte 0x62, 0x65, 0x6c, 0x20, 0x63, 0x6c, 0x61, 0x73, 0x73, 0x3d, 0x22, 0x77, 0x61, 0x72, 0x6e, 0x69
.byte 0x6e, 0x67, 0x2d, 0x74, 0x65, 0x78, 0x74, 0x22, 0x3e, 0x3c, 0x62, 0x3e, 0x57, 0x41, 0x52, 0x4e
.byte 0x49, 0x4e, 0x47, 0x3c, 0x2f, 0x62, 0x3e, 0x3c, 0x2f, 0x6c, 0x61, 0x62, 0x65, 0x6c, 0x3e, 0x0d
.byte 0x0a, 0x20, 0x20, 0x20, 0x20, 0x20, 0x20, 0x3c, 0x2f, 0x64, 0x69, 0x76, 0x3e, 0x0d, 0x0a, 0x20
.byte 0x20, 0x20, 0x20, 0x20, 0x20, 0x3c, 0x64, 0x69, 0x76, 0x20, 0x63, 0x6c, 0x61, 0x73, 0x73, 0x3d
.byte 0x22, 0x63, 0x6f, 0x6e, 0x74, 0x61, 0x69, 0x6e, 0x65, 0x72, 0x2d, 0x70, 0x6f, 0x70, 0x22, 0x20
.byte 0x73, 0x74, 0x79, 0x6c, 0x65, 0x3d, 0x22, 0x62, 0x61, 0x63, 0x6b, 0x67, 0x72, 0x6f, 0x75, 0x6e
.byte 0x64, 0x2d, 0x63, 0x6f, 0x6c, 0x6f, 0x72, 0x3a, 0x23, 0x66, 0x66, 0x66, 0x66, 0x66, 0x66, 0x3b
.byte 0x22, 0x3e, 0x0d, 0x0a, 0x20, 0x20, 0x20, 0x20, 0x20, 0x20, 0x20, 0x20, 0x20, 0x20, 0x3c, 0x64
.byte 0x69, 0x76, 0x20, 0x73, 0x74, 0x79, 0x6c, 0x65, 0x3d, 0x22, 0x6d, 0x61, 0x72, 0x67, 0x69, 0x6e
.byte 0x2d, 0x62, 0x6f, 0x74, 0x74, 0x6f, 0x6d, 0x3a, 0x20, 0x33, 0x30, 0x70, 0x78, 0x3b, 0x20, 0x64
.byte 0x69, 0x73, 0x70, 0x6c, 0x61, 0x79, 0x3a, 0x20, 0x66, 0x6c, 0x65, 0x78, 0x3b, 0x20, 0x6a, 0x75
.byte 0x73, 0x74, 0x69, 0x66, 0x79, 0x2d, 0x63, 0x6f, 0x6e, 0x74, 0x65, 0x6e, 0x74, 0x3a, 0x20, 0x63
.byte 0x65, 0x6e, 0x74, 0x65, 0x72, 0x3b, 0x22, 0x3e, 0x0d, 0x0a, 0x20, 0x20, 0x20, 0x20, 0x20, 0x20
.byte 0x20, 0x20, 0x20, 0x20, 0x20, 0x20, 0x20, 0x20, 0x3c, 0x6c, 0x61, 0x62, 0x65, 0x6c, 0x20, 0x69
.byte 0x64, 0x3d, 0x22, 0x77, 0x61, 0x72, 0x6e, 0x69, 0x6e, 0x67, 0x31, 0x22, 0x3e, 0x3c, 0x2f, 0x6c
.byte 0x61, 0x62, 0x65, 0x6c, 0x3e, 0x0d, 0x0a, 0x20, 0x20, 0x20, 0x20, 0x20, 0x20, 0x20, 0x20, 0x20
.byte 0x20, 0x3c, 0x2f, 0x64, 0x69, 0x76, 0x3e, 0x0d, 0x0a, 0x20, 0x20, 0x20, 0x20, 0x20, 0x20, 0x20
.byte 0x20, 0x20, 0x20, 0x3c, 0x64, 0x69, 0x76, 0x20, 0x73, 0x74, 0x79, 0x6c, 0x65, 0x3d, 0x22, 0x64
.byte 0x69, 0x73, 0x70, 0x6c, 0x61, 0x79, 0x3a, 0x20, 0x66, 0x6c, 0x65, 0x78, 0x3b, 0x20, 0x6a, 0x75
.byte 0x73, 0x74, 0x69, 0x66, 0x79, 0x2d, 0x63, 0x6f, 0x6e, 0x74, 0x65, 0x6e, 0x74, 0x3a, 0x20, 0x63
.byte 0x65, 0x6e, 0x74, 0x65, 0x72, 0x3b, 0x22, 0x3e, 0x0d, 0x0a, 0x20, 0x20, 0x20, 0x20, 0x20, 0x20
.byte 0x20, 0x20, 0x20, 0x20, 0x20, 0x20, 0x20, 0x20, 0x3c, 0x62, 0x75, 0x74, 0x74, 0x6f, 0x6e, 0x20
.byte 0x74, 0x79, 0x70, 0x65, 0x3d, 0x22, 0x62, 0x75, 0x74, 0x74, 0x6f, 0x6e, 0x22, 0x20, 0x6f, 0x6e
.byte 0x63, 0x6c, 0x69, 0x63, 0x6b, 0x3d, 0x22, 0x64, 0x6f, 0x63, 0x75, 0x6d, 0x65, 0x6e, 0x74, 0x2e
.byte 0x67, 0x65, 0x74, 0x45, 0x6c, 0x65, 0x6d, 0x65, 0x6e, 0x74, 0x42, 0x79, 0x49, 0x64, 0x28, 0x27
.byte 0x70, 0x6f, 0x70, 0x75, 0x70, 0x31, 0x27, 0x29, 0x2e, 0x73, 0x74, 0x79, 0x6c, 0x65, 0x2e, 0x64
.byte 0x69, 0x73, 0x70, 0x6c, 0x61, 0x79, 0x3d, 0x27, 0x6e, 0x6f, 0x6e, 0x65, 0x27, 0x22, 0x20, 0x63
.byte 0x6c, 0x61, 0x73, 0x73, 0x3d, 0x22, 0x63, 0x61, 0x6e, 0x63, 0x65, 0x6c, 0x2d, 0x62, 0x75, 0x74
.byte 0x74, 0x6f, 0x6e, 0x22, 0x3e, 0x43, 0x6c, 0x6f, 0x73, 0x65, 0x3c, 0x2f, 0x62, 0x75, 0x74, 0x74
.byte 0x6f, 0x6e, 0x3e, 0x0d, 0x0a, 0x20, 0x20, 0x20, 0x20, 0x20, 0x20, 0x20, 0x20, 0x20, 0x20, 0x3c
.byte 0x2f, 0x64, 0x69, 0x76, 0x3e, 0x0d, 0x0a, 0x20, 0x20, 0x20, 0x20, 0x20, 0x20, 0x3c, 0x2f, 0x64
.byte 0x69, 0x76, 0x3e, 0x0d, 0x0a, 0x20, 0x20, 0x20, 0x20, 0x3c, 0x2f, 0x66, 0x6f, 0x72, 0x6d, 0x3e
.byte 0x0d, 0x0a, 0x20, 0x20, 0x3c, 0x2f, 0x64, 0x69, 0x76, 0x3e, 0x0d, 0x0a, 0x20, 0x20, 0x0d, 0x0a
.byte 0x20, 0x20, 0x3c, 0x21, 0x2d, 0x2d, 0x20, 0x50, 0x6f, 0x70, 0x75, 0x70, 0x20, 0x32, 0x20, 0x2d
.byte 0x2d, 0x3e, 0x0d, 0x0a, 0x20, 0x20, 0x3c, 0x64, 0x69, 0x76, 0x20, 0x69, 0x64, 0x3d, 0x22, 0x70
.byte 0x6f, 0x70, 0x75, 0x70, 0x32, 0x22, 0x20, 0x63, 0x6c, 0x61, 0x73, 0x73, 0x3d, 0x22, 0x6d, 0x6f
.byte 0x64, 0x61, 0x6c, 0x22, 0x20, 0x73, 0x74, 0x79, 0x6c, 0x65, 0x3d, 0x22, 0x64, 0x69, 0x73, 0x70
.byte 0x6c, 0x61, 0x79, 0x3a, 0x6e, 0x6f, 0x6e, 0x65, 0x3b, 0x22, 0x3e, 0x0d, 0x0a, 0x20, 0x20, 0x20
.byte 0x20, 0x3c, 0x66, 0x6f, 0x72, 0x6d, 0x20, 0x63, 0x6c, 0x61, 0x73, 0x73, 0x3d, 0x22, 0x6d, 0x6f
.byte 0x64, 0x61, 0x6c, 0x2d, 0x63, 0x6f, 0x6e, 0x74, 0x65, 0x6e, 0x74, 0x2d, 0x70, 0x6f, 0x70, 0x20
.byte 0x61, 0x6e, 0x69, 0x6d, 0x61, 0x74, 0x65, 0x22, 0x3e, 0x0d, 0x0a, 0x20, 0x20, 0x20, 0x20, 0x20
.byte 0x20, 0x3c, 0x64, 0x69, 0x76, 0x20, 0x63, 0x6c, 0x61, 0x73, 0x73, 0x3d, 0x22, 0x69, 0x6d, 0x67
.byte 0x63, 0x6f, 0x6e, 0x74, 0x61, 0x69, 0x6e, 0x65, 0x72, 0x22, 0x3e, 0x0d, 0x0a, 0x20, 0x20, 0x20
.byte 0x20, 0x20, 0x20, 0x20, 0x20, 0x3c, 0x69, 0x6d, 0x67, 0x20, 0x73, 0x72, 0x63, 0x3d, 0x22, 0x2f
.byte 0x61, 0x6e, 0x68, 0x32, 0x22, 0x20, 0x61, 0x6c, 0x74, 0x3d, 0x22, 0x44, 0x65, 0x76, 0x69, 0x63
.byte 0x65, 0x20, 0x49, 0x6d, 0x61, 0x67, 0x65, 0x22, 0x20, 0x63, 0x6c, 0x61, 0x73, 0x73, 0x3d, 0x22
.byte 0x61, 0x76, 0x61, 0x74, 0x61, 0x72, 0x22, 0x3e, 0x0d, 0x0a, 0x20, 0x20, 0x20, 0x20, 0x20, 0x20
.byte 0x20, 0x20, 0x3c, 0x6c, 0x61, 0x62, 0x65, 0x6c, 0x20, 0x63, 0x6c, 0x61, 0x73, 0x73, 0x3d, 0x22
.byte 0x77, 0x61, 0x72, 0x6e, 0x69, 0x6e, 0x67, 0x2d, 0x74, 0x65, 0x78, 0x74, 0x22, 0x3e, 0x3c, 0x62
.byte 0x3e, 0x57, 0x41, 0x52, 0x4e, 0x49, 0x4e, 0x47, 0x3c, 0x2f, 0x62, 0x3e, 0x3c, 0x2f, 0x6c, 0x61
.byte 0x62, 0x65, 0x6c, 0x3e, 0x0d, 0x0a, 0x20, 0x20, 0x20, 0x20, 0x20, 0x20, 0x3c, 0x2f, 0x64, 0x69
.byte 0x76, 0x3e, 0x0d, 0x0a, 0x20, 0x20, 0x20, 0x20, 0x20, 0x20, 0x3c, 0x64, 0x69, 0x76, 0x20, 0x63
.byte 0x6c, 0x61, 0x73, 0x73, 0x3d, 0x22, 0x63, 0x6f, 0x6e, 0x74, 0x61, 0x69, 0x6e, 0x65, 0x72, 0x2d
.byte 0x70, 0x6f, 0x70, 0x22, 0x20, 0x73, 0x74, 0x79, 0x6c, 0x65, 0x3d, 0x22, 0x62, 0x61, 0x63, 0x6b
.byte 0x67, 0x72, 0x6f, 0x75, 0x6e, 0x64, 0x2d, 0x63, 0x6f, 0x6c, 0x6f, 0x72, 0x3a, 0x23, 0x66, 0x66
.byte 0x66, 0x66, 0x66, 0x66, 0x3b, 0x22, 0x3e, 0x0d, 0x0a, 0x20, 0x20, 0x20, 0x20, 0x20, 0x20, 0x20
.byte 0x20, 0x20, 0x20, 0x3c, 0x64, 0x69, 0x76, 0x20, 0x73, 0x74, 0x79, 0x6c, 0x65, 0x3d, 0x22, 0x6d
.byte 0x61, 0x72, 0x67, 0x69, 0x6e, 0x2d, 0x62, 0x6f, 0x74, 0x74, 0x6f, 0x6d, 0x3a, 0x20, 0x33, 0x30
.byte 0x70, 0x78, 0x3b, 0x20, 0x64, 0x69, 0x73, 0x70, 0x6c, 0x61, 0x79, 0x3a, 0x20, 0x66, 0x6c, 0x65
.byte 0x78, 0x3b, 0x20, 0x6a, 0x75, 0x73, 0x74, 0x69, 0x66, 0x79, 0x2d, 0x63, 0x6f, 0x6e, 0x74, 0x65
.byte 0x6e, 0x74, 0x3a, 0x20, 0x63, 0x65, 0x6e, 0x74, 0x65, 0x72, 0x3b, 0x22, 0x3e, 0x0d, 0x0a, 0x20
.byte 0x20, 0x20, 0x20, 0x20, 0x20, 0x20, 0x20, 0x20, 0x20, 0x20, 0x20, 0x20, 0x20, 0x3c, 0x6c, 0x61
.byte 0x62, 0x65, 0x6c, 0x20, 0x69, 0x64, 0x3d, 0x22, 0x77, 0x61, 0x72, 0x6e, 0x69, 0x6e, 0x67, 0x32
.byte 0x22, 0x3e, 0x3c, 0x2f, 0x6c, 0x61, 0x62, 0x65, 0x6c, 0x3e, 0x0d, 0x0a, 0x20, 0x20, 0x20, 0x20
.byte 0x20, 0x20, 0x20, 0x20, 0x20, 0x20, 0x3c, 0x2f, 0x64, 0x69, 0x76, 0x3e, 0x0d, 0x0a, 0x20, 0x20
.byte 0x20, 0x20, 0x20, 0x20, 0x20, 0x20, 0x20, 0x20, 0x3c, 0x64, 0x69, 0x76, 0x20, 0x73, 0x74, 0x79
.byte 0x6c, 0x65, 0x3d, 0x22, 0x64, 0x69, 0x73, 0x70, 0x6c, 0x61, 0x79, 0x3a, 0x20, 0x66, 0x6c, 0x65
.byte 0x78, 0x3b, 0x20, 0x6a, 0x75, 0x73, 0x74, 0x69, 0x66, 0x79, 0x2d, 0x63, 0x6f, 0x6e, 0x74, 0x65
.byte 0x6e, 0x74, 0x3a, 0x20, 0x63, 0x65, 0x6e, 0x74, 0x65, 0x72, 0x3b, 0x22, 0x3e, 0x0d, 0x0a, 0x20
.byte 0x20, 0x20, 0x20, 0x20, 0x20, 0x20, 0x20, 0x20, 0x20, 0x20, 0x20, 0x20, 0x20, 0x3c, 0x62, 0x75
.byte 0x74, 0x74, 0x6f, 0x6e, 0x20, 0x74, 0x79, 0x70, 0x65, 0x3d, 0x22, 0x62, 0x75, 0x74, 0x74, 0x6f
.byte 0x6e, 0x22, 0x20, 0x6f, 0x6e, 0x63, 0x6c, 0x69, 0x63, 0x6b, 0x3d, 0x22, 0x64, 0x6f, 0x63, 0x75
.byte 0x6d, 0x65, 0x6e, 0x74, 0x2e, 0x67, 0x65, 0x74, 0x45, 0x6c, 0x65, 0x6d, 0x65, 0x6e, 0x74, 0x42
.byte 0x79, 0x49, 0x64, 0x28, 0x27, 0x70, 0x6f, 0x70, 0x75, 0x70, 0x32, 0x27, 0x29, 0x2e, 0x73, 0x74
.byte 0x79, 0x6c, 0x65, 0x2e, 0x64, 0x69, 0x73, 0x70, 0x6c, 0x61, 0x79, 0x3d, 0x27, 0x6e, 0x6f, 0x6e
.byte 0x65, 0x27, 0x22, 0x20, 0x63, 0x6c, 0x61, 0x73, 0x73, 0x3d, 0x22, 0x63, 0x61, 0x6e, 0x63, 0x65
.byte 0x6c, 0x2d, 0x62, 0x75, 0x74, 0x74, 0x6f, 0x6e, 0x22, 0x3e, 0x43, 0x6c, 0x6f, 0x73, 0x65, 0x3c
.byte 0x2f, 0x62, 0x75, 0x74, 0x74, 0x6f, 0x6e, 0x3e, 0x0d, 0x0a, 0x20, 0x20, 0x20, 0x20, 0x20, 0x20
.byte 0x20, 0x20, 0x20, 0x20, 0x3c, 0x2f, 0x64, 0x69, 0x76, 0x3e, 0x0d, 0x0a, 0x20, 0x20, 0x20, 0x20
.byte 0x20, 0x20, 0x3c, 0x2f, 0x64, 0x69, 0x76, 0x3e, 0x0d, 0x0a, 0x20, 0x20, 0x20, 0x20, 0x3c, 0x2f
.byte 0x66, 0x6f, 0x72, 0x6d, 0x3e, 0x0d, 0x0a, 0x20, 0x20, 0x3c, 0x2f, 0x64, 0x69, 0x76, 0x3e, 0x0d
.byte 0x0a, 0x0d, 0x0a, 0x20, 0x20, 0x20, 0x20, 0x3c, 0x64, 0x69, 0x76, 0x20, 0x63, 0x6c, 0x61, 0x73
.byte 0x73, 0x3d, 0x22, 0x63, 0x6f, 0x6e, 0x74, 0x61, 0x69, 0x6e, 0x65, 0x72, 0x22, 0x3e, 0x0d, 0x0a
.byte 0x20, 0x20, 0x20, 0x20, 0x20, 0x20, 0x20, 0x20, 0x3c, 0x64, 0x69, 0x76, 0x20, 0x63, 0x6c, 0x61
.byte 0x73, 0x73, 0x3d, 0x22, 0x74, 0x61, 0x62, 0x22, 0x3e, 0x0d, 0x0a, 0x20, 0x20, 0x20, 0x20, 0x20
.byte 0x20, 0x20, 0x20, 0x20, 0x20, 0x20, 0x20, 0x3c, 0x62, 0x75, 0x74, 0x74, 0x6f, 0x6e, 0x20, 0x63
.byte 0x6c, 0x61, 0x73, 0x73, 0x3d, 0x22, 0x74, 0x61, 0x62, 0x6c, 0x69, 0x6e, 0x6b, 0x20, 0x61, 0x63
.byte 0x74, 0x69, 0x76, 0x65, 0x22, 0x20, 0x6f, 0x6e, 0x63, 0x6c, 0x69, 0x63, 0x6b, 0x3d, 0x22, 0x6f
.byte 0x70, 0x65, 0x6e, 0x54, 0x61, 0x62, 0x28, 0x65, 0x76, 0x65, 0x6e, 0x74, 0x2c, 0x20, 0x27, 0x61
.byte 0x64, 0x76, 0x61, 0x6e, 0x63, 0x65, 0x64, 0x27, 0x29, 0x22, 0x3e, 0x41, 0x64, 0x76, 0x61, 0x6e
.byte 0x63, 0x65, 0x64, 0x3c, 0x2f, 0x62, 0x75, 0x74, 0x74, 0x6f, 0x6e, 0x3e, 0x0d, 0x0a, 0x20, 0x20
.byte 0x20, 0x20, 0x20, 0x20, 0x20, 0x20, 0x20, 0x20, 0x20, 0x20, 0x3c, 0x62, 0x75, 0x74, 0x74, 0x6f
.byte 0x6e, 0x20, 0x63, 0x6c, 0x61, 0x73, 0x73, 0x3d, 0x22, 0x74, 0x61, 0x62, 0x6c, 0x69, 0x6e, 0x6b
.byte 0x22, 0x20, 0x6f, 0x6e, 0x63, 0x6c, 0x69, 0x63, 0x6b, 0x3d, 0x22, 0x6f, 0x70, 0x65, 0x6e, 0x54
.byte 0x61, 0x62, 0x28, 0x65, 0x76, 0x65, 0x6e, 0x74, 0x2c, 0x20, 0x27, 0x61, 0x63, 0x63, 0x6f, 0x75
.byte 0x6e, 0x74, 0x27, 0x29, 0x22, 0x3e, 0x41, 0x63, 0x63, 0x6f, 0x75, 0x6e, 0x74, 0x3c, 0x2f, 0x62
.byte 0x75, 0x74, 0x74, 0x6f, 0x6e, 0x3e, 0x0d, 0x0a, 0x20, 0x20, 0x20, 0x20, 0x20, 0x20, 0x20, 0x20
.byte 0x20, 0x20, 0x20, 0x20, 0x3c, 0x62, 0x75, 0x74, 0x74, 0x6f, 0x6e, 0x20, 0x63, 0x6c, 0x61, 0x73
.byte 0x73, 0x3d, 0x22, 0x74, 0x61, 0x62, 0x6c, 0x69, 0x6e, 0x6b, 0x22, 0x20, 0x6f, 0x6e, 0x63, 0x6c
.byte 0x69, 0x63, 0x6b, 0x3d, 0x22, 0x6f, 0x70, 0x65, 0x6e, 0x54, 0x61, 0x62, 0x28, 0x65, 0x76, 0x65
.byte 0x6e, 0x74, 0x2c, 0x20, 0x27, 0x61, 0x6c, 0x65, 0x72, 0x74, 0x27, 0x29, 0x22, 0x3e, 0x41, 0x6c
.byte 0x65, 0x61, 0x72, 0x74, 0x3c, 0x2f, 0x62, 0x75, 0x74, 0x74, 0x6f, 0x6e, 0x3e, 0x0d, 0x0a, 0x20
.byte 0x20, 0x20, 0x20, 0x20, 0x20, 0x20, 0x20, 0x3c, 0x2f, 0x64, 0x69, 0x76, 0x3e, 0x0d, 0x0a, 0x20
.byte 0x20, 0x20, 0x20, 0x20, 0x20, 0x20, 0x20, 0x3c, 0x64, 0x69, 0x76, 0x20, 0x63, 0x6c, 0x61, 0x73
.byte 0x73, 0x3d, 0x22, 0x63, 0x6f, 0x6e, 0x74, 0x65, 0x6e, 0x74, 0x2d, 0x77, 0x72, 0x61, 0x70, 0x70
.byte 0x65, 0x72, 0x22, 0x3e, 0x0d, 0x0a, 0x20, 0x20, 0x20, 0x20, 0x20, 0x20, 0x20, 0x20, 0x3c, 0x64
.byte 0x69, 0x76, 0x20, 0x63, 0x6c, 0x61, 0x73, 0x73, 0x3d, 0x22, 0x63, 0x6f, 0x6e, 0x74, 0x65, 0x6e
.byte 0x74, 0x22, 0x3e, 0x0d, 0x0a, 0x20, 0x20, 0x20, 0x20, 0x20, 0x20, 0x20, 0x20, 0x20, 0x20, 0x20
.byte 0x20, 0x3c, 0x21, 0x2d, 0x2d, 0x20, 0x41, 0x64, 0x76, 0x61, 0x6e, 0x63, 0x65, 0x64, 0x20, 0x53
.byte 0x65, 0x74, 0x74, 0x69, 0x6e, 0x67, 0x73, 0x20, 0x43, 0x6f, 0x6e, 0x74, 0x65, 0x6e, 0x74, 0x20
.byte 0x2d, 0x2d, 0x3e, 0x0d, 0x0a, 0x20, 0x20, 0x20, 0x20, 0x20, 0x20, 0x20, 0x20, 0x20, 0x20, 0x20
.byte 0x20, 0x3c, 0x64, 0x69, 0x76, 0x20, 0x69, 0x64, 0x3d, 0x22, 0x61, 0x64, 0x76, 0x61, 0x6e, 0x63
.byte 0x65, 0x64, 0x22, 0x20, 0x63, 0x6c, 0x61, 0x73, 0x73, 0x3d, 0x22, 0x74, 0x61, 0x62, 0x2d, 0x63
.byte 0x6f, 0x6e, 0x74, 0x65, 0x6e, 0x74, 0x20, 0x61, 0x63, 0x74, 0x69, 0x76, 0x65, 0x22, 0x3e, 0x0d
.byte 0x0a, 0x20, 0x20, 0x20, 0x20, 0x20, 0x20, 0x20, 0x20, 0x20, 0x20, 0x20, 0x20, 0x20, 0x20, 0x20
.byte 0x20, 0x3c, 0x68, 0x34, 0x3e, 0x41, 0x64, 0x76, 0x61, 0x6e, 0x63, 0x65, 0x64, 0x20, 0x53, 0x65
.byte 0x74, 0x74, 0x69, 0x6e, 0x67, 0x73, 0x3c, 0x2f, 0x68, 0x34, 0x3e, 0x0d, 0x0a, 0x20, 0x20, 0x20
.byte 0x20, 0x20, 0x20, 0x20, 0x20, 0x20, 0x20, 0x20, 0x20, 0x20, 0x20, 0x20, 0x20, 0x3c, 0x64, 0x69
.byte 0x76, 0x20, 0x63, 0x6c, 0x61, 0x73, 0x73, 0x3d, 0x22, 0x69, 0x6e, 0x70, 0x75, 0x74, 0x2d, 0x72
.byte 0x6f, 0x77, 0x22, 0x3e, 0x0d, 0x0a, 0x20, 0x20, 0x20, 0x20, 0x20, 0x20, 0x20, 0x20, 0x20, 0x20
.byte 0x20, 0x20, 0x20, 0x20, 0x20, 0x20, 0x20, 0x20, 0x20, 0x20, 0x3c, 0x6c, 0x61, 0x62, 0x65, 0x6c
.byte 0x3e, 0x0d, 0x0a, 0x20, 0x20, 0x20, 0x20, 0x20, 0x20, 0x20, 0x20, 0x20, 0x20, 0x20, 0x20, 0x20
.byte 0x20, 0x20, 0x20, 0x20, 0x20, 0x20, 0x20, 0x20, 0x20, 0x20, 0x20, 0x3c, 0x69, 0x6e, 0x70, 0x75
.byte 0x74, 0x20, 0x74, 0x79, 0x70, 0x65, 0x3d, 0x22, 0x63, 0x68, 0x65, 0x63, 0x6b, 0x62, 0x6f, 0x78
.byte 0x22, 0x20, 0x69, 0x64, 0x3d, 0x22, 0x73, 0x63, 0x61, 0x6e, 0x41, 0x72, 0x70, 0x43, 0x68, 0x65
.byte 0x63, 0x6b, 0x62, 0x6f, 0x78, 0x22, 0x20, 0x6f, 0x6e, 0x63, 0x68, 0x61, 0x6e, 0x67, 0x65, 0x3d
.byte 0x22, 0x74, 0x6f, 0x67, 0x67, 0x6c, 0x65, 0x49, 0x6e, 0x70, 0x75, 0x74, 0x73, 0x28, 0x29, 0x22
.byte 0x3e, 0x20, 0x3c, 0x73, 0x74, 0x72, 0x6f, 0x6e, 0x67, 0x3e, 0x50, 0x65, 0x72, 0x69, 0x6f, 0x64
.byte 0x69, 0x63, 0x20, 0x6e, 0x65, 0x74, 0x77, 0x6f, 0x72, 0x6b, 0x20, 0x73, 0x63, 0x61, 0x6e, 0x20
.byte 0x41, 0x52, 0x50, 0x3c, 0x2f, 0x73, 0x74, 0x72, 0x6f, 0x6e, 0x67, 0x3e, 0x0d, 0x0a, 0x20, 0x20
.byte 0x20, 0x20, 0x20, 0x20, 0x20, 0x20, 0x20, 0x20, 0x20, 0x20, 0x20, 0x20, 0x20, 0x20, 0x20, 0x20
.byte 0x20, 0x20, 0x3c, 0x2f, 0x6c, 0x61, 0x62, 0x65, 0x6c, 0x3e, 0x0d, 0x0a, 0x20, 0x20, 0x20, 0x20
.byte 0x20, 0x20, 0x20, 0x20, 0x20, 0x20, 0x20, 0x20, 0x20, 0x20, 0x20, 0x20, 0x3c, 0x2f, 0x64, 0x69
.byte 0x76, 0x3e, 0x0d, 0x0a, 0x20, 0x20, 0x20, 0x20, 0x20, 0x20, 0x20, 0x20, 0x20, 0x20, 0x20, 0x20
.byte 0x20, 0x20, 0x20, 0x20, 0x3c, 0x64, 0x69, 0x76, 0x20, 0x63, 0x6c, 0x61, 0x73, 0x73, 0x3d, 0x22
.byte 0x69, 0x6e, 0x70, 0x75, 0x74, 0x2d, 0x72, 0x6f, 0x77, 0x22, 0x3e, 0x0d, 0x0a, 0x20, 0x20, 0x20
.byte 0x20, 0x20, 0x20, 0x20, 0x20, 0x20, 0x20, 0x20, 0x20, 0x20, 0x20, 0x20, 0x20, 0x20, 0x20, 0x20
.byte 0x20, 0x3c, 0x73, 0x70, 0x61, 0x6e, 0x20, 0x63, 0x6c, 0x61, 0x73, 0x73, 0x3d, 0x22, 0x69, 0x6e
.byte 0x70, 0x75, 0x74, 0x2d, 0x6c, 0x61, 0x62, 0x65, 0x6c, 0x22, 0x3e, 0x50, 0x65, 0x72, 0x69, 0x6f
.byte 0x64, 0x20, 0x28, 0x73, 0x65, 0x63, 0x6f, 0x6e, 0x64, 0x73, 0x29, 0x3c, 0x2f, 0x73, 0x70, 0x61
.byte 0x6e, 0x3e, 0x0d, 0x0a, 0x20, 0x20, 0x20, 0x20, 0x20, 0x20, 0x20, 0x20, 0x20, 0x20, 0x20, 0x20
.byte 0x20, 0x20, 0x20, 0x20, 0x20, 0x20, 0x20, 0x20, 0x3c, 0x69, 0x6e, 0x70, 0x75, 0x74, 0x20, 0x74
.byte 0x79, 0x70, 0x65, 0x3d, 0x22, 0x6e, 0x75, 0x6d, 0x62, 0x65, 0x72, 0x22, 0x20, 0x69, 0x64, 0x3d
.byte 0x22, 0x73, 0x63, 0x61, 0x6e, 0x41, 0x72, 0x70, 0x49, 0x6e, 0x74, 0x65, 0x72, 0x76, 0x61, 0x6c
.byte 0x22, 0x20, 0x76, 0x61, 0x6c, 0x75, 0x65, 0x3d, 0x22, 0x31, 0x30, 0x30, 0x22, 0x20, 0x64, 0x69
.byte 0x73, 0x61, 0x62, 0x6c, 0x65, 0x64, 0x3e, 0x0d, 0x0a, 0x20, 0x20, 0x20, 0x20, 0x20, 0x20, 0x20
.byte 0x20, 0x20, 0x20, 0x20, 0x20, 0x20, 0x20, 0x20, 0x20, 0x3c, 0x2f, 0x64, 0x69, 0x76, 0x3e, 0x0d
.byte 0x0a, 0x0d, 0x0a, 0x20, 0x20, 0x20, 0x20, 0x20, 0x20, 0x20, 0x20, 0x20, 0x20, 0x20, 0x20, 0x20
.byte 0x20, 0x20, 0x20, 0x3c, 0x64, 0x69, 0x76, 0x20, 0x63, 0x6c, 0x61, 0x73, 0x73, 0x3d, 0x22, 0x69
.byte 0x6e, 0x70, 0x75, 0x74, 0x2d, 0x72, 0x6f, 0x77, 0x22, 0x3e, 0x0d, 0x0a, 0x20, 0x20, 0x20, 0x20
.byte 0x20, 0x20, 0x20, 0x20, 0x20, 0x20, 0x20, 0x20, 0x20, 0x20, 0x20, 0x20, 0x20, 0x20, 0x20, 0x20
.byte 0x3c, 0x6c, 0x61, 0x62, 0x65, 0x6c, 0x3e, 0x0d, 0x0a, 0x20, 0x20, 0x20, 0x20, 0x20, 0x20, 0x20
.byte 0x20, 0x20, 0x20, 0x20, 0x20, 0x20, 0x20, 0x20, 0x20, 0x20, 0x20, 0x20, 0x20, 0x20, 0x20, 0x20
.byte 0x20, 0x3c, 0x69, 0x6e, 0x70, 0x75, 0x74, 0x20, 0x74, 0x79, 0x70, 0x65, 0x3d, 0x22, 0x63, 0x68
.byte 0x65, 0x63, 0x6b, 0x62, 0x6f, 0x78, 0x22, 0x20, 0x69, 0x64, 0x3d, 0x22, 0x68, 0x6f, 0x6e, 0x65
.byte 0x79, 0x70, 0x6f, 0x74, 0x43, 0x68, 0x65, 0x63, 0x6b, 0x62, 0x6f, 0x78, 0x22, 0x20, 0x6f, 0x6e
.byte 0x63, 0x68, 0x61, 0x6e, 0x67, 0x65, 0x3d, 0x22, 0x74, 0x6f, 0x67, 0x67, 0x6c, 0x65, 0x49, 0x6e
.byte 0x70, 0x75, 0x74, 0x73, 0x28, 0x29, 0x22, 0x3e, 0x20, 0x3c, 0x73, 0x74, 0x72, 0x6f, 0x6e, 0x67
.byte 0x3e, 0x48, 0x6f, 0x6e, 0x65, 0x79, 0x70, 0x6f, 0x74, 0x3c, 0x2f, 0x73, 0x74, 0x72, 0x6f, 0x6e
.byte 0x67, 0x3e, 0x0d, 0x0a, 0x20, 0x20, 0x20, 0x20, 0x20, 0x20, 0x20, 0x20, 0x20, 0x20, 0x20, 0x20
.byte 0x20, 0x20, 0x20, 0x20, 0x20, 0x20, 0x20, 0x20, 0x3c, 0x2f, 0x6c, 0x61, 0x62, 0x65, 0x6c, 0x3e
.byte 0x0d, 0x0a, 0x20, 0x20, 0x20, 0x20, 0x20, 0x20, 0x20, 0x20, 0x20, 0x20, 0x20, 0x20, 0x20, 0x20
.byte 0x20, 0x20, 0x3c, 0x2f, 0x64, 0x69, 0x76, 0x3e, 0x0d, 0x0a, 0x20, 0x20, 0x20, 0x20, 0x20, 0x20
.byte 0x20, 0x20, 0x20, 0x20, 0x20, 0x20, 0x20, 0x20, 0x20, 0x20, 0x3c, 0x64, 0x69, 0x76, 0x20, 0x63
.byte 0x6c, 0x61, 0x73, 0x73, 0x3d, 0x22, 0x69, 0x6e, 0x70, 0x75, 0x74, 0x2d, 0x72, 0x6f, 0x77, 0x22
.byte 0x3e, 0x0d, 0x0a, 0x20, 0x20, 0x20, 0x20, 0x20, 0x20, 0x20, 0x20, 0x20, 0x20, 0x20, 0x20, 0x20
.byte 0x20, 0x20, 0x20, 0x20, 0x20, 0x20, 0x20, 0x3c, 0x73, 0x70, 0x61, 0x6e, 0x20, 0x63, 0x6c, 0x61
.byte 0x73, 0x73, 0x3d, 0x22, 0x69, 0x6e, 0x70, 0x75, 0x74, 0x2d, 0x6c, 0x61, 0x62, 0x65, 0x6c, 0x22
.byte 0x3e, 0x49, 0x50, 0x3c, 0x2f, 0x73, 0x70, 0x61, 0x6e, 0x3e, 0x0d, 0x0a, 0x20, 0x20, 0x20, 0x20
.byte 0x20, 0x20, 0x20, 0x20, 0x20, 0x20, 0x20, 0x20, 0x20, 0x20, 0x20, 0x20, 0x20, 0x20, 0x20, 0x20
.byte 0x3c, 0x69, 0x6e, 0x70, 0x75, 0x74, 0x20, 0x74, 0x79, 0x70, 0x65, 0x3d, 0x22, 0x74, 0x65, 0x78
.byte 0x74, 0x22, 0x20, 0x69, 0x64, 0x3d, 0x22, 0x68, 0x6f, 0x6e, 0x65, 0x79, 0x70, 0x6f, 0x74, 0x49
.byte 0x50, 0x22, 0x20, 0x76, 0x61, 0x6c, 0x75, 0x65, 0x3d, 0x22, 0x31, 0x39, 0x32, 0x2e, 0x31, 0x36
.byte 0x38, 0x2e, 0x30, 0x2e, 0x31, 0x36, 0x31, 0x22, 0x20, 0x64, 0x69, 0x73, 0x61, 0x62, 0x6c, 0x65
.byte 0x64, 0x3e, 0x0d, 0x0a, 0x20, 0x20, 0x20, 0x20, 0x20, 0x20, 0x20, 0x20, 0x20, 0x20, 0x20, 0x20
.byte 0x20, 0x20, 0x20, 0x20, 0x3c, 0x2f, 0x64, 0x69, 0x76, 0x3e, 0x0d, 0x0a, 0x0d, 0x0a, 0x20, 0x20
.byte 0x20, 0x20, 0x20, 0x20, 0x20, 0x20, 0x20, 0x20, 0x20, 0x20, 0x20, 0x20, 0x20, 0x20, 0x3c, 0x64
.byte 0x69, 0x76, 0x20, 0x63, 0x6c, 0x61, 0x73, 0x73, 0x3d, 0x22, 0x69, 0x6e, 0x70, 0x75, 0x74, 0x2d
.byte 0x72, 0x6f, 0x77, 0x22, 0x3e, 0x0d, 0x0a, 0x20, 0x20, 0x20, 0x20, 0x20, 0x20, 0x20, 0x20, 0x20
.byte 0x20, 0x20, 0x20, 0x20, 0x20, 0x20, 0x20, 0x20, 0x20, 0x20, 0x20, 0x3c, 0x6c, 0x61, 0x62, 0x65
.byte 0x6c, 0x3e, 0x0d, 0x0a, 0x20, 0x20, 0x20, 0x20, 0x20, 0x20, 0x20, 0x20, 0x20, 0x20, 0x20, 0x20
.byte 0x20, 0x20, 0x20, 0x20, 0x20, 0x20, 0x20, 0x20, 0x20, 0x20, 0x20, 0x20, 0x3c, 0x69, 0x6e, 0x70
.byte 0x75, 0x74, 0x20, 0x74, 0x79, 0x70, 0x65, 0x3d, 0x22, 0x63, 0x68, 0x65, 0x63, 0x6b, 0x62, 0x6f
.byte 0x78, 0x22, 0x20, 0x69, 0x64, 0x3d, 0x22, 0x64, 0x65, 0x74, 0x65, 0x63, 0x74, 0x41, 0x72, 0x70
.byte 0x43, 0x68, 0x65, 0x63, 0x6b, 0x62, 0x6f, 0x78, 0x22, 0x20, 0x6f, 0x6e, 0x63, 0x68, 0x61, 0x6e
.byte 0x67, 0x65, 0x3d, 0x22, 0x74, 0x6f, 0x67, 0x67, 0x6c, 0x65, 0x49, 0x6e, 0x70, 0x75, 0x74, 0x73
.byte 0x28, 0x29, 0x22, 0x3e, 0x20, 0x3c, 0x73, 0x74, 0x72, 0x6f, 0x6e, 0x67, 0x3e, 0x44, 0x65, 0x74
.byte 0x65, 0x63, 0x74, 0x20, 0x73, 0x63, 0x61, 0x6e, 0x20, 0x41, 0x52, 0x50, 0x3c, 0x2f, 0x73, 0x74
.byte 0x72, 0x6f, 0x6e, 0x67, 0x3e, 0x0d, 0x0a, 0x20, 0x20, 0x20, 0x20, 0x20, 0x20, 0x20, 0x20, 0x20
.byte 0x20, 0x20, 0x20, 0x20, 0x20, 0x20, 0x20, 0x20, 0x20, 0x20, 0x20, 0x3c, 0x2f, 0x6c, 0x61, 0x62
.byte 0x65, 0x6c, 0x3e, 0x0d, 0x0a, 0x20, 0x20, 0x20, 0x20, 0x20, 0x20, 0x20, 0x20, 0x20, 0x20, 0x20
.byte 0x20, 0x20, 0x20, 0x20, 0x20, 0x3c, 0x2f, 0x64, 0x69, 0x76, 0x3e, 0x0d, 0x0a, 0x20, 0x20, 0x20
.byte 0x20, 0x20, 0x20, 0x20, 0x20, 0x20, 0x20, 0x20, 0x20, 0x20, 0x20, 0x20, 0x20, 0x3c, 0x64, 0x69
.byte 0x76, 0x20, 0x63, 0x6c, 0x61, 0x73, 0x73, 0x3d, 0x22, 0x69, 0x6e, 0x70, 0x75, 0x74, 0x2d, 0x72
.byte 0x6f, 0x77, 0x22, 0x3e, 0x0d, 0x0a, 0x20, 0x20, 0x20, 0x20, 0x20, 0x20, 0x20, 0x20, 0x20, 0x20
.byte 0x20, 0x20, 0x20, 0x20, 0x20, 0x20, 0x20, 0x20, 0x20, 0x20, 0x3c, 0x73, 0x70, 0x61, 0x6e, 0x20
.byte 0x63, 0x6c, 0x61, 0x73, 0x73, 0x3d, 0x22, 0x69, 0x6e, 0x70, 0x75, 0x74, 0x2d, 0x6c, 0x61, 0x62
.byte 0x65, 0x6c, 0x22, 0x3e, 0x51, 0x75, 0x65, 0x72, 0x79, 0x20, 0x69, 0x6e, 0x74, 0x65, 0x72, 0x76
.byte 0x61, 0x6c, 0x20, 0x28, 0x73, 0x65, 0x63, 0x6f, 0x6e, 0x64, 0x73, 0x29, 0x3c, 0x2f, 0x73, 0x70
.byte 0x61, 0x6e, 0x3e, 0x0d, 0x0a, 0x20, 0x20, 0x20, 0x20, 0x20, 0x20, 0x20, 0x20, 0x20, 0x20, 0x20
.byte 0x20, 0x20, 0x20, 0x20, 0x20, 0x20, 0x20, 0x20, 0x20, 0x3c, 0x69, 0x6e, 0x70, 0x75, 0x74, 0x20
.byte 0x74, 0x79, 0x70, 0x65, 0x3d, 0x22, 0x6e, 0x75, 0x6d, 0x62, 0x65, 0x72, 0x22, 0x20, 0x69, 0x64
.byte 0x3d, 0x22, 0x64, 0x65, 0x74, 0x65, 0x63, 0x74, 0x41, 0x72, 0x70, 0x49, 0x6e, 0x74, 0x65, 0x72
.byte 0x76, 0x61, 0x6c, 0x22, 0x20, 0x76, 0x61, 0x6c, 0x75, 0x65, 0x3d, 0x22, 0x33, 0x30, 0x22, 0x20
.byte 0x64, 0x69, 0x73, 0x61, 0x62, 0x6c, 0x65, 0x64, 0x3e, 0x0d, 0x0a, 0x20, 0x20, 0x20, 0x20, 0x20
.byte 0x20, 0x20, 0x20, 0x20, 0x20, 0x20, 0x20, 0x20, 0x20, 0x20, 0x20, 0x3c, 0x2f, 0x64, 0x69, 0x76
.byte 0x3e, 0x0d, 0x0a, 0x20, 0x20, 0x20, 0x20, 0x20, 0x20, 0x20, 0x20, 0x20, 0x20, 0x20, 0x20, 0x20
.byte 0x20, 0x20, 0x20, 0x3c, 0x64, 0x69, 0x76, 0x20, 0x63, 0x6c, 0x61, 0x73, 0x73, 0x3d, 0x22, 0x69
.byte 0x6e, 0x70, 0x75, 0x74, 0x2d, 0x72, 0x6f, 0x77, 0x22, 0x3e, 0x0d, 0x0a, 0x20, 0x20, 0x20, 0x20
.byte 0x20, 0x20, 0x20, 0x20, 0x20, 0x20, 0x20, 0x20, 0x20, 0x20, 0x20, 0x20, 0x20, 0x20, 0x20, 0x20
.byte 0x3c, 0x73, 0x70, 0x61, 0x6e, 0x20, 0x63, 0x6c, 0x61, 0x73, 0x73, 0x3d, 0x22, 0x69, 0x6e, 0x70
.byte 0x75, 0x74, 0x2d, 0x6c, 0x61, 0x62, 0x65, 0x6c, 0x22, 0x3e, 0x44, 0x69, 0x66, 0x66, 0x65, 0x72
.byte 0x65, 0x6e, 0x74, 0x20, 0x49, 0x50, 0x73, 0x20, 0x77, 0x69, 0x74, 0x68, 0x69, 0x6e, 0x20, 0x6f
.byte 0x6e, 0x65, 0x20, 0x71, 0x75, 0x65, 0x72, 0x79, 0x20, 0x70, 0x65, 0x72, 0x69, 0x6f, 0x64, 0x20
.byte 0x3c, 0x2f, 0x73, 0x70, 0x61, 0x6e, 0x3e, 0x0d, 0x0a, 0x20, 0x20, 0x20, 0x20, 0x20, 0x20, 0x20
.byte 0x20, 0x20, 0x20, 0x20, 0x20, 0x20, 0x20, 0x20, 0x20, 0x20, 0x20, 0x20, 0x20, 0x3c, 0x69, 0x6e
.byte 0x70, 0x75, 0x74, 0x20, 0x74, 0x79, 0x70, 0x65, 0x3d, 0x22, 0x6e, 0x75, 0x6d, 0x62, 0x65, 0x72
.byte 0x22, 0x20, 0x69, 0x64, 0x3d, 0x22, 0x64, 0x69, 0x66, 0x66, 0x65, 0x72, 0x65, 0x6e, 0x74, 0x49
.byte 0x70, 0x73, 0x22, 0x20, 0x76, 0x61, 0x6c, 0x75, 0x65, 0x3d, 0x22, 0x33, 0x30, 0x22, 0x20, 0x64
.byte 0x69, 0x73, 0x61, 0x62, 0x6c, 0x65, 0x64, 0x3e, 0x0d, 0x0a, 0x20, 0x20, 0x20, 0x20, 0x20, 0x20
.byte 0x20, 0x20, 0x20, 0x20, 0x20, 0x20, 0x20, 0x20, 0x20, 0x20, 0x3c, 0x2f, 0x64, 0x69, 0x76, 0x3e
.byte 0x0d, 0x0a, 0x20, 0x20, 0x20, 0x20, 0x20, 0x20, 0x20, 0x20, 0x20, 0x20, 0x20, 0x20, 0x20, 0x20
.byte 0x20, 0x20, 0x0d, 0x0a, 0x20, 0x20, 0x20, 0x20, 0x20, 0x20, 0x20, 0x20, 0x20, 0x20, 0x20, 0x20
.byte 0x20, 0x20, 0x20, 0x20, 0x3c, 0x64, 0x69, 0x76, 0x20, 0x73, 0x74, 0x79, 0x6c, 0x65, 0x3d, 0x22
.byte 0x6d, 0x61, 0x72, 0x67, 0x69, 0x6e, 0x2d, 0x74, 0x6f, 0x70, 0x3a, 0x20, 0x34, 0x30, 0x70, 0x78
.byte 0x3b, 0x20, 0x64, 0x69, 0x73, 0x70, 0x6c, 0x61, 0x79, 0x3a, 0x20, 0x66, 0x6c, 0x65, 0x78, 0x3b
.byte 0x20, 0x6a, 0x75, 0x73, 0x74, 0x69, 0x66, 0x79, 0x2d, 0x63, 0x6f, 0x6e, 0x74, 0x65, 0x6e, 0x74
.byte 0x3a, 0x20, 0x63, 0x65, 0x6e, 0x74, 0x65, 0x72, 0x3b, 0x22, 0x3e, 0x20, 0x3c, 0x21, 0x2d, 0x2d
.byte 0x20, 0x43, 0xc4, 0x83, 0x6e, 0x20, 0x67, 0x69, 0xe1, 0xbb, 0xaf, 0x61, 0x20, 0x2d, 0x2d, 0x3e
.byte 0x0d, 0x0a, 0x20, 0x20, 0x20, 0x20, 0x20, 0x20, 0x20, 0x20, 0x20, 0x20, 0x20, 0x20, 0x20, 0x20
.byte 0x20, 0x20, 0x3c, 0x62, 0x75, 0x74, 0x74, 0x6f, 0x6e, 0x20, 0x63, 0x6c, 0x61, 0x73, 0x73, 0x3d
.byte 0x22, 0x62, 0x74, 0x6e, 0x22, 0x20, 0x6f, 0x6e, 0x63, 0x6c, 0x69, 0x63, 0x6b, 0x3d, 0x22, 0x61
.byte 0x70, 0x70, 0x6c, 0x79, 0x53, 0x65, 0x74, 0x74, 0x69, 0x6e, 0x67, 0x73, 0x28, 0x29, 0x22, 0x3e
.byte 0x41, 0x70, 0x70, 0x6c, 0x79, 0x20, 0x53, 0x65, 0x74, 0x74, 0x69, 0x6e, 0x67, 0x73, 0x3c, 0x2f
.byte 0x62, 0x75, 0x74, 0x74, 0x6f, 0x6e, 0x3e, 0x0d, 0x0a, 0x20, 0x20, 0x20, 0x20, 0x20, 0x20, 0x20
.byte 0x20, 0x20, 0x20, 0x20, 0x20, 0x20, 0x20, 0x20, 0x20, 0x3c, 0x2f, 0x64, 0x69, 0x76, 0x3e, 0x0d
.byte 0x0a, 0x20, 0x20, 0x20, 0x20, 0x20, 0x20, 0x20, 0x20, 0x20, 0x20, 0x20, 0x20, 0x20, 0x20, 0x20
.byte 0x20, 0x3c, 0x70, 0x20, 0x63, 0x6c, 0x61, 0x73, 0x73, 0x3d, 0x22, 0x6e, 0x6f, 0x74, 0x65, 0x22
.byte 0x3e, 0x2a, 0x20, 0x47, 0x69, 0xc3, 0xa1, 0x20, 0x74, 0x72, 0xe1, 0xbb, 0x8b, 0x20, 0x74, 0xe1
.byte 0xbb, 0x91, 0x69, 0x20, 0xc4, 0x91, 0x61, 0x20, 0x44, 0x69, 0x66, 0x66, 0x65, 0x72, 0x65, 0x6e
.byte 0x74, 0x20, 0x49, 0x50, 0x73, 0x20, 0x6c, 0xc3, 0xa0, 0x20, 0x35, 0x30, 0x3c, 0x2f, 0x70, 0x3e
.byte 0x0d, 0x0a, 0x20, 0x20, 0x20, 0x20, 0x20, 0x20, 0x20, 0x20, 0x20, 0x20, 0x20, 0x20, 0x3c, 0x2f
.byte 0x64, 0x69, 0x76, 0x3e, 0x0d, 0x0a, 0x0d, 0x0a, 0x20, 0x20, 0x20, 0x20, 0x20, 0x20, 0x20, 0x20
.byte 0x20, 0x20, 0x20, 0x20, 0x3c, 0x21, 0x2d, 0x2d, 0x20, 0x41, 0x63, 0x63, 0x6f, 0x75, 0x6e, 0x74
.byte 0x20, 0x53, 0x65, 0x74, 0x74, 0x69, 0x6e, 0x67, 0x73, 0x20, 0x43, 0x6f, 0x6e, 0x74, 0x65, 0x6e
.byte 0x74, 0x20, 0x2d, 0x2d, 0x3e, 0x0d, 0x0a, 0x20, 0x20, 0x20, 0x20, 0x20, 0x20, 0x20, 0x20, 0x20
.byte 0x20, 0x20, 0x20, 0x3c, 0x64, 0x69, 0x76, 0x20, 0x69, 0x64, 0x3d, 0x22, 0x61, 0x63, 0x63, 0x6f
.byte 0x75, 0x6e, 0x74, 0x22, 0x20, 0x63, 0x6c, 0x61, 0x73, 0x73, 0x3d, 0x22, 0x74, 0x61, 0x62, 0x2d
.byte 0x63, 0x6f, 0x6e, 0x74, 0x65, 0x6e, 0x74, 0x22, 0x3e, 0x0d, 0x0a, 0x20, 0x20, 0x20, 0x20, 0x20
.byte 0x20, 0x20, 0x20, 0x20, 0x20, 0x20, 0x20, 0x20, 0x20, 0x20, 0x20, 0x3c, 0x68, 0x34, 0x20, 0x73
.byte 0x74, 0x79, 0x6c, 0x65, 0x3d, 0x22, 0x74, 0x65, 0x78, 0x74, 0x2d, 0x61, 0x6c, 0x69, 0x67, 0x6e
.byte 0x3a, 0x20, 0x6c, 0x65, 0x66, 0x74, 0x3b, 0x22, 0x3e, 0x41, 0x63, 0x63, 0x6f, 0x75, 0x6e, 0x74
.byte 0x20, 0x53, 0x65, 0x74, 0x74, 0x69, 0x6e, 0x67, 0x73, 0x3c, 0x2f, 0x68, 0x34, 0x3e, 0x0d, 0x0a
.byte 0x0d, 0x0a, 0x20, 0x20, 0x20, 0x20, 0x20, 0x20, 0x20, 0x20, 0x20, 0x20, 0x20, 0x20, 0x20, 0x20
.byte 0x20, 0x20, 0x20, 0x20, 0x20, 0x20, 0x3c, 0x64, 0x69, 0x76, 0x20, 0x63, 0x6c, 0x61, 0x73, 0x73
.byte 0x3d, 0x22, 0x69, 0x6e, 0x70, 0x75, 0x74, 0x2d, 0x72, 0x6f, 0x77, 0x22, 0x3e, 0x0d, 0x0a, 0x20
.byte 0x20, 0x20, 0x20, 0x20, 0x20, 0x20, 0x20, 0x20, 0x20, 0x20, 0x20, 0x20, 0x20, 0x20, 0x20, 0x20
.byte 0x20, 0x20, 0x20, 0x20, 0x20, 0x20, 0x20, 0x3c, 0x6c, 0x61, 0x62, 0x65, 0x6c, 0x3e, 0x0d, 0x0a
.byte 0x20, 0x20, 0x20, 0x20, 0x20, 0x20, 0x20, 0x20, 0x20, 0x20, 0x20, 0x20, 0x20, 0x20, 0x20, 0x20
.byte 0x20, 0x20, 0x20, 0x20, 0x20, 0x20, 0x20, 0x20, 0x20, 0x20, 0x20, 0x20, 0x3c, 0x73, 0x74, 0x72
.byte 0x6f, 0x6e, 0x67, 0x20, 0x73, 0x74, 0x79, 0x6c, 0x65, 0x3d, 0x22, 0x6d, 0x61, 0x72, 0x67, 0x69
.byte 0x6e, 0x2d, 0x6c, 0x65, 0x66, 0x74, 0x3a, 0x20, 0x32, 0x30, 0x70, 0x78, 0x3b, 0x22, 0x3e, 0x41
.byte 0x64, 0x6d, 0x69, 0x6e, 0x3c, 0x2f, 0x73, 0x74, 0x72, 0x6f, 0x6e, 0x67, 0x3e, 0x0d, 0x0a, 0x20
.byte 0x20, 0x20, 0x20, 0x20, 0x20, 0x20, 0x20, 0x20, 0x20, 0x20, 0x20, 0x20, 0x20, 0x20, 0x20, 0x20
.byte 0x20, 0x20, 0x20, 0x20, 0x20, 0x20, 0x20, 0x3c, 0x2f, 0x6c, 0x61, 0x62, 0x65, 0x6c, 0x3e, 0x0d
.byte 0x0a, 0x20, 0x20, 0x20, 0x20, 0x20, 0x20, 0x20, 0x20, 0x20, 0x20, 0x20, 0x20, 0x20, 0x20, 0x20
.byte 0x20, 0x20, 0x20, 0x20, 0x20, 0x3c, 0x2f, 0x64, 0x69, 0x76, 0x3e, 0x0d, 0x0a, 0x20, 0x20, 0x20
.byte 0x20, 0x20, 0x20, 0x20, 0x20, 0x20, 0x20, 0x20, 0x20, 0x20, 0x20, 0x20, 0x20, 0x20, 0x20, 0x20
.byte 0x20, 0x3c, 0x64, 0x69, 0x76, 0x20, 0x63, 0x6c, 0x61, 0x73, 0x73, 0x3d, 0x22, 0x69, 0x6e, 0x70
.byte 0x75, 0x74, 0x2d, 0x72, 0x6f, 0x77, 0x22, 0x3e, 0x0d, 0x0a, 0x20, 0x20, 0x20, 0x20, 0x20, 0x20
.byte 0x20, 0x20, 0x20, 0x20, 0x20, 0x20, 0x20, 0x20, 0x20, 0x20, 0x20, 0x20, 0x20, 0x20, 0x20, 0x20
.byte 0x20, 0x20, 0x3c, 0x73, 0x70, 0x61, 0x6e, 0x20, 0x63, 0x6c, 0x61, 0x73, 0x73, 0x3d, 0x22, 0x69
.byte 0x6e, 0x70, 0x75, 0x74, 0x2d, 0x6c, 0x61, 0x62, 0x65, 0x6c, 0x22, 0x3e, 0x55, 0x73, 0x65, 0x72
.byte 0x6e, 0x61, 0x6d, 0x65, 0x3c, 0x2f, 0x73, 0x70, 0x61, 0x6e, 0x3e, 0x0d, 0x0a, 0x20, 0x20, 0x20
.byte 0x20, 0x20, 0x20, 0x20, 0x20, 0x20, 0x20, 0x20, 0x20, 0x20, 0x20, 0x20, 0x20, 0x20, 0x20, 0x20
.byte 0x20, 0x20, 0x20, 0x20, 0x20, 0x3c, 0x69, 0x6e, 0x70, 0x75, 0x74, 0x20, 0x74, 0x79, 0x70, 0x65
.byte 0x3d, 0x22, 0x74, 0x65, 0x78, 0x74, 0x22, 0x20, 0x69, 0x64, 0x3d, 0x22, 0x75, 0x73, 0x65, 0x72
.byte 0x41, 0x64, 0x6d, 0x69, 0x6e, 0x22, 0x20, 0x70, 0x6c, 0x61, 0x63, 0x65, 0x68, 0x6f, 0x6c, 0x64
.byte 0x65, 0x72, 0x3d, 0x22, 0x45, 0x6e, 0x74, 0x65, 0x72, 0x20, 0x75, 0x73, 0x65, 0x72, 0x6e, 0x61
.byte 0x6d, 0x65, 0x22, 0x20, 0x73, 0x74, 0x79, 0x6c, 0x65, 0x3d, 0x22, 0x6d, 0x61, 0x72, 0x67, 0x69
.byte 0x6e, 0x2d, 0x72, 0x69, 0x67, 0x68, 0x74, 0x3a, 0x20, 0x35, 0x35, 0x25, 0x3b, 0x20, 0x77, 0x69
.byte 0x64, 0x74, 0x68, 0x3a, 0x20, 0x32, 0x30, 0x25, 0x3b, 0x20, 0x70, 0x61, 0x64, 0x64, 0x69, 0x6e
.byte 0x67, 0x3a, 0x20, 0x38, 0x70, 0x78, 0x3b, 0x20, 0x62, 0x6f, 0x72, 0x64, 0x65, 0x72, 0x3a, 0x20
.byte 0x31, 0x70, 0x78, 0x20, 0x73, 0x6f, 0x6c, 0x69, 0x64, 0x20, 0x23, 0x63, 0x63, 0x63, 0x3b, 0x20
.byte 0x62, 0x6f, 0x72, 0x64, 0x65, 0x72, 0x2d, 0x72, 0x61, 0x64, 0x69, 0x75, 0x73, 0x3a, 0x20, 0x34
.byte 0x70, 0x78, 0x3b, 0x22, 0x3e, 0x0d, 0x0a, 0x20, 0x20, 0x20, 0x20, 0x20, 0x20, 0x20, 0x20, 0x20
.byte 0x20, 0x20, 0x20, 0x20, 0x20, 0x20, 0x20, 0x20, 0x20, 0x20, 0x20, 0x3c, 0x2f, 0x64, 0x69, 0x76
.byte 0x3e, 0x0d, 0x0a, 0x20, 0x20, 0x20, 0x20, 0x20, 0x20, 0x20, 0x20, 0x20, 0x20, 0x20, 0x20, 0x20
.byte 0x20, 0x20, 0x20, 0x20, 0x20, 0x20, 0x20, 0x3c, 0x64, 0x69, 0x76, 0x20, 0x63, 0x6c, 0x61, 0x73
.byte 0x73, 0x3d, 0x22, 0x69, 0x6e, 0x70, 0x75, 0x74, 0x2d, 0x72, 0x6f, 0x77, 0x22, 0x3e, 0x0d, 0x0a
.byte 0x20, 0x20, 0x20, 0x20, 0x20, 0x20, 0x20, 0x20, 0x20, 0x20, 0x20, 0x20, 0x20, 0x20, 0x20, 0x20
.byte 0x20, 0x20, 0x20, 0x20, 0x20, 0x20, 0x20, 0x20, 0x3c, 0x73, 0x70, 0x61, 0x6e, 0x20, 0x63, 0x6c
.byte 0x61, 0x73, 0x73, 0x3d, 0x22, 0x69, 0x6e, 0x70, 0x75, 0x74, 0x2d, 0x6c, 0x61, 0x62, 0x65, 0x6c
.byte 0x22, 0x3e, 0x50, 0x61, 0x73, 0x73, 0x77, 0x6f, 0x72, 0x64, 0x3c, 0x2f, 0x73, 0x70, 0x61, 0x6e
.byte 0x3e, 0x0d, 0x0a, 0x20, 0x20, 0x20, 0x20, 0x20, 0x20, 0x20, 0x20, 0x20, 0x20, 0x20, 0x20, 0x20
.byte 0x20, 0x20, 0x20, 0x20, 0x20, 0x20, 0x20, 0x20, 0x20, 0x20, 0x20, 0x3c, 0x69, 0x6e, 0x70, 0x75
.byte 0x74, 0x20, 0x74, 0x79, 0x70, 0x65, 0x3d, 0x22, 0x70, 0x61, 0x73, 0x73, 0x77, 0x6f, 0x72, 0x64
.byte 0x22, 0x20, 0x69, 0x64, 0x3d, 0x22, 0x70, 0x61, 0x73, 0x73, 0x41, 0x64, 0x6d, 0x69, 0x6e, 0x22
.byte 0x20, 0x70, 0x6c, 0x61, 0x63, 0x65, 0x68, 0x6f, 0x6c, 0x64, 0x65, 0x72, 0x3d, 0x22, 0x45, 0x6e
.byte 0x74, 0x65, 0x72, 0x20, 0x70, 0x61, 0x73, 0x73, 0x77, 0x6f, 0x72, 0x64, 0x22, 0x20, 0x73, 0x74
.byte 0x79, 0x6c, 0x65, 0x3d, 0x22, 0x6d, 0x61, 0x72, 0x67, 0x69, 0x6e, 0x2d, 0x72, 0x69, 0x67, 0x68
.byte 0x74, 0x3a, 0x20, 0x35, 0x35, 0x25, 0x3b, 0x20, 0x77, 0x69, 0x64, 0x74, 0x68, 0x3a, 0x20, 0x32
.byte 0x30, 0x25, 0x3b, 0x20, 0x70, 0x61, 0x64, 0x64, 0x69, 0x6e, 0x67, 0x3a, 0x20, 0x38, 0x70, 0x78
.byte 0x3b, 0x20, 0x62, 0x6f, 0x72, 0x64, 0x65, 0x72, 0x3a, 0x20, 0x31, 0x70, 0x78, 0x20, 0x73, 0x6f
.byte 0x6c, 0x69, 0x64, 0x20, 0x23, 0x63, 0x63, 0x63, 0x3b, 0x20, 0x62, 0x6f, 0x72, 0x64, 0x65, 0x72
.byte 0x2d, 0x72, 0x61, 0x64, 0x69, 0x75, 0x73, 0x3a, 0x20, 0x34, 0x70, 0x78, 0x3b, 0x22, 0x3e, 0x0d
.byte 0x0a, 0x20, 0x20, 0x20, 0x20, 0x20, 0x20, 0x20, 0x20, 0x20, 0x20, 0x20, 0x20, 0x20, 0x20, 0x20
.byte 0x20, 0x20, 0x20, 0x20, 0x20, 0x3c, 0x2f, 0x64, 0x69, 0x76, 0x3e, 0x0d, 0x0a, 0x0d, 0x0a, 0x20
.byte 0x20, 0x20, 0x20, 0x20, 0x20, 0x20, 0x20, 0x20, 0x20, 0x20, 0x20, 0x20, 0x20, 0x20, 0x20, 0x20
.byte 0x20, 0x20, 0x20, 0x3c, 0x64, 0x69, 0x76, 0x20, 0x63, 0x6c, 0x61, 0x73, 0x73, 0x3d, 0x22, 0x69
.byte 0x6e, 0x70, 0x75, 0x74, 0x2d, 0x72, 0x6f, 0x77, 0x22, 0x3e, 0x0d, 0x0a, 0x20, 0x20, 0x20, 0x20
.byte 0x20, 0x20, 0x20, 0x20, 0x20, 0x20, 0x20, 0x20, 0x20, 0x20, 0x20, 0x20, 0x20, 0x20, 0x20, 0x20
.byte 0x20, 0x20, 0x20, 0x20, 0x3c, 0x6c, 0x61, 0x62, 0x65, 0x6c, 0x3e, 0x0d, 0x0a, 0x20, 0x20, 0x20
.byte 0x20, 0x20, 0x20, 0x20, 0x20, 0x20, 0x20, 0x20, 0x20, 0x20, 0x20, 0x20, 0x20, 0x20, 0x20, 0x20
.byte 0x20, 0x20, 0x20, 0x20, 0x20, 0x20, 0x20, 0x20, 0x20, 0x3c, 0x73, 0x74, 0x72, 0x6f, 0x6e, 0x67
.byte 0x20, 0x73, 0x74, 0x79, 0x6c, 0x65, 0x3d, 0x22, 0x6d, 0x61, 0x72, 0x67, 0x69, 0x6e, 0x2d, 0x6c
.byte 0x65, 0x66, 0x74, 0x3a, 0x20, 0x32, 0x30, 0x70, 0x78, 0x3b, 0x22, 0x3e, 0x43, 0x6f, 0x6e, 0x73
.byte 0x75, 0x6c, 0x74, 0x61, 0x6e, 0x74, 0x3c, 0x2f, 0x73, 0x74, 0x72, 0x6f, 0x6e, 0x67, 0x3e, 0x0d
.byte 0x0a, 0x20, 0x20, 0x20, 0x20, 0x20, 0x20, 0x20, 0x20, 0x20, 0x20, 0x20, 0x20, 0x20, 0x20, 0x20
.byte 0x20, 0x20, 0x20, 0x20, 0x20, 0x20, 0x20, 0x20, 0x20, 0x3c, 0x2f, 0x6c, 0x61, 0x62, 0x65, 0x6c
.byte 0x3e, 0x0d, 0x0a, 0x20, 0x20, 0x20, 0x20, 0x20, 0x20, 0x20, 0x20, 0x20, 0x20, 0x20, 0x20, 0x20
.byte 0x20, 0x20, 0x20, 0x20, 0x20, 0x20, 0x20, 0x3c, 0x2f, 0x64, 0x69, 0x76, 0x3e, 0x0d, 0x0a, 0x20
.byte 0x20, 0x20, 0x20, 0x20, 0x20, 0x20, 0x20, 0x20, 0x20, 0x20, 0x20, 0x20, 0x20, 0x20, 0x20, 0x20
.byte 0x20, 0x20, 0x20, 0x3c, 0x64, 0x69, 0x76, 0x20, 0x63, 0x6c, 0x61, 0x73, 0x73, 0x3d, 0x22, 0x69
.byte 0x6e, 0x70, 0x75, 0x74, 0x2d, 0x72, 0x6f, 0x77, 0x22, 0x3e, 0x0d, 0x0a, 0x20, 0x20, 0x20, 0x20
.byte 0x20, 0x20, 0x20, 0x20, 0x20, 0x20, 0x20, 0x20, 0x20, 0x20, 0x20, 0x20, 0x20, 0x20, 0x20, 0x20
.byte 0x20, 0x20, 0x20, 0x20, 0x3c, 0x73, 0x70, 0x61, 0x6e, 0x20, 0x63, 0x6c, 0x61, 0x73, 0x73, 0x3d
.byte 0x22, 0x69, 0x6e, 0x70, 0x75, 0x74, 0x2d, 0x6c, 0x61, 0x62, 0x65, 0x6c, 0x22, 0x3e, 0x55, 0x73
.byte 0x65, 0x72, 0x6e, 0x61, 0x6d, 0x65, 0x3c, 0x2f, 0x73, 0x70, 0x61, 0x6e, 0x3e, 0x0d, 0x0a, 0x20
.byte 0x20, 0x20, 0x20, 0x20, 0x20, 0x20, 0x20, 0x20, 0x20, 0x20, 0x20, 0x20, 0x20, 0x20, 0x20, 0x20
.byte 0x20, 0x20, 0x20, 0x20, 0x20, 0x20, 0x20, 0x3c, 0x69, 0x6e, 0x70, 0x75, 0x74, 0x20, 0x74, 0x79
.byte 0x70, 0x65, 0x3d, 0x22, 0x74, 0x65, 0x78, 0x74, 0x22, 0x20, 0x69, 0x64, 0x3d, 0x22, 0x75, 0x73
.byte 0x65, 0x72, 0x43, 0x6f, 0x6e, 0x73, 0x75, 0x6c, 0x74, 0x61, 0x6e, 0x74, 0x22, 0x20, 0x70, 0x6c
.byte 0x61, 0x63, 0x65, 0x68, 0x6f, 0x6c, 0x64, 0x65, 0x72, 0x3d, 0x22, 0x45, 0x6e, 0x74, 0x65, 0x72
.byte 0x20, 0x75, 0x73, 0x65, 0x72, 0x6e, 0x61, 0x6d, 0x65, 0x22, 0x20, 0x73, 0x74, 0x79, 0x6c, 0x65
.byte 0x3d, 0x22, 0x6d, 0x61, 0x72, 0x67, 0x69, 0x6e, 0x2d, 0x72, 0x69, 0x67, 0x68, 0x74, 0x3a, 0x20
.byte 0x35, 0x35, 0x25, 0x3b, 0x20, 0x77, 0x69, 0x64, 0x74, 0x68, 0x3a, 0x20, 0x32, 0x30, 0x25, 0x3b
.byte 0x20, 0x70, 0x61, 0x64, 0x64, 0x69, 0x6e, 0x67, 0x3a, 0x20, 0x38, 0x70, 0x78, 0x3b, 0x20, 0x62
.byte 0x6f, 0x72, 0x64, 0x65, 0x72, 0x3a, 0x20, 0x31, 0x70, 0x78, 0x20, 0x73, 0x6f, 0x6c, 0x69, 0x64
.byte 0x20, 0x23, 0x63, 0x63, 0x63, 0x3b, 0x20, 0x62, 0x6f, 0x72, 0x64, 0x65, 0x72, 0x2d, 0x72, 0x61
.byte 0x64, 0x69, 0x75, 0x73, 0x3a, 0x20, 0x34, 0x70, 0x78, 0x3b, 0x22, 0x3e, 0x0d, 0x0a, 0x20, 0x20
.byte 0x20, 0x20, 0x20, 0x20, 0x20, 0x20, 0x20, 0x20, 0x20, 0x20, 0x20, 0x20, 0x20, 0x20, 0x20, 0x20
.byte 0x20, 0x20, 0x3c, 0x2f, 0x64, 0x69, 0x76, 0x3e, 0x0d, 0x0a, 0x20, 0x20, 0x20, 0x20, 0x20, 0x20
.byte 0x20, 0x20, 0x20, 0x20, 0x20, 0x20, 0x20, 0x20, 0x20, 0x20, 0x20, 0x20, 0x20, 0x20, 0x3c, 0x64
.byte 0x69, 0x76, 0x20, 0x63, 0x6c, 0x61, 0x73, 0x73, 0x3d, 0x22, 0x69, 0x6e, 0x70, 0x75, 0x74, 0x2d
.byte 0x72, 0x6f, 0x77, 0x22, 0x3e, 0x0d, 0x0a, 0x20, 0x20, 0x20, 0x20, 0x20, 0x20, 0x20, 0x20, 0x20
.byte 0x20, 0x20, 0x20, 0x20, 0x20, 0x20, 0x20, 0x20, 0x20, 0x20, 0x20, 0x20, 0x20, 0x20, 0x20, 0x3c
.byte 0x73, 0x70, 0x61, 0x6e, 0x20, 0x63, 0x6c, 0x61, 0x73, 0x73, 0x3d, 0x22, 0x69, 0x6e, 0x70, 0x75
.byte 0x74, 0x2d, 0x6c, 0x61, 0x62, 0x65, 0x6c, 0x22, 0x3e, 0x50, 0x61, 0x73, 0x73, 0x77, 0x6f, 0x72
.byte 0x64, 0x3c, 0x2f, 0x73, 0x70, 0x61, 0x6e, 0x3e, 0x0d, 0x0a, 0x20, 0x20, 0x20, 0x20, 0x20, 0x20
.byte 0x20, 0x20, 0x20, 0x20, 0x20, 0x20, 0x20, 0x20, 0x20, 0x20, 0x20, 0x20, 0x20, 0x20, 0x20, 0x20
.byte 0x20, 0x20, 0x3c, 0x69, 0x6e, 0x70, 0x75, 0x74, 0x20, 0x74, 0x79, 0x70, 0x65, 0x3d, 0x22, 0x70
.byte 0x61, 0x73, 0x73, 0x77, 0x6f, 0x72, 0x64, 0x22, 0x20, 0x69, 0x64, 0x3d, 0x22, 0x70, 0x61, 0x73
.byte 0x73, 0x43, 0x6f, 0x6e, 0x73, 0x75, 0x6c, 0x74, 0x61, 0x6e, 0x74, 0x22, 0x20, 0x70, 0x6c, 0x61
.byte 0x63, 0x65, 0x68, 0x6f, 0x6c, 0x64, 0x65, 0x72, 0x3d, 0x22, 0x45, 0x6e, 0x74, 0x65, 0x72, 0x20
.byte 0x70, 0x61, 0x73, 0x73, 0x77, 0x6f, 0x72, 0x64, 0x22, 0x20, 0x73, 0x74, 0x79, 0x6c, 0x65, 0x3d
.byte 0x22, 0x6d, 0x61, 0x72, 0x67, 0x69, 0x6e, 0x2d, 0x72, 0x69, 0x67, 0x68, 0x74, 0x3a, 0x20, 0x35
.byte 0x35, 0x25, 0x3b, 0x20, 0x77, 0x69, 0x64, 0x74, 0x68, 0x3a, 0x20, 0x32, 0x30, 0x25, 0x3b, 0x20
.byte 0x70, 0x61, 0x64, 0x64, 0x69, 0x6e, 0x67, 0x3a, 0x20, 0x38, 0x70, 0x78, 0x3b, 0x20, 0x62, 0x6f
.byte 0x72, 0x64, 0x65, 0x72, 0x3a, 0x20, 0x31, 0x70, 0x78, 0x20, 0x73, 0x6f, 0x6c, 0x69, 0x64, 0x20
.byte 0x23, 0x63, 0x63, 0x63, 0x3b, 0x20, 0x62, 0x6f, 0x72, 0x64, 0x65, 0x72, 0x2d, 0x72, 0x61, 0x64
.byte 0x69, 0x75, 0x73, 0x3a, 0x20, 0x34, 0x70, 0x78, 0x3b, 0x22, 0x3e, 0x0d, 0x0a, 0x20, 0x20, 0x20
.byte 0x20, 0x20, 0x20, 0x20, 0x20, 0x20, 0x20, 0x20, 0x20, 0x20, 0x20, 0x20, 0x20, 0x20, 0x20, 0x20
.byte 0x20, 0x3c, 0x2f, 0x64, 0x69, 0x76, 0x3e, 0x0d, 0x0a, 0x20, 0x20, 0x20, 0x20, 0x20, 0x20, 0x20
.byte 0x20, 0x20, 0x20, 0x20, 0x20, 0x20, 0x20, 0x20, 0x20, 0x20, 0x20, 0x20, 0x20, 0x3c, 0x64, 0x69
.byte 0x76, 0x20, 0x63, 0x6c, 0x61, 0x73, 0x73, 0x3d, 0x22, 0x69, 0x6e, 0x70, 0x75, 0x74, 0x2d, 0x72
.byte 0x6f, 0x77, 0x22, 0x3e, 0x0d, 0x0a, 0x20, 0x20, 0x20, 0x20, 0x20, 0x20, 0x20, 0x20, 0x20, 0x20
.byte 0x20, 0x20, 0x20, 0x20, 0x20, 0x20, 0x20, 0x20, 0x20, 0x20, 0x20, 0x20, 0x20, 0x20, 0x3c, 0x6c
.byte 0x61, 0x62, 0x65, 0x6c, 0x3e, 0x0d, 0x0a, 0x20, 0x20, 0x20, 0x20, 0x20, 0x20, 0x20, 0x20, 0x20
.byte 0x20, 0x20, 0x20, 0x20, 0x20, 0x20, 0x20, 0x20, 0x20, 0x20, 0x20, 0x20, 0x20, 0x20, 0x20, 0x20
.byte 0x20, 0x20, 0x20, 0x3c, 0x73, 0x74, 0x72, 0x6f, 0x6e, 0x67, 0x20, 0x73, 0x74, 0x79, 0x6c, 0x65
.byte 0x3d, 0x22, 0x6d, 0x61, 0x72, 0x67, 0x69, 0x6e, 0x2d, 0x6c, 0x65, 0x66, 0x74, 0x3a, 0x20, 0x32
.byte 0x30, 0x70, 0x78, 0x3b, 0x22, 0x3e, 0x43, 0x6f, 0x64, 0x65, 0x20, 0x66, 0x6f, 0x72, 0x20, 0x67
.byte 0x75, 0x65, 0x73, 0x74, 0x3c, 0x2f, 0x73, 0x74, 0x72, 0x6f, 0x6e, 0x67, 0x3e, 0x0d, 0x0a, 0x20
.byte 0x20, 0x20, 0x20, 0x20, 0x20, 0x20, 0x20, 0x20, 0x20, 0x20, 0x20, 0x20, 0x20, 0x20, 0x20, 0x20
.byte 0x20, 0x20, 0x20, 0x20, 0x20, 0x20, 0x20, 0x3c, 0x2f, 0x6c, 0x61, 0x62, 0x65, 0x6c, 0x3e, 0x0d
.byte 0x0a, 0x20, 0x20, 0x20, 0x20, 0x20, 0x20, 0x20, 0x20, 0x20, 0x20, 0x20, 0x20, 0x20, 0x20, 0x20
.byte 0x20, 0x20, 0x20, 0x20, 0x20, 0x3c, 0x2f, 0x64, 0x69, 0x76, 0x3e, 0x0d, 0x0a, 0x20, 0x20, 0x20
.byte 0x20, 0x20, 0x20, 0x20, 0x20, 0x20, 0x20, 0x20, 0x20, 0x20, 0x20, 0x20, 0x20, 0x20, 0x20, 0x20
.byte 0x20, 0x3c, 0x64, 0x69, 0x76, 0x20, 0x63, 0x6c, 0x61, 0x73, 0x73, 0x3d, 0x22, 0x69, 0x6e, 0x70
.byte 0x75, 0x74, 0x2d, 0x72, 0x6f, 0x77, 0x22, 0x20, 0x73, 0x74, 0x79, 0x6c, 0x65, 0x3d, 0x22, 0x64
.byte 0x69, 0x73, 0x70, 0x6c, 0x61, 0x79, 0x3a, 0x20, 0x66, 0x6c, 0x65, 0x78, 0x3b, 0x20, 0x61, 0x6c
.byte 0x69, 0x67, 0x6e, 0x2d, 0x69, 0x74, 0x65, 0x6d, 0x73, 0x3a, 0x20, 0x63, 0x65, 0x6e, 0x74, 0x65
.byte 0x72, 0x3b, 0x22, 0x3e, 0x0d, 0x0a, 0x20, 0x20, 0x20, 0x20, 0x20, 0x20, 0x20, 0x20, 0x20, 0x20
.byte 0x20, 0x20, 0x20, 0x20, 0x20, 0x20, 0x20, 0x20, 0x20, 0x20, 0x20, 0x20, 0x20, 0x20, 0x3c, 0x62
.byte 0x75, 0x74, 0x74, 0x6f, 0x6e, 0x20, 0x63, 0x6c, 0x61, 0x73, 0x73, 0x3d, 0x22, 0x62, 0x74, 0x6e
.byte 0x22, 0x20, 0x6f, 0x6e, 0x63, 0x6c, 0x69, 0x63, 0x6b, 0x3d, 0x22, 0x67, 0x65, 0x6e, 0x65, 0x72
.byte 0x61, 0x74, 0x65, 0x52, 0x61, 0x6e, 0x64, 0x6f, 0x6d, 0x43, 0x6f, 0x64, 0x65, 0x28, 0x29, 0x22
.byte 0x20, 0x73, 0x74, 0x79, 0x6c, 0x65, 0x3d, 0x22, 0x6d, 0x61, 0x72, 0x67, 0x69, 0x6e, 0x2d, 0x6c
.byte 0x65, 0x66, 0x74, 0x3a, 0x20, 0x33, 0x25, 0x3b, 0x20, 0x62, 0x61, 0x63, 0x6b, 0x67, 0x72, 0x6f
.byte 0x75, 0x6e, 0x64, 0x2d, 0x63, 0x6f, 0x6c, 0x6f, 0x72, 0x3a, 0x20, 0x23, 0x32, 0x61, 0x33, 0x66
.byte 0x36, 0x65, 0x3b, 0x20, 0x63, 0x6f, 0x6c, 0x6f, 0x72, 0x3a, 0x20, 0x77, 0x68, 0x69, 0x74, 0x65
.byte 0x3b, 0x20, 0x62, 0x6f, 0x72, 0x64, 0x65, 0x72, 0x3a, 0x20, 0x6e, 0x6f, 0x6e, 0x65, 0x3b, 0x20
.byte 0x63, 0x75, 0x72, 0x73, 0x6f, 0x72, 0x3a, 0x20, 0x70, 0x6f, 0x69, 0x6e, 0x74, 0x65, 0x72, 0x3b
.byte 0x20, 0x70, 0x61, 0x64, 0x64, 0x69, 0x6e, 0x67, 0x3a, 0x20, 0x35, 0x70, 0x78, 0x20, 0x31, 0x30
.byte 0x70, 0x78, 0x3b, 0x20, 0x62, 0x6f, 0x72, 0x64, 0x65, 0x72, 0x2d, 0x72, 0x61, 0x64, 0x69, 0x75
.byte 0x73, 0x3a, 0x20, 0x35, 0x70, 0x78, 0x3b, 0x22, 0x3e, 0x47, 0x65, 0x6e, 0x65, 0x72, 0x61, 0x74
.byte 0x65, 0x3c, 0x2f, 0x62, 0x75, 0x74, 0x74, 0x6f, 0x6e, 0x3e, 0x0d, 0x0a, 0x20, 0x20, 0x20, 0x20
.byte 0x20, 0x20, 0x20, 0x20, 0x20, 0x20, 0x20, 0x20, 0x20, 0x20, 0x20, 0x20, 0x20, 0x20, 0x20, 0x20
.byte 0x20, 0x20, 0x20, 0x20, 0x3c, 0x62, 0x75, 0x74, 0x74, 0x6f, 0x6e, 0x20, 0x63, 0x6c, 0x61, 0x73
.byte 0x73, 0x3d, 0x22, 0x62, 0x74, 0x6e, 0x22, 0x20, 0x6f, 0x6e, 0x63, 0x6c, 0x69, 0x63, 0x6b, 0x3d
.byte 0x22, 0x63, 0x6c, 0x65, 0x61, 0x72, 0x43, 0x6f, 0x64, 0x65, 0x28, 0x29, 0x22, 0x20, 0x73, 0x74
.byte 0x79, 0x6c, 0x65, 0x3d, 0x22, 0x62, 0x61, 0x63, 0x6b, 0x67, 0x72, 0x6f, 0x75, 0x6e, 0x64, 0x2d
.byte 0x63, 0x6f, 0x6c, 0x6f, 0x72, 0x3a, 0x20, 0x23, 0x32, 0x61, 0x33, 0x66, 0x36, 0x65, 0x3b, 0x20
.byte 0x63, 0x6f, 0x6c, 0x6f, 0x72, 0x3a, 0x20, 0x77, 0x68, 0x69, 0x74, 0x65, 0x3b, 0x20, 0x62, 0x6f
.byte 0x72, 0x64, 0x65, 0x72, 0x3a, 0x20, 0x6e, 0x6f, 0x6e, 0x65, 0x3b, 0x20, 0x63, 0x75, 0x72, 0x73
.byte 0x6f, 0x72, 0x3a, 0x20, 0x70, 0x6f, 0x69, 0x6e, 0x74, 0x65, 0x72, 0x3b, 0x20, 0x70, 0x61, 0x64
.byte 0x64, 0x69, 0x6e, 0x67, 0x3a, 0x20, 0x35, 0x70, 0x78, 0x20, 0x31, 0x30, 0x70, 0x78, 0x3b, 0x20
.byte 0x62, 0x6f, 0x72, 0x64, 0x65, 0x72, 0x2d, 0x72, 0x61, 0x64, 0x69, 0x75, 0x73, 0x3a, 0x20, 0x35
.byte 0x70, 0x78, 0x3b, 0x20, 0x6d, 0x61, 0x72, 0x67, 0x69, 0x6e, 0x2d, 0x6c, 0x65, 0x66, 0x74, 0x3a
.byte 0x20, 0x31, 0x30, 0x70, 0x78, 0x3b, 0x22, 0x3e, 0x43, 0x6c, 0x65, 0x61, 0x72, 0x3c, 0x2f, 0x62
.byte 0x75, 0x74, 0x74, 0x6f, 0x6e, 0x3e, 0x20, 0x0d, 0x0a, 0x20, 0x20, 0x20, 0x20, 0x20, 0x20, 0x20
.byte 0x20, 0x20, 0x20, 0x20, 0x20, 0x20, 0x20, 0x20, 0x20, 0x20, 0x20, 0x20, 0x20, 0x20, 0x20, 0x20
.byte 0x20, 0x3c, 0x69, 0x6e, 0x70, 0x75, 0x74, 0x20, 0x74, 0x79, 0x70, 0x65, 0x3d, 0x22, 0x74, 0x65
.byte 0x78, 0x74, 0x22, 0x20, 0x69, 0x64, 0x3d, 0x22, 0x63, 0x6f, 0x64, 0x65, 0x47, 0x75, 0x65, 0x73
.byte 0x74, 0x22, 0x20, 0x72, 0x65, 0x61, 0x64, 0x6f, 0x6e, 0x6c, 0x79, 0x20, 0x73, 0x74, 0x79, 0x6c
.byte 0x65, 0x3d, 0x22, 0x66, 0x6f, 0x6e, 0x74, 0x2d, 0x73, 0x69, 0x7a, 0x65, 0x3a, 0x20, 0x32, 0x30
.byte 0x70, 0x78, 0x3b, 0x74, 0x65, 0x78, 0x74, 0x2d, 0x61, 0x6c, 0x69, 0x67, 0x6e, 0x3a, 0x63, 0x65
.byte 0x6e, 0x74, 0x65, 0x72, 0x3b, 0x20, 0x6d, 0x61, 0x72, 0x67, 0x69, 0x6e, 0x2d, 0x72, 0x69, 0x67
.byte 0x68, 0x74, 0x3a, 0x20, 0x20, 0x36, 0x35, 0x25, 0x3b, 0x20, 0x66, 0x6c, 0x65, 0x78, 0x2d, 0x67
.byte 0x72, 0x6f, 0x77, 0x3a, 0x20, 0x31, 0x3b, 0x20, 0x6d, 0x61, 0x78, 0x2d, 0x77, 0x69, 0x64, 0x74
.byte 0x68, 0x3a, 0x20, 0x31, 0x30, 0x25, 0x3b, 0x20, 0x70, 0x61, 0x64, 0x64, 0x69, 0x6e, 0x67, 0x3a
.byte 0x20, 0x38, 0x70, 0x78, 0x3b, 0x20, 0x62, 0x6f, 0x72, 0x64, 0x65, 0x72, 0x3a, 0x20, 0x31, 0x70
.byte 0x78, 0x20, 0x73, 0x6f, 0x6c, 0x69, 0x64, 0x20, 0x23, 0x63, 0x63, 0x63, 0x3b, 0x20, 0x62, 0x6f
.byte 0x72, 0x64, 0x65, 0x72, 0x2d, 0x72, 0x61, 0x64, 0x69, 0x75, 0x73, 0x3a, 0x20, 0x34, 0x70, 0x78
.byte 0x3b, 0x20, 0x6d, 0x61, 0x72, 0x67, 0x69, 0x6e, 0x2d, 0x6c, 0x65, 0x66, 0x74, 0x3a, 0x20, 0x61
.byte 0x75, 0x74, 0x6f, 0x3b, 0x22, 0x3e, 0x0d, 0x0a, 0x20, 0x20, 0x20, 0x20, 0x20, 0x20, 0x20, 0x20
.byte 0x20, 0x20, 0x20, 0x20, 0x20, 0x20, 0x20, 0x20, 0x20, 0x20, 0x20, 0x20, 0x3c, 0x2f, 0x64, 0x69
.byte 0x76, 0x3e, 0x0d, 0x0a, 0x20, 0x20, 0x20, 0x20, 0x20, 0x20, 0x20, 0x20, 0x20, 0x20, 0x20, 0x20
.byte 0x20, 0x20, 0x20, 0x20, 0x20, 0x20, 0x20, 0x20, 0x0d, 0x0a, 0x20, 0x20, 0x20, 0x20, 0x20, 0x20
.byte 0x20, 0x20, 0x20, 0x20, 0x20, 0x20, 0x20, 0x20, 0x20, 0x20, 0x20, 0x20, 0x20, 0x20, 0x3c, 0x64
.byte 0x69, 0x76, 0x20, 0x73, 0x74, 0x79, 0x6c, 0x65, 0x3d, 0x22, 0x6d, 0x61, 0x72, 0x67, 0x69, 0x6e
.byte 0x2d, 0x74, 0x6f, 0x70, 0x3a, 0x20, 0x34, 0x30, 0x70, 0x78, 0x3b, 0x20, 0x64, 0x69, 0x73, 0x70
.byte 0x6c, 0x61, 0x79, 0x3a, 0x20, 0x66, 0x6c, 0x65, 0x78, 0x3b, 0x20, 0x6a, 0x75, 0x73, 0x74, 0x69
.byte 0x66, 0x79, 0x2d, 0x63, 0x6f, 0x6e, 0x74, 0x65, 0x6e, 0x74, 0x3a, 0x20, 0x63, 0x65, 0x6e, 0x74
.byte 0x65, 0x72, 0x3b, 0x22, 0x3e, 0x20, 0x3c, 0x21, 0x2d, 0x2d, 0x20, 0x43, 0xc4, 0x83, 0x6e, 0x20
.byte 0x67, 0x69, 0xe1, 0xbb, 0xaf, 0x61, 0x20, 0x2d, 0x2d, 0x3e, 0x0d, 0x0a, 0x20, 0x20, 0x20, 0x20
.byte 0x20, 0x20, 0x20, 0x20, 0x20, 0x20, 0x20, 0x20, 0x20, 0x20, 0x20, 0x20, 0x20, 0x20, 0x20, 0x20
.byte 0x3c, 0x62, 0x75, 0x74, 0x74, 0x6f, 0x6e, 0x20, 0x63, 0x6c, 0x61, 0x73, 0x73, 0x3d, 0x22, 0x62
.byte 0x74, 0x6e, 0x22, 0x20, 0x6f, 0x6e, 0x63, 0x6c, 0x69, 0x63, 0x6b, 0x3d, 0x22, 0x61, 0x70, 0x70
.byte 0x6c, 0x79, 0x53, 0x65, 0x74, 0x74, 0x69, 0x6e, 0x67, 0x73, 0x28, 0x29, 0x22, 0x3e, 0x55, 0x70
.byte 0x64, 0x61, 0x74, 0x65, 0x20, 0x41, 0x63, 0x63, 0x6f, 0x75, 0x6e, 0x74, 0x3c, 0x2f, 0x62, 0x75
.byte 0x74, 0x74, 0x6f, 0x6e, 0x3e, 0x0d, 0x0a, 0x20, 0x20, 0x20, 0x20, 0x20, 0x20, 0x20, 0x20, 0x20
.byte 0x20, 0x20, 0x20, 0x20, 0x20, 0x20, 0x20, 0x20, 0x20, 0x20, 0x20, 0x3c, 0x2f, 0x64, 0x69, 0x76
.byte 0x3e, 0x0d, 0x0a, 0x20, 0x20, 0x20, 0x20, 0x20, 0x20, 0x20, 0x20, 0x20, 0x20, 0x20, 0x20, 0x20
.byte 0x20, 0x20, 0x20, 0x20, 0x20, 0x20, 0x20, 0x3c, 0x70, 0x20, 0x63, 0x6c, 0x61, 0x73, 0x73, 0x3d
.byte 0x22, 0x6e, 0x6f, 0x74, 0x65, 0x22, 0x3e, 0x2a, 0x20, 0x55, 0x73, 0x65, 0x72, 0x6e, 0x61, 0x6d
.byte 0x65, 0x2c, 0x20, 0x70, 0x61, 0x73, 0x73, 0x77, 0x6f, 0x72, 0x64, 0x20, 0xc4, 0x91, 0xe1, 0xbb
.byte 0x99, 0x20, 0x64, 0xc3, 0xa0, 0x69, 0x20, 0x74, 0xe1, 0xbb, 0x91, 0x69, 0x20, 0xc4, 0x91, 0x61
.byte 0x20, 0x6c, 0xc3, 0xa0, 0x20, 0x31, 0x36, 0x20, 0x6b, 0xc3, 0xbd, 0x20, 0x74, 0xe1, 0xbb, 0xb1
.byte 0x3c, 0x2f, 0x70, 0x3e, 0x0d, 0x0a, 0x20, 0x20, 0x20, 0x20, 0x20, 0x20, 0x20, 0x20, 0x20, 0x20
.byte 0x20, 0x20, 0x3c, 0x2f, 0x64, 0x69, 0x76, 0x3e, 0x0d, 0x0a, 0x20, 0x20, 0x20, 0x20, 0x20, 0x20
.byte 0x20, 0x20, 0x20, 0x20, 0x20, 0x20, 0x3c, 0x64, 0x69, 0x76, 0x20, 0x69, 0x64, 0x3d, 0x22, 0x61
.byte 0x6c, 0x65, 0x72, 0x74, 0x22, 0x20, 0x63, 0x6c, 0x61, 0x73, 0x73, 0x3d, 0x22, 0x74, 0x61, 0x62
.byte 0x2d, 0x63, 0x6f, 0x6e, 0x74, 0x65, 0x6e, 0x74, 0x22, 0x3e, 0x0d, 0x0a, 0x20, 0x20, 0x20, 0x20
.byte 0x20, 0x20, 0x20, 0x20, 0x20, 0x20, 0x20, 0x20, 0x20, 0x20, 0x20, 0x20, 0x3c, 0x68, 0x34, 0x20
.byte 0x73, 0x74, 0x79, 0x6c, 0x65, 0x3d, 0x22, 0x74, 0x65, 0x78, 0x74, 0x2d, 0x61, 0x6c, 0x69, 0x67
.byte 0x6e, 0x3a, 0x20, 0x6c, 0x65, 0x66, 0x74, 0x3b, 0x22, 0x3e, 0x41, 0x6c, 0x65, 0x61, 0x72, 0x74
.byte 0x20, 0x53, 0x65, 0x74, 0x74, 0x69, 0x6e, 0x67, 0x73, 0x3c, 0x2f, 0x68, 0x34, 0x3e, 0x0d, 0x0a
.byte 0x0d, 0x0a, 0x20, 0x20, 0x20, 0x20, 0x20, 0x20, 0x20, 0x20, 0x20, 0x20, 0x20, 0x20, 0x20, 0x20
.byte 0x20, 0x20, 0x20, 0x20, 0x20, 0x20, 0x3c, 0x64, 0x69, 0x76, 0x20, 0x63, 0x6c, 0x61, 0x73, 0x73
.byte 0x3d, 0x22, 0x69, 0x6e, 0x70, 0x75, 0x74, 0x2d, 0x72, 0x6f, 0x77, 0x22, 0x3e, 0x0d, 0x0a, 0x20
.byte 0x20, 0x20, 0x20, 0x20, 0x20, 0x20, 0x20, 0x20, 0x20, 0x20, 0x20, 0x20, 0x20, 0x20, 0x20, 0x20
.byte 0x20, 0x20, 0x20, 0x20, 0x20, 0x20, 0x20, 0x3c, 0x6c, 0x61, 0x62, 0x65, 0x6c, 0x3e, 0x0d, 0x0a
.byte 0x20, 0x20, 0x20, 0x20, 0x20, 0x20, 0x20, 0x20, 0x20, 0x20, 0x20, 0x20, 0x20, 0x20, 0x20, 0x20
.byte 0x20, 0x20, 0x20, 0x20, 0x20, 0x20, 0x20, 0x20, 0x20, 0x20, 0x20, 0x20, 0x3c, 0x73, 0x74, 0x72
.byte 0x6f, 0x6e, 0x67, 0x20, 0x73, 0x74, 0x79, 0x6c, 0x65, 0x3d, 0x22, 0x6d, 0x61, 0x72, 0x67, 0x69
.byte 0x6e, 0x2d, 0x6c, 0x65, 0x66, 0x74, 0x3a, 0x20, 0x32, 0x30, 0x70, 0x78, 0x3b, 0x22, 0x3e, 0x4b
.byte 0x65, 0x65, 0x70, 0x20, 0x63, 0x6f, 0x6e, 0x6e, 0x65, 0x63, 0x74, 0x65, 0x64, 0x3c, 0x2f, 0x73
.byte 0x74, 0x72, 0x6f, 0x6e, 0x67, 0x3e, 0x0d, 0x0a, 0x20, 0x20, 0x20, 0x20, 0x20, 0x20, 0x20, 0x20
.byte 0x20, 0x20, 0x20, 0x20, 0x20, 0x20, 0x20, 0x20, 0x20, 0x20, 0x20, 0x20, 0x20, 0x20, 0x20, 0x20
.byte 0x3c, 0x2f, 0x6c, 0x61, 0x62, 0x65, 0x6c, 0x3e, 0x0d, 0x0a, 0x20, 0x20, 0x20, 0x20, 0x20, 0x20
.byte 0x20, 0x20, 0x20, 0x20, 0x20, 0x20, 0x20, 0x20, 0x20, 0x20, 0x20, 0x20, 0x20, 0x20, 0x3c, 0x2f
.byte 0x64, 0x69, 0x76, 0x3e, 0x0d, 0x0a, 0x20, 0x20, 0x20, 0x20, 0x20, 0x20, 0x20, 0x20, 0x20, 0x20
.byte 0x20, 0x20, 0x20, 0x20, 0x20, 0x20, 0x20, 0x20, 0x20, 0x20, 0x3c, 0x21, 0x2d, 0x2d, 0x20, 0x6e
.byte 0x75, 0x74, 0x20, 0xe1, 0xba, 0xa5, 0x6e, 0x20, 0x74, 0x68, 0xc3, 0xaa, 0x6d, 0x20, 0x68, 0xc3
.byte 0xa0, 0x6e, 0x67, 0x20, 0x6d, 0xe1, 0xbb, 0x9b, 0x69, 0x20, 0x2d, 0x2d, 0x3e, 0x0d, 0x0a, 0x20
.byte 0x20, 0x20, 0x20, 0x20, 0x20, 0x20, 0x20, 0x20, 0x20, 0x20, 0x20, 0x20, 0x20, 0x20, 0x20, 0x20
.byte 0x20, 0x20, 0x20, 0x3c, 0x64, 0x69, 0x76, 0x20, 0x63, 0x6c, 0x61, 0x73, 0x73, 0x3d, 0x22, 0x74
.byte 0x61, 0x62, 0x6c, 0x65, 0x5f, 0x63, 0x6f, 0x6d, 0x70, 0x6f, 0x6e, 0x65, 0x6e, 0x74, 0x22, 0x20
.byte 0x73, 0x74, 0x79, 0x6c, 0x65, 0x3d, 0x22, 0x6d, 0x61, 0x72, 0x67, 0x69, 0x6e, 0x2d, 0x62, 0x6f
.byte 0x74, 0x74, 0x6f, 0x6d, 0x3a, 0x20, 0x31, 0x30, 0x70, 0x78, 0x3b, 0x22, 0x20, 0x3e, 0x0d, 0x0a
.byte 0x20, 0x20, 0x20, 0x20, 0x20, 0x20, 0x20, 0x20, 0x20, 0x20, 0x20, 0x20, 0x20, 0x20, 0x20, 0x20
.byte 0x20, 0x20, 0x20, 0x20, 0x20, 0x20, 0x20, 0x20, 0x3c, 0x64, 0x69, 0x76, 0x20, 0x73, 0x74, 0x79
.byte 0x6c, 0x65, 0x3d, 0x22, 0x74, 0x65, 0x78, 0x74, 0x2d, 0x61, 0x6c, 0x69, 0x67, 0x6e, 0x3a, 0x20
.byte 0x6c, 0x65, 0x66, 0x74, 0x3b, 0x20, 0x6d, 0x61, 0x72, 0x67, 0x69, 0x6e, 0x2d, 0x62, 0x6f, 0x74
.byte 0x74, 0x6f, 0x6d, 0x3a, 0x20, 0x31, 0x30, 0x70, 0x78, 0x3b, 0x22, 0x3e, 0x0d, 0x0a, 0x20, 0x20
.byte 0x20, 0x20, 0x20, 0x20, 0x20, 0x20, 0x20, 0x20, 0x20, 0x20, 0x20, 0x20, 0x20, 0x20, 0x20, 0x20
.byte 0x20, 0x20, 0x20, 0x20, 0x20, 0x20, 0x0d, 0x0a, 0x20, 0x20, 0x20, 0x20, 0x20, 0x20, 0x20, 0x20
.byte 0x20, 0x20, 0x20, 0x20, 0x20, 0x20, 0x20, 0x20, 0x20, 0x20, 0x20, 0x20, 0x20, 0x20, 0x20, 0x20
.byte 0x20, 0x20, 0x20, 0x20, 0x3c, 0x74, 0x61, 0x62, 0x6c, 0x65, 0x20, 0x69, 0x64, 0x3d, 0x22, 0x64
.byte 0x61, 0x74, 0x61, 0x54, 0x61, 0x62, 0x6c, 0x65, 0x22, 0x3e, 0x0d, 0x0a, 0x20, 0x20, 0x20, 0x20
.byte 0x20, 0x20, 0x20, 0x20, 0x20, 0x20, 0x20, 0x20, 0x20, 0x20, 0x20, 0x20, 0x20, 0x20, 0x20, 0x20
.byte 0x20, 0x20, 0x20, 0x20, 0x20, 0x20, 0x20, 0x20, 0x20, 0x20, 0x20, 0x20, 0x3c, 0x74, 0x68, 0x65
.byte 0x61, 0x64, 0x3e, 0x0d, 0x0a, 0x20, 0x20, 0x20, 0x20, 0x20, 0x20, 0x20, 0x20, 0x20, 0x20, 0x20
.byte 0x20, 0x20, 0x20, 0x20, 0x20, 0x20, 0x20, 0x20, 0x20, 0x20, 0x20, 0x20, 0x20, 0x20, 0x20, 0x20
.byte 0x20, 0x20, 0x20, 0x20, 0x20, 0x20, 0x20, 0x20, 0x20, 0x3c, 0x74, 0x72, 0x3e, 0x0d, 0x0a, 0x20
.byte 0x20, 0x20, 0x20, 0x20, 0x20, 0x20, 0x20, 0x20, 0x20, 0x20, 0x20, 0x20, 0x20, 0x20, 0x20, 0x20
.byte 0x20, 0x20, 0x20, 0x20, 0x20, 0x20, 0x20, 0x20, 0x20, 0x20, 0x20, 0x20, 0x20, 0x20, 0x20, 0x20
.byte 0x20, 0x20, 0x20, 0x20, 0x20, 0x20, 0x20, 0x3c, 0x74, 0x68, 0x3e, 0x3c, 0x2f, 0x74, 0x68, 0x3e
.byte 0x0d, 0x0a, 0x20, 0x20, 0x20, 0x20, 0x20, 0x20, 0x20, 0x20, 0x20, 0x20, 0x20, 0x20, 0x20, 0x20
.byte 0x20, 0x20, 0x20, 0x20, 0x20, 0x20, 0x20, 0x20, 0x20, 0x20, 0x20, 0x20, 0x20, 0x20, 0x20, 0x20
.byte 0x20, 0x20, 0x20, 0x20, 0x20, 0x20, 0x20, 0x20, 0x20, 0x20, 0x3c, 0x74, 0x68, 0x3e, 0x50, 0x72
.byte 0x6f, 0x74, 0x6f, 0x63, 0x6f, 0x6c, 0x3c, 0x2f, 0x74, 0x68, 0x3e, 0x0d, 0x0a, 0x20, 0x20, 0x20
.byte 0x20, 0x20, 0x20, 0x20, 0x20, 0x20, 0x20, 0x20, 0x20, 0x20, 0x20, 0x20, 0x20, 0x20, 0x20, 0x20
.byte 0x20, 0x20, 0x20, 0x20, 0x20, 0x20, 0x20, 0x20, 0x20, 0x20, 0x20, 0x20, 0x20, 0x20, 0x20, 0x20
.byte 0x20, 0x20, 0x20, 0x20, 0x20, 0x3c, 0x74, 0x68, 0x3e, 0x49, 0x50, 0x20, 0x31, 0x3c, 0x2f, 0x74
.byte 0x68, 0x3e, 0x0d, 0x0a, 0x20, 0x20, 0x20, 0x20, 0x20, 0x20, 0x20, 0x20, 0x20, 0x20, 0x20, 0x20
.byte 0x20, 0x20, 0x20, 0x20, 0x20, 0x20, 0x20, 0x20, 0x20, 0x20, 0x20, 0x20, 0x20, 0x20, 0x20, 0x20
.byte 0x20, 0x20, 0x20, 0x20, 0x20, 0x20, 0x20, 0x20, 0x20, 0x20, 0x20, 0x20, 0x3c, 0x74, 0x68, 0x3e
.byte 0x49, 0x50, 0x20, 0x32, 0x3c, 0x2f, 0x74, 0x68, 0x3e, 0x0d, 0x0a, 0x20, 0x20, 0x20, 0x20, 0x20
.byte 0x20, 0x20, 0x20, 0x20, 0x20, 0x20, 0x20, 0x20, 0x20, 0x20, 0x20, 0x20, 0x20, 0x20, 0x20, 0x20
.byte 0x20, 0x20, 0x20, 0x20, 0x20, 0x20, 0x20, 0x20, 0x20, 0x20, 0x20, 0x20, 0x20, 0x20, 0x20, 0x20
.byte 0x20, 0x20, 0x20, 0x3c, 0x74, 0x68, 0x3e, 0x41, 0x63, 0x74, 0x69, 0x6f, 0x6e, 0x3c, 0x2f, 0x74
.byte 0x68, 0x3e, 0x0d, 0x0a, 0x20, 0x20, 0x20, 0x20, 0x20, 0x20, 0x20, 0x20, 0x20, 0x20, 0x20, 0x20
.byte 0x20, 0x20, 0x20, 0x20, 0x20, 0x20, 0x20, 0x20, 0x20, 0x20, 0x20, 0x20, 0x20, 0x20, 0x20, 0x20
.byte 0x20, 0x20, 0x20, 0x20, 0x20, 0x20, 0x20, 0x20, 0x3c, 0x2f, 0x74, 0x72, 0x3e, 0x0d, 0x0a, 0x20
.byte 0x20, 0x20, 0x20, 0x20, 0x20, 0x20, 0x20, 0x20, 0x20, 0x20, 0x20, 0x20, 0x20, 0x20, 0x20, 0x20
.byte 0x20, 0x20, 0x20, 0x20, 0x20, 0x20, 0x20, 0x20, 0x20, 0x20, 0x20, 0x20, 0x20, 0x20, 0x20, 0x3c
.byte 0x2f, 0x74, 0x68, 0x65, 0x61, 0x64, 0x3e, 0x0d, 0x0a, 0x20, 0x20, 0x20, 0x20, 0x20, 0x20, 0x20
.byte 0x20, 0x20, 0x20, 0x20, 0x20, 0x20, 0x20, 0x20, 0x20, 0x20, 0x20, 0x20, 0x20, 0x20, 0x20, 0x20
.byte 0x20, 0x20, 0x20, 0x20, 0x20, 0x20, 0x20, 0x20, 0x20, 0x3c, 0x74, 0x62, 0x6f, 0x64, 0x79, 0x3e
.byte 0x0d, 0x0a, 0x20, 0x20, 0x20, 0x20, 0x20, 0x20, 0x20, 0x20, 0x20, 0x20, 0x20, 0x20, 0x20, 0x20
.byte 0x20, 0x20, 0x20, 0x20, 0x20, 0x20, 0x20, 0x20, 0x20, 0x20, 0x20, 0x20, 0x20, 0x20, 0x20, 0x20
.byte 0x20, 0x20, 0x0d, 0x0a, 0x20, 0x20, 0x20, 0x20, 0x20, 0x20, 0x20, 0x20, 0x20, 0x20, 0x20, 0x20
.byte 0x20, 0x20, 0x20, 0x20, 0x20, 0x20, 0x20, 0x20, 0x20, 0x20, 0x20, 0x20, 0x20, 0x20, 0x20, 0x20
.byte 0x20, 0x20, 0x20, 0x20, 0x3c, 0x2f, 0x74, 0x62, 0x6f, 0x64, 0x79, 0x3e, 0x0d, 0x0a, 0x20, 0x20
.byte 0x20, 0x20, 0x20, 0x20, 0x20, 0x20, 0x20, 0x20, 0x20, 0x20, 0x20, 0x20, 0x20, 0x20, 0x20, 0x20
.byte 0x20, 0x20, 0x20, 0x20, 0x20, 0x20, 0x20, 0x20, 0x20, 0x20, 0x3c, 0x2f, 0x74, 0x61, 0x62, 0x6c
.byte 0x65, 0x3e, 0x0d, 0x0a, 0x20, 0x20, 0x20, 0x20, 0x20, 0x20, 0x20, 0x20, 0x20, 0x20, 0x20, 0x20
.byte 0x20, 0x20, 0x20, 0x20, 0x20, 0x20, 0x20, 0x20, 0x20, 0x20, 0x20, 0x20, 0x20, 0x20, 0x20, 0x20
.byte 0x0d, 0x0a, 0x20, 0x20, 0x20, 0x20, 0x20, 0x20, 0x20, 0x20, 0x20, 0x20, 0x20, 0x20, 0x20, 0x20
.byte 0x20, 0x20, 0x20, 0x20, 0x20, 0x20, 0x20, 0x20, 0x20, 0x20, 0x3c, 0x2f, 0x64, 0x69, 0x76, 0x3e
.byte 0x0d, 0x0a, 0x20, 0x20, 0x20, 0x20, 0x20, 0x20, 0x20, 0x20, 0x20, 0x20, 0x20, 0x20, 0x20, 0x20
.byte 0x20, 0x20, 0x20, 0x20, 0x20, 0x20, 0x3c, 0x2f, 0x64, 0x69, 0x76, 0x3e, 0x20, 0x0d, 0x0a, 0x20
.byte 0x20, 0x20, 0x20, 0x20, 0x20, 0x20, 0x20, 0x20, 0x20, 0x20, 0x20, 0x20, 0x20, 0x20, 0x20, 0x20
.byte 0x20, 0x20, 0x20, 0x3c, 0x64, 0x69, 0x76, 0x20, 0x73, 0x74, 0x79, 0x6c, 0x65, 0x3d, 0x22, 0x64
.byte 0x69, 0x73, 0x70, 0x6c, 0x61, 0x79, 0x3a, 0x20, 0x66, 0x6c, 0x65, 0x78, 0x3b, 0x20, 0x6a, 0x75
.byte 0x73, 0x74, 0x69, 0x66, 0x79, 0x2d, 0x63, 0x6f, 0x6e, 0x74, 0x65, 0x6e, 0x74, 0x3a, 0x20, 0x6c
.byte 0x65, 0x66, 0x74, 0x3b, 0x20, 0x20, 0x6d, 0x61, 0x72, 0x67, 0x69, 0x6e, 0x2d, 0x62, 0x6f, 0x74
.byte 0x74, 0x6f, 0x6d, 0x3a, 0x20, 0x35, 0x30, 0x70, 0x78, 0x3b, 0x20, 0x70, 0x61, 0x64, 0x64, 0x69
.byte 0x6e, 0x67, 0x3a, 0x20, 0x35, 0x70, 0x78, 0x20, 0x31, 0x30, 0x70, 0x78, 0x3b, 0x20, 0x20, 0x66
.byte 0x6f, 0x6e, 0x74, 0x2d, 0x73, 0x69, 0x7a, 0x65, 0x3a, 0x20, 0x31, 0x30, 0x70, 0x78, 0x3b, 0x22
.byte 0x3e, 0x0d, 0x0a, 0x20, 0x20, 0x20, 0x20, 0x20, 0x20, 0x20, 0x20, 0x20, 0x20, 0x20, 0x20, 0x20
.byte 0x20, 0x20, 0x20, 0x20, 0x20, 0x20, 0x20, 0x3c, 0x62, 0x75, 0x74, 0x74, 0x6f, 0x6e, 0x20, 0x69
.byte 0x64, 0x3d, 0x22, 0x61, 0x64, 0x64, 0x52, 0x6f, 0x77, 0x22, 0x20, 0x73, 0x74, 0x79, 0x6c, 0x65
.byte 0x3d, 0x22, 0x6d, 0x61, 0x72, 0x67, 0x69, 0x6e, 0x2d, 0x6c, 0x65, 0x66, 0x74, 0x3a, 0x20, 0x32
.byte 0x35, 0x30, 0x70, 0x78, 0x3b, 0x20, 0x62, 0x61, 0x63, 0x6b, 0x67, 0x72, 0x6f, 0x75, 0x6e, 0x64
.byte 0x2d, 0x63, 0x6f, 0x6c, 0x6f, 0x72, 0x3a, 0x20, 0x23, 0x32, 0x61, 0x33, 0x66, 0x36, 0x65, 0x3b
.byte 0x20, 0x63, 0x6f, 0x6c, 0x6f, 0x72, 0x3a, 0x20, 0x77, 0x68, 0x69, 0x74, 0x65, 0x3b, 0x20, 0x62
.byte 0x6f, 0x72, 0x64, 0x65, 0x72, 0x3a, 0x20, 0x6e, 0x6f, 0x6e, 0x65, 0x3b, 0x20, 0x63, 0x75, 0x72
.byte 0x73, 0x6f, 0x72, 0x3a, 0x20, 0x70, 0x6f, 0x69, 0x6e, 0x74, 0x65, 0x72, 0x3b, 0x20, 0x70, 0x61
.byte 0x64, 0x64, 0x69, 0x6e, 0x67, 0x3a, 0x20, 0x35, 0x70, 0x78, 0x20, 0x31, 0x30, 0x70, 0x78, 0x3b
.byte 0x20, 0x62, 0x6f, 0x72, 0x64, 0x65, 0x72, 0x2d, 0x72, 0x61, 0x64, 0x69, 0x75, 0x73, 0x3a, 0x20
.byte 0x35, 0x70, 0x78, 0x3b, 0x22, 0x3e, 0x2b, 0x20, 0x41, 0x64, 0x64, 0x3c, 0x2f, 0x62, 0x75, 0x74
.byte 0x74, 0x6f, 0x6e, 0x3e, 0x20, 0x20, 0x0d, 0x0a, 0x20, 0x20, 0x20, 0x20, 0x20, 0x20, 0x20, 0x20
.byte 0x20, 0x20, 0x20, 0x20, 0x20, 0x20, 0x20, 0x20, 0x20, 0x20, 0x20, 0x20, 0x3c, 0x62, 0x75, 0x74
.byte 0x74, 0x6f, 0x6e, 0x20, 0x69, 0x64, 0x3d, 0x22, 0x64, 0x65, 0x6c, 0x65, 0x74, 0x65, 0x52, 0x6f
.byte 0x77, 0x22, 0x20, 0x73, 0x74, 0x79, 0x6c, 0x65, 0x3d, 0x22, 0x6d, 0x61, 0x72, 0x67, 0x69, 0x6e
.byte 0x2d, 0x6c, 0x65, 0x66, 0x74, 0x3a, 0x20, 0x31, 0x30, 0x70, 0x78, 0x3b, 0x20, 0x62, 0x61, 0x63
.byte 0x6b, 0x67, 0x72, 0x6f, 0x75, 0x6e, 0x64, 0x2d, 0x63, 0x6f, 0x6c, 0x6f, 0x72, 0x3a, 0x20, 0x23
.byte 0x32, 0x61, 0x33, 0x66, 0x36, 0x65, 0x3b, 0x20, 0x63, 0x6f, 0x6c, 0x6f, 0x72, 0x3a, 0x20, 0x77
.byte 0x68, 0x69, 0x74, 0x65, 0x3b, 0x20, 0x62, 0x6f, 0x72, 0x64, 0x65, 0x72, 0x3a, 0x20, 0x6e, 0x6f
.byte 0x6e, 0x65, 0x3b, 0x20, 0x63, 0x75, 0x72, 0x73, 0x6f, 0x72, 0x3a, 0x20, 0x70, 0x6f, 0x69, 0x6e
.byte 0x74, 0x65, 0x72, 0x3b, 0x20, 0x70, 0x61, 0x64, 0x64, 0x69, 0x6e, 0x67, 0x3a, 0x20, 0x35, 0x70
.byte 0x78, 0x20, 0x31, 0x30, 0x70, 0x78, 0x3b, 0x20, 0x62, 0x6f, 0x72, 0x64, 0x65, 0x72, 0x2d, 0x72
.byte 0x61, 0x64, 0x69, 0x75, 0x73, 0x3a, 0x20, 0x35, 0x70, 0x78, 0x3b, 0x22, 0x3e, 0x2d, 0x20, 0x44
.byte 0x65, 0x6c, 0x65, 0x74, 0x65, 0x3c, 0x2f, 0x62, 0x75, 0x74, 0x74, 0x6f, 0x6e, 0x3e, 0x20, 0x20
.byte 0x0d, 0x0a, 0x20, 0x20, 0x20, 0x20, 0x20, 0x20, 0x20, 0x20, 0x20, 0x20, 0x20, 0x20, 0x20, 0x20
.byte 0x20, 0x20, 0x20, 0x20, 0x20, 0x20, 0x20, 0x3c, 0x2f, 0x64, 0x69, 0x76, 0x3e, 0x0d, 0x0a, 0x20
.byte 0x20, 0x20, 0x20, 0x20, 0x20, 0x20, 0x20, 0x20, 0x20, 0x20, 0x20, 0x20, 0x20, 0x20, 0x20, 0x20
.byte 0x20, 0x20, 0x20, 0x3c, 0x64, 0x69, 0x76, 0x20, 0x63, 0x6c, 0x61, 0x73, 0x73, 0x3d, 0x22, 0x69
.byte 0x6e, 0x70, 0x75, 0x74, 0x2d, 0x72, 0x6f, 0x77, 0x22, 0x3e, 0x0d, 0x0a, 0x20, 0x20, 0x20, 0x20
.byte 0x20, 0x20, 0x20, 0x20, 0x20, 0x20, 0x20, 0x20, 0x20, 0x20, 0x20, 0x20, 0x20, 0x20, 0x20, 0x20
.byte 0x20, 0x20, 0x20, 0x20, 0x3c, 0x6c, 0x61, 0x62, 0x65, 0x6c, 0x3e, 0x0d, 0x0a, 0x20, 0x20, 0x20
.byte 0x20, 0x20, 0x20, 0x20, 0x20, 0x20, 0x20, 0x20, 0x20, 0x20, 0x20, 0x20, 0x20, 0x20, 0x20, 0x20
.byte 0x20, 0x20, 0x20, 0x20, 0x20, 0x20, 0x20, 0x20, 0x20, 0x3c, 0x73, 0x74, 0x72, 0x6f, 0x6e, 0x67
.byte 0x20, 0x73, 0x74, 0x79, 0x6c, 0x65, 0x3d, 0x22, 0x6d, 0x61, 0x72, 0x67, 0x69, 0x6e, 0x2d, 0x6c
.byte 0x65, 0x66, 0x74, 0x3a, 0x20, 0x32, 0x30, 0x70, 0x78, 0x3b, 0x22, 0x3e, 0x53, 0x65, 0x6e, 0x64
.byte 0x20, 0x61, 0x6c, 0x65, 0x72, 0x74, 0x3c, 0x2f, 0x73, 0x74, 0x72, 0x6f, 0x6e, 0x67, 0x3e, 0x0d
.byte 0x0a, 0x20, 0x20, 0x20, 0x20, 0x20, 0x20, 0x20, 0x20, 0x20, 0x20, 0x20, 0x20, 0x20, 0x20, 0x20
.byte 0x20, 0x20, 0x20, 0x20, 0x20, 0x20, 0x20, 0x20, 0x20, 0x3c, 0x2f, 0x6c, 0x61, 0x62, 0x65, 0x6c
.byte 0x3e, 0x0d, 0x0a, 0x20, 0x20, 0x20, 0x20, 0x20, 0x20, 0x20, 0x20, 0x20, 0x20, 0x20, 0x20, 0x20
.byte 0x20, 0x20, 0x20, 0x20, 0x20, 0x20, 0x20, 0x3c, 0x2f, 0x64, 0x69, 0x76, 0x3e, 0x0d, 0x0a, 0x20
.byte 0x20, 0x20, 0x20, 0x20, 0x20, 0x20, 0x20, 0x20, 0x20, 0x20, 0x20, 0x20, 0x20, 0x20, 0x20, 0x20
.byte 0x20, 0x20, 0x20, 0x3c, 0x64, 0x69, 0x76, 0x20, 0x63, 0x6c, 0x61, 0x73, 0x73, 0x3d, 0x22, 0x69
.byte 0x6e, 0x70, 0x75, 0x74, 0x2d, 0x72, 0x6f, 0x77, 0x22, 0x3e, 0x0d, 0x0a, 0x20, 0x20, 0x20, 0x20
.byte 0x20, 0x20, 0x20, 0x20, 0x20, 0x20, 0x20, 0x20, 0x20, 0x20, 0x20, 0x20, 0x20, 0x20, 0x20, 0x20
.byte 0x20, 0x20, 0x20, 0x20, 0x3c, 0x73, 0x70, 0x61, 0x6e, 0x20, 0x63, 0x6c, 0x61, 0x73, 0x73, 0x3d
.byte 0x22, 0x69, 0x6e, 0x70, 0x75, 0x74, 0x2d, 0x6c, 0x61, 0x62, 0x65, 0x6c, 0x22, 0x3e, 0x50, 0x68
.byte 0x6f, 0x6e, 0x65, 0x3c, 0x2f, 0x73, 0x70, 0x61, 0x6e, 0x3e, 0x0d, 0x0a, 0x20, 0x20, 0x20, 0x20
.byte 0x20, 0x20, 0x20, 0x20, 0x20, 0x20, 0x20, 0x20, 0x20, 0x20, 0x20, 0x20, 0x20, 0x20, 0x20, 0x20
.byte 0x20, 0x20, 0x20, 0x20, 0x3c, 0x69, 0x6e, 0x70, 0x75, 0x74, 0x20, 0x74, 0x79, 0x70, 0x65, 0x3d
.byte 0x22, 0x74, 0x65, 0x78, 0x74, 0x22, 0x20, 0x69, 0x64, 0x3d, 0x22, 0x70, 0x68, 0x6f, 0x6e, 0x65
.byte 0x31, 0x22, 0x20, 0x70, 0x6c, 0x61, 0x63, 0x65, 0x68, 0x6f, 0x6c, 0x64, 0x65, 0x72, 0x3d, 0x22
.byte 0x50, 0x68, 0x6f, 0x6e, 0x65, 0x20, 0x6e, 0x75, 0x6d, 0x62, 0x65, 0x72, 0x20, 0x31, 0x22, 0x20
.byte 0x73, 0x74, 0x79, 0x6c, 0x65, 0x3d, 0x22, 0x6d, 0x61, 0x72, 0x67, 0x69, 0x6e, 0x2d, 0x6c, 0x65
.byte 0x66, 0x74, 0x3a, 0x20, 0x31, 0x30, 0x25, 0x3b, 0x20, 0x77, 0x69, 0x64, 0x74, 0x68, 0x3a, 0x20
.byte 0x32, 0x30, 0x25, 0x3b, 0x20, 0x70, 0x61, 0x64, 0x64, 0x69, 0x6e, 0x67, 0x3a, 0x20, 0x38, 0x70
.byte 0x78, 0x3b, 0x20, 0x62, 0x6f, 0x72, 0x64, 0x65, 0x72, 0x3a, 0x20, 0x31, 0x70, 0x78, 0x20, 0x73
.byte 0x6f, 0x6c, 0x69, 0x64, 0x20, 0x23, 0x63, 0x63, 0x63, 0x3b, 0x20, 0x62, 0x6f, 0x72, 0x64, 0x65
.byte 0x72, 0x2d, 0x72, 0x61, 0x64, 0x69, 0x75, 0x73, 0x3a, 0x20, 0x34, 0x70, 0x78, 0x3b, 0x22, 0x3e
.byte 0x0d, 0x0a, 0x20, 0x20, 0x20, 0x20, 0x20, 0x20, 0x20, 0x20, 0x20, 0x20, 0x20, 0x20, 0x20, 0x20
.byte 0x20, 0x20, 0x20, 0x20, 0x20, 0x20, 0x20, 0x20, 0x0d, 0x0a, 0x20, 0x20, 0x20, 0x20, 0x20, 0x20
.byte 0x20, 0x20, 0x20, 0x20, 0x20, 0x20, 0x20, 0x20, 0x20, 0x20, 0x20, 0x20, 0x20, 0x20, 0x20, 0x20
.byte 0x20, 0x20, 0x3c, 0x69, 0x6e, 0x70, 0x75, 0x74, 0x20, 0x74, 0x79, 0x70, 0x65, 0x3d, 0x22, 0x74
.byte 0x65, 0x78, 0x74, 0x22, 0x20, 0x69, 0x64, 0x3d, 0x22, 0x70, 0x68, 0x6f, 0x6e, 0x65, 0x32, 0x22
.byte 0x20, 0x70, 0x6c, 0x61, 0x63, 0x65, 0x68, 0x6f, 0x6c, 0x64, 0x65, 0x72, 0x3d, 0x22, 0x50, 0x68
.byte 0x6f, 0x6e, 0x65, 0x20, 0x6e, 0x75, 0x6d, 0x62, 0x65, 0x72, 0x20, 0x32, 0x22, 0x20, 0x73, 0x74
.byte 0x79, 0x6c, 0x65, 0x3d, 0x22, 0x6d, 0x61, 0x72, 0x67, 0x69, 0x6e, 0x2d, 0x72, 0x69, 0x67, 0x68
.byte 0x74, 0x3a, 0x20, 0x33, 0x35, 0x25, 0x3b, 0x20, 0x77, 0x69, 0x64, 0x74, 0x68, 0x3a, 0x20, 0x32
.byte 0x30, 0x25, 0x3b, 0x20, 0x70, 0x61, 0x64, 0x64, 0x69, 0x6e, 0x67, 0x3a, 0x20, 0x38, 0x70, 0x78
.byte 0x3b, 0x20, 0x62, 0x6f, 0x72, 0x64, 0x65, 0x72, 0x3a, 0x20, 0x31, 0x70, 0x78, 0x20, 0x73, 0x6f
.byte 0x6c, 0x69, 0x64, 0x20, 0x23, 0x63, 0x63, 0x63, 0x3b, 0x20, 0x62, 0x6f, 0x72, 0x64, 0x65, 0x72
.byte 0x2d, 0x72, 0x61, 0x64, 0x69, 0x75, 0x73, 0x3a, 0x20, 0x34, 0x70, 0x78, 0x3b, 0x22, 0x3e, 0x0d
.byte 0x0a, 0x20, 0x20, 0x20, 0x20, 0x20, 0x20, 0x20, 0x20, 0x20, 0x20, 0x20, 0x20, 0x20, 0x20, 0x20
.byte 0x20, 0x20, 0x20, 0x20, 0x20, 0x3c, 0x2f, 0x64, 0x69, 0x76, 0x3e, 0x0d, 0x0a, 0x20, 0x20, 0x20
.byte 0x20, 0x20, 0x20, 0x20, 0x20, 0x20, 0x20, 0x20, 0x20, 0x20, 0x20, 0x20, 0x20, 0x20, 0x20, 0x20
.byte 0x20, 0x0d, 0x0a, 0x20, 0x20, 0x20, 0x20, 0x20, 0x20, 0x20, 0x20, 0x20, 0x20, 0x20, 0x20, 0x20
.byte 0x20, 0x20, 0x20, 0x20, 0x20, 0x20, 0x20, 0x3c, 0x64, 0x69, 0x76, 0x20, 0x73, 0x74, 0x79, 0x6c
.byte 0x65, 0x3d, 0x22, 0x6d, 0x61, 0x72, 0x67, 0x69, 0x6e, 0x2d, 0x74, 0x6f, 0x70, 0x3a, 0x20, 0x34
.byte 0x30, 0x70, 0x78, 0x3b, 0x20, 0x64, 0x69, 0x73, 0x70, 0x6c, 0x61, 0x79, 0x3a, 0x20, 0x66, 0x6c
.byte 0x65, 0x78, 0x3b, 0x20, 0x6a, 0x75, 0x73, 0x74, 0x69, 0x66, 0x79, 0x2d, 0x63, 0x6f, 0x6e, 0x74
.byte 0x65, 0x6e, 0x74, 0x3a, 0x20, 0x63, 0x65, 0x6e, 0x74, 0x65, 0x72, 0x3b, 0x22, 0x3e, 0x20, 0x3c
.byte 0x21, 0x2d, 0x2d, 0x20, 0x43, 0xc4, 0x83, 0x6e, 0x20, 0x67, 0x69, 0xe1, 0xbb, 0xaf, 0x61, 0x20
.byte 0x2d, 0x2d, 0x3e, 0x0d, 0x0a, 0x20, 0x20, 0x20, 0x20, 0x20, 0x20, 0x20, 0x20, 0x20, 0x20, 0x20
.byte 0x20, 0x20, 0x20, 0x20, 0x20, 0x20, 0x20, 0x20, 0x20, 0x20, 0x20, 0x20, 0x20, 0x3c, 0x62, 0x75
.byte 0x74, 0x74, 0x6f, 0x6e, 0x20, 0x63, 0x6c, 0x61, 0x73, 0x73, 0x3d, 0x22, 0x62, 0x74, 0x6e, 0x22
.byte 0x20, 0x6f, 0x6e, 0x63, 0x6c, 0x69, 0x63, 0x6b, 0x3d, 0x22, 0x61, 0x70, 0x70, 0x6c, 0x79, 0x53
.byte 0x65, 0x74, 0x74, 0x69, 0x6e, 0x67, 0x73, 0x28, 0x29, 0x22, 0x3e, 0x55, 0x70, 0x64, 0x61, 0x74
.byte 0x65, 0x20, 0x41, 0x6c, 0x65, 0x72, 0x74, 0x3c, 0x2f, 0x62, 0x75, 0x74, 0x74, 0x6f, 0x6e, 0x3e
.byte 0x0d, 0x0a, 0x20, 0x20, 0x20, 0x20, 0x20, 0x20, 0x20, 0x20, 0x20, 0x20, 0x20, 0x20, 0x20, 0x20
.byte 0x20, 0x20, 0x20, 0x20, 0x20, 0x20, 0x3c, 0x2f, 0x64, 0x69, 0x76, 0x3e, 0x0d, 0x0a, 0x20, 0x20
.byte 0x20, 0x20, 0x20, 0x20, 0x20, 0x20, 0x20, 0x20, 0x20, 0x20, 0x20, 0x20, 0x20, 0x20, 0x20, 0x20
.byte 0x20, 0x20, 0x3c, 0x70, 0x20, 0x63, 0x6c, 0x61, 0x73, 0x73, 0x3d, 0x22, 0x6e, 0x6f, 0x74, 0x65
.byte 0x22, 0x3e, 0x2a, 0x20, 0x53, 0xe1, 0xbb, 0x91, 0x20, 0x6b, 0xe1, 0xba, 0xbf, 0x74, 0x20, 0x6e
.byte 0xe1, 0xbb, 0x91, 0x69, 0x20, 0x74, 0xe1, 0xbb, 0x91, 0x69, 0x20, 0xc4, 0x91, 0x61, 0x20, 0x74
.byte 0x72, 0x6f, 0x6e, 0x67, 0x20, 0x62, 0xe1, 0xba, 0xa3, 0x6e, 0x67, 0x20, 0x6c, 0xc3, 0xa0, 0x20
.byte 0x33, 0x3c, 0x2f, 0x70, 0x3e, 0x0d, 0x0a, 0x20, 0x20, 0x20, 0x20, 0x20, 0x20, 0x20, 0x20, 0x20
.byte 0x20, 0x20, 0x20, 0x3c, 0x2f, 0x64, 0x69, 0x76, 0x3e, 0x0d, 0x0a, 0x20, 0x20, 0x20, 0x20, 0x20
.byte 0x20, 0x20, 0x20, 0x3c, 0x2f, 0x64, 0x69, 0x76, 0x3e, 0x0d, 0x0a, 0x20, 0x20, 0x20, 0x20, 0x20
.byte 0x20, 0x20, 0x20, 0x3c, 0x64, 0x69, 0x76, 0x20, 0x63, 0x6c, 0x61, 0x73, 0x73, 0x3d, 0x22, 0x66
.byte 0x6f, 0x6f, 0x74, 0x65, 0x72, 0x22, 0x3e, 0x0d, 0x0a, 0x20, 0x20, 0x20, 0x20, 0x20, 0x20, 0x20
.byte 0x20, 0x20, 0x20, 0x20, 0x20, 0x3c, 0x64, 0x69, 0x76, 0x20, 0x69, 0x64, 0x3d, 0x22, 0x64, 0x61
.byte 0x74, 0x65, 0x54, 0x69, 0x6d, 0x65, 0x22, 0x3e, 0x3c, 0x2f, 0x64, 0x69, 0x76, 0x3e, 0x0d, 0x0a
.byte 0x20, 0x20, 0x20, 0x20, 0x20, 0x20, 0x20, 0x20, 0x20, 0x20, 0x20, 0x20, 0x3c, 0x21, 0x2d, 0x2d
.byte 0x20, 0x54, 0x68, 0xe1, 0xbb, 0x9d, 0x69, 0x20, 0x67, 0x69, 0x61, 0x6e, 0x20, 0x76, 0xc3, 0xa0
.byte 0x20, 0x6d, 0xc3, 0xba, 0x69, 0x20, 0x67, 0x69, 0xe1, 0xbb, 0x9d, 0x20, 0x73, 0xe1, 0xba, 0xbd
.byte 0x20, 0xc4, 0x91, 0xc6, 0xb0, 0xe1, 0xbb, 0xa3, 0x63, 0x20, 0x68, 0x69, 0xe1, 0xbb, 0x83, 0x6e
.byte 0x20, 0x74, 0x68, 0xe1, 0xbb, 0x8b, 0x20, 0xe1, 0xbb, 0x9f, 0x20, 0xc4, 0x91, 0xc3, 0xa2, 0x79
.byte 0x20, 0x2d, 0x2d, 0x3e, 0x0d, 0x0a, 0x20, 0x20, 0x20, 0x20, 0x20, 0x20, 0x20, 0x20, 0x3c, 0x62
.byte 0x75, 0x74, 0x74, 0x6f, 0x6e, 0x20, 0x63, 0x6c, 0x61, 0x73, 0x73, 0x3d, 0x22, 0x66, 0x6f, 0x6f
.byte 0x74, 0x65, 0x72, 0x2d, 0x62, 0x75, 0x74, 0x74, 0x6f, 0x6e, 0x22, 0x20, 0x69, 0x64, 0x3d, 0x22
.byte 0x73, 0x79, 0x6e, 0x63, 0x54, 0x69, 0x6d, 0x65, 0x42, 0x75, 0x74, 0x74, 0x6f, 0x6e, 0x22, 0x3e
.byte 0xc4, 0x90, 0xe1, 0xbb, 0x93, 0x6e, 0x67, 0x20, 0x62, 0xe1, 0xbb, 0x99, 0x20, 0x74, 0x68, 0xe1
.byte 0xbb, 0x9d, 0x69, 0x20, 0x67, 0x69, 0x61, 0x6e, 0x3c, 0x2f, 0x62, 0x75, 0x74, 0x74, 0x6f, 0x6e
.byte 0x3e, 0x0d, 0x0a, 0x20, 0x20, 0x20, 0x20, 0x20, 0x3c, 0x2f, 0x64, 0x69, 0x76, 0x3e, 0x0d, 0x0a
.byte 0x0d, 0x0a, 0x20, 0x20, 0x20, 0x20, 0x3c, 0x2f, 0x64, 0x69, 0x76, 0x3e, 0x0d, 0x0a, 0x20, 0x20
.byte 0x20, 0x20, 0x3c, 0x21, 0x2d, 0x2d, 0x20, 0x50, 0x6f, 0x70, 0x75, 0x70, 0x20, 0x76, 0xc3, 0xa0
.byte 0x20, 0x6f, 0x76, 0x65, 0x72, 0x6c, 0x61, 0x79, 0x20, 0x2d, 0x2d, 0x3e, 0x0d, 0x0a, 0x20, 0x20
.byte 0x20, 0x20, 0x3c, 0x64, 0x69, 0x76, 0x20, 0x63, 0x6c, 0x61, 0x73, 0x73, 0x3d, 0x22, 0x6f, 0x76
.byte 0x65, 0x72, 0x6c, 0x61, 0x79, 0x22, 0x20, 0x69, 0x64, 0x3d, 0x22, 0x6f, 0x76, 0x65, 0x72, 0x6c
.byte 0x61, 0x79, 0x22, 0x3e, 0x3c, 0x2f, 0x64, 0x69, 0x76, 0x3e, 0x0d, 0x0a, 0x20, 0x20, 0x20, 0x20
.byte 0x3c, 0x64, 0x69, 0x76, 0x20, 0x63, 0x6c, 0x61, 0x73, 0x73, 0x3d, 0x22, 0x70, 0x6f, 0x70, 0x75
.byte 0x70, 0x22, 0x20, 0x69, 0x64, 0x3d, 0x22, 0x70, 0x6f, 0x70, 0x75, 0x70, 0x22, 0x3e, 0x0d, 0x0a
.byte 0x20, 0x20, 0x20, 0x20, 0x20, 0x20, 0x20, 0x20, 0x3c, 0x70, 0x3e, 0x53, 0x65, 0x74, 0x74, 0x69
.byte 0x6e, 0x67, 0x20, 0x73, 0x75, 0x63, 0x63, 0x65, 0x73, 0x73, 0x66, 0x75, 0x6c, 0x6c, 0x79, 0x21
.byte 0x3c, 0x2f, 0x70, 0x3e, 0x0d, 0x0a, 0x20, 0x20, 0x20, 0x20, 0x20, 0x20, 0x20, 0x20, 0x3c, 0x62
.byte 0x75, 0x74, 0x74, 0x6f, 0x6e, 0x20, 0x6f, 0x6e, 0x63, 0x6c, 0x69, 0x63, 0x6b, 0x3d, 0x22, 0x63
.byte 0x6c, 0x6f, 0x73, 0x65, 0x50, 0x6f, 0x70, 0x75, 0x70, 0x28, 0x29, 0x22, 0x3e, 0x43, 0x61, 0x6e
.byte 0x63, 0x65, 0x6c, 0x3c, 0x2f, 0x62, 0x75, 0x74, 0x74, 0x6f, 0x6e, 0x3e, 0x0d, 0x0a, 0x20, 0x20
.byte 0x20, 0x20, 0x3c, 0x2f, 0x64, 0x69, 0x76, 0x3e, 0x0d, 0x0a, 0x20, 0x20, 0x20, 0x20, 0x3c, 0x73
.byte 0x63, 0x72, 0x69, 0x70, 0x74, 0x3e, 0x0d, 0x0a, 0x20, 0x20, 0x20, 0x20, 0x20, 0x20, 0x20, 0x20
.byte 0x6c, 0x65, 0x74, 0x20, 0x72, 0x6f, 0x77, 0x49, 0x64, 0x20, 0x3d, 0x20, 0x30, 0x3b, 0x0d, 0x0a
.byte 0x20, 0x20, 0x20, 0x20, 0x3c, 0x2f, 0x73, 0x63, 0x72, 0x69, 0x70, 0x74, 0x3e, 0x0d, 0x0a, 0x20
.byte 0x20, 0x20, 0x20, 0x3c, 0x73, 0x63, 0x72, 0x69, 0x70, 0x74, 0x3e, 0x0d, 0x0a, 0x20, 0x20, 0x20
.byte 0x20, 0x20, 0x20, 0x20, 0x20, 0x0d, 0x0a, 0x20, 0x20, 0x20, 0x20, 0x20, 0x20, 0x20, 0x20, 0x0d
.byte 0x0a, 0x20, 0x20, 0x20, 0x20, 0x20, 0x20, 0x20, 0x20, 0x2f, 0x2f, 0x48, 0x61, 0x6d, 0x20, 0x62
.byte 0x61, 0x74, 0x20, 0x74, 0x61, 0x74, 0x20, 0x63, 0x61, 0x63, 0x20, 0x73, 0x77, 0x69, 0x74, 0x63
.byte 0x68, 0x20, 0x74, 0x72, 0x6f, 0x6e, 0x67, 0x20, 0x62, 0x61, 0x6e, 0x67, 0x0d, 0x0a, 0x20, 0x20
.byte 0x20, 0x20, 0x20, 0x20, 0x20, 0x20, 0x66, 0x75, 0x6e, 0x63, 0x74, 0x69, 0x6f, 0x6e, 0x20, 0x74
.byte 0x6f, 0x67, 0x67, 0x6c, 0x65, 0x53, 0x77, 0x69, 0x74, 0x63, 0x68, 0x28, 0x69, 0x64, 0x29, 0x20
.byte 0x7b, 0x0d, 0x0a, 0x20, 0x20, 0x20, 0x20, 0x20, 0x20, 0x20, 0x20, 0x20, 0x20, 0x20, 0x20, 0x63
.byte 0x6f, 0x6e, 0x73, 0x74, 0x20, 0x69, 0x73, 0x43, 0x68, 0x65, 0x63, 0x6b, 0x65, 0x64, 0x20, 0x3d
.byte 0x20, 0x64, 0x6f, 0x63, 0x75, 0x6d, 0x65, 0x6e, 0x74, 0x2e, 0x67, 0x65, 0x74, 0x45, 0x6c, 0x65
.byte 0x6d, 0x65, 0x6e, 0x74, 0x42, 0x79, 0x49, 0x64, 0x28, 0x60, 0x73, 0x77, 0x69, 0x74, 0x63, 0x68
.byte 0x24, 0x7b, 0x69, 0x64, 0x7d, 0x60, 0x29, 0x2e, 0x63, 0x68, 0x65, 0x63, 0x6b, 0x65, 0x64, 0x3b
.byte 0x0d, 0x0a, 0x20, 0x20, 0x20, 0x20, 0x20, 0x20, 0x20, 0x20, 0x20, 0x20, 0x20, 0x20, 0x63, 0x6f
.byte 0x6e, 0x73, 0x6f, 0x6c, 0x65, 0x2e, 0x6c, 0x6f, 0x67, 0x28, 0x60, 0x53, 0x77, 0x69, 0x74, 0x63
.byte 0x68, 0x20, 0x24, 0x7b, 0x69, 0x64, 0x7d, 0x20, 0x69, 0x73, 0x20, 0x6e, 0x6f, 0x77, 0x20, 0x24
.byte 0x7b, 0x69, 0x73, 0x43, 0x68, 0x65, 0x63, 0x6b, 0x65, 0x64, 0x20, 0x3f, 0x20, 0x27, 0x4f, 0x4e
.byte 0x27, 0x20, 0x3a, 0x20, 0x27, 0x4f, 0x46, 0x46, 0x27, 0x7d, 0x60, 0x29, 0x3b, 0x0d, 0x0a, 0x20
.byte 0x20, 0x20, 0x20, 0x20, 0x20, 0x20, 0x20, 0x7d, 0x0d, 0x0a, 0x0d, 0x0a, 0x20, 0x20, 0x20, 0x20
.byte 0x3c, 0x2f, 0x73, 0x63, 0x72, 0x69, 0x70, 0x74, 0x3e, 0x0d, 0x0a, 0x20, 0x20, 0x20, 0x20, 0x0d
.byte 0x0a, 0x20, 0x3c, 0x21, 0x2d, 0x2d, 0x20, 0x2d, 0x2d, 0x2d, 0x2d, 0x2d, 0x2d, 0x2d, 0x2d, 0x2d
.byte 0x2d, 0x2d, 0x2d, 0x2d, 0x2d, 0x2d, 0x2d, 0x2d, 0x2d, 0x2d, 0x2d, 0x2d, 0x2d, 0x2d, 0x2d, 0x2d
.byte 0x2d, 0x2d, 0x2d, 0x2d, 0x2d, 0x2d, 0x2d, 0x2d, 0x2d, 0x2d, 0x2d, 0x2d, 0x2d, 0x2d, 0x2d, 0x2d
.byte 0x2d, 0x2d, 0x2d, 0x2d, 0x2d, 0x2d, 0x2d, 0x2d, 0x2d, 0x2d, 0x2d, 0x2d, 0x2d, 0x2d, 0x2d, 0x2d
.byte 0x2d, 0x2d, 0x2d, 0x2d, 0x2d, 0x2d, 0x2d, 0x2d, 0x2d, 0x2d, 0x2d, 0x2d, 0x2d, 0x2d, 0x2d, 0x2d
.byte 0x2d, 0x2d, 0x2d, 0x2d, 0x2d, 0x2d, 0x2d, 0x2d, 0x2d, 0x2d, 0x2d, 0x2d, 0x2d, 0x2d, 0x2d, 0x2d
.byte 0x2d, 0x2d, 0x2d, 0x2d, 0x2d, 0x2d, 0x2d, 0x2d, 0x2d, 0x2d, 0x2d, 0x2d, 0x2d, 0x20, 0x2d, 0x2d
.byte 0x3e, 0x0d, 0x0a, 0x0d, 0x0a, 0x20, 0x20, 0x20, 0x20, 0x3c, 0x73, 0x63, 0x72, 0x69, 0x70, 0x74
.byte 0x3e, 0x0d, 0x0a, 0x20, 0x20, 0x20, 0x20, 0x20, 0x20, 0x20, 0x20, 0x6c, 0x65, 0x74, 0x20, 0x48
.byte 0x6f, 0x6e, 0x65, 0x79, 0x70, 0x6f, 0x74, 0x73, 0x74, 0x61, 0x74, 0x75, 0x73, 0x20, 0x3d, 0x20
.byte 0x74, 0x72, 0x75, 0x65, 0x3b, 0x0d, 0x0a, 0x20, 0x20, 0x20, 0x20, 0x20, 0x20, 0x20, 0x20, 0x6c
.byte 0x65, 0x74, 0x20, 0x53, 0x63, 0x61, 0x6e, 0x73, 0x74, 0x61, 0x74, 0x75, 0x73, 0x20, 0x3d, 0x20
.byte 0x74, 0x72, 0x75, 0x65, 0x3b, 0x0d, 0x0a, 0x20, 0x20, 0x20, 0x20, 0x20, 0x20, 0x20, 0x20, 0x66
.byte 0x75, 0x6e, 0x63, 0x74, 0x69, 0x6f, 0x6e, 0x20, 0x66, 0x65, 0x74, 0x63, 0x68, 0x77, 0x61, 0x72
.byte 0x6e, 0x69, 0x6e, 0x67, 0x28, 0x29, 0x20, 0x7b, 0x0d, 0x0a, 0x20, 0x20, 0x20, 0x20, 0x20, 0x20
.byte 0x20, 0x20, 0x66, 0x65, 0x74, 0x63, 0x68, 0x28, 0x27, 0x2f, 0x67, 0x65, 0x74, 0x64, 0x61, 0x74
.byte 0x61, 0x61, 0x72, 0x70, 0x27, 0x29, 0x0d, 0x0a, 0x20, 0x20, 0x20, 0x20, 0x20, 0x20, 0x20, 0x20
.byte 0x20, 0x20, 0x20, 0x20, 0x2e, 0x74, 0x68, 0x65, 0x6e, 0x28, 0x72, 0x65, 0x73, 0x70, 0x6f, 0x6e
.byte 0x73, 0x65, 0x20, 0x3d, 0x3e, 0x20, 0x72, 0x65, 0x73, 0x70, 0x6f, 0x6e, 0x73, 0x65, 0x2e, 0x6a
.byte 0x73, 0x6f, 0x6e, 0x28, 0x29, 0x29, 0x0d, 0x0a, 0x20, 0x20, 0x20, 0x20, 0x20, 0x20, 0x20, 0x20
.byte 0x20, 0x20, 0x20, 0x20, 0x2e, 0x74, 0x68, 0x65, 0x6e, 0x28, 0x64, 0x61, 0x74, 0x61, 0x20, 0x3d
.byte 0x3e, 0x20, 0x7b, 0x20, 0x20, 0x20, 0x20, 0x20, 0x20, 0x20, 0x20, 0x20, 0x20, 0x20, 0x0d, 0x0a
.byte 0x20, 0x20, 0x20, 0x20, 0x20, 0x20, 0x20, 0x20, 0x20, 0x20, 0x20, 0x20, 0x20, 0x20, 0x20, 0x20
.byte 0x20, 0x20, 0x20, 0x20, 0x6c, 0x65, 0x74, 0x20, 0x73, 0x68, 0x6f, 0x77, 0x53, 0x63, 0x61, 0x6e
.byte 0x20, 0x3d, 0x20, 0x66, 0x61, 0x6c, 0x73, 0x65, 0x3b, 0x20, 0x20, 0x20, 0x20, 0x20, 0x20, 0x20
.byte 0x20, 0x20, 0x20, 0x20, 0x20, 0x20, 0x20, 0x0d, 0x0a, 0x20, 0x20, 0x20, 0x20, 0x20, 0x20, 0x20
.byte 0x20, 0x20, 0x20, 0x20, 0x20, 0x20, 0x20, 0x20, 0x20, 0x20, 0x20, 0x20, 0x20, 0x6c, 0x65, 0x74
.byte 0x20, 0x73, 0x68, 0x6f, 0x77, 0x48, 0x6f, 0x6e, 0x65, 0x79, 0x70, 0x6f, 0x74, 0x20, 0x3d, 0x20
.byte 0x66, 0x61, 0x6c, 0x73, 0x65, 0x3b, 0x0d, 0x0a, 0x20, 0x20, 0x20, 0x20, 0x20, 0x20, 0x20, 0x20
.byte 0x20, 0x20, 0x20, 0x20, 0x20, 0x20, 0x20, 0x20, 0x20, 0x20, 0x20, 0x20, 0x6c, 0x65, 0x74, 0x20
.byte 0x61, 0x72, 0x70, 0x44, 0x61, 0x74, 0x61, 0x20, 0x3d, 0x20, 0x64, 0x61, 0x74, 0x61, 0x2e, 0x61
.byte 0x72, 0x70, 0x5b, 0x64, 0x61, 0x74, 0x61, 0x2e, 0x6e, 0x75, 0x6d, 0x52, 0x6f, 0x77, 0x73, 0x5d
.byte 0x3b, 0x0d, 0x0a, 0x20, 0x20, 0x20, 0x20, 0x20, 0x20, 0x20, 0x20, 0x20, 0x20, 0x20, 0x20, 0x20
.byte 0x20, 0x20, 0x20, 0x20, 0x20, 0x20, 0x20, 0x69, 0x66, 0x20, 0x28, 0x61, 0x72, 0x70, 0x44, 0x61
.byte 0x74, 0x61, 0x2e, 0x77, 0x61, 0x72, 0x6e, 0x69, 0x6e, 0x67, 0x73, 0x63, 0x61, 0x6e, 0x20, 0x3d
.byte 0x3d, 0x20, 0x22, 0x53, 0x63, 0x61, 0x6e, 0x22, 0x20, 0x26, 0x26, 0x20, 0x53, 0x63, 0x61, 0x6e
.byte 0x73, 0x74, 0x61, 0x74, 0x75, 0x73, 0x29, 0x20, 0x7b, 0x0d, 0x0a, 0x20, 0x20, 0x20, 0x20, 0x20
.byte 0x20, 0x20, 0x20, 0x20, 0x20, 0x20, 0x20, 0x20, 0x20, 0x20, 0x20, 0x20, 0x20, 0x20, 0x20, 0x20
.byte 0x20, 0x20, 0x20, 0x73, 0x68, 0x6f, 0x77, 0x53, 0x63, 0x61, 0x6e, 0x20, 0x3d, 0x20, 0x74, 0x72
.byte 0x75, 0x65, 0x3b, 0x0d, 0x0a, 0x20, 0x20, 0x20, 0x20, 0x20, 0x20, 0x20, 0x20, 0x20, 0x20, 0x20
.byte 0x20, 0x20, 0x20, 0x20, 0x20, 0x20, 0x20, 0x20, 0x20, 0x20, 0x20, 0x20, 0x20, 0x53, 0x63, 0x61
.byte 0x6e, 0x73, 0x74, 0x61, 0x74, 0x75, 0x73, 0x20, 0x3d, 0x20, 0x66, 0x61, 0x6c, 0x73, 0x65, 0x3b
.byte 0x0d, 0x0a, 0x20, 0x20, 0x20, 0x20, 0x20, 0x20, 0x20, 0x20, 0x20, 0x20, 0x20, 0x20, 0x20, 0x20
.byte 0x20, 0x20, 0x20, 0x20, 0x20, 0x20, 0x7d, 0x0d, 0x0a, 0x20, 0x20, 0x20, 0x20, 0x20, 0x20, 0x20
.byte 0x20, 0x20, 0x20, 0x20, 0x20, 0x20, 0x20, 0x20, 0x20, 0x20, 0x20, 0x20, 0x20, 0x69, 0x66, 0x20
.byte 0x28, 0x61, 0x72, 0x70, 0x44, 0x61, 0x74, 0x61, 0x2e, 0x77, 0x61, 0x72, 0x6e, 0x69, 0x6e, 0x67
.byte 0x68, 0x6f, 0x6e, 0x65, 0x79, 0x70, 0x6f, 0x74, 0x20, 0x3d, 0x3d, 0x20, 0x22, 0x48, 0x6f, 0x6e
.byte 0x65, 0x79, 0x70, 0x6f, 0x74, 0x2d, 0x68, 0x69, 0x74, 0x22, 0x20, 0x26, 0x26, 0x20, 0x48, 0x6f
.byte 0x6e, 0x65, 0x79, 0x70, 0x6f, 0x74, 0x73, 0x74, 0x61, 0x74, 0x75, 0x73, 0x29, 0x20, 0x7b, 0x0d
.byte 0x0a, 0x20, 0x20, 0x20, 0x20, 0x20, 0x20, 0x20, 0x20, 0x20, 0x20, 0x20, 0x20, 0x20, 0x20, 0x20
.byte 0x20, 0x20, 0x20, 0x20, 0x20, 0x20, 0x20, 0x20, 0x20, 0x73, 0x68, 0x6f, 0x77, 0x48, 0x6f, 0x6e
.byte 0x65, 0x79, 0x70, 0x6f, 0x74, 0x20, 0x3d, 0x20, 0x74, 0x72, 0x75, 0x65, 0x3b, 0x0d, 0x0a, 0x20
.byte 0x20, 0x20, 0x20, 0x20, 0x20, 0x20, 0x20, 0x20, 0x20, 0x20, 0x20, 0x20, 0x20, 0x20, 0x20, 0x20
.byte 0x20, 0x20, 0x20, 0x20, 0x20, 0x20, 0x20, 0x48, 0x6f, 0x6e, 0x65, 0x79, 0x70, 0x6f, 0x74, 0x73
.byte 0x74, 0x61, 0x74, 0x75, 0x73, 0x20, 0x3d, 0x20, 0x66, 0x61, 0x6c, 0x73, 0x65, 0x3b, 0x0d, 0x0a
.byte 0x20, 0x20, 0x20, 0x20, 0x20, 0x20, 0x20, 0x20, 0x20, 0x20, 0x20, 0x20, 0x20, 0x20, 0x20, 0x20
.byte 0x20, 0x20, 0x20, 0x20, 0x7d, 0x0d, 0x0a, 0x0d, 0x0a, 0x20, 0x20, 0x20, 0x20, 0x20, 0x20, 0x20
.byte 0x20, 0x20, 0x20, 0x20, 0x20, 0x20, 0x20, 0x20, 0x20, 0x20, 0x20, 0x20, 0x20, 0x2f, 0x2f, 0x20
.byte 0x47, 0xe1, 0xbb, 0x8d, 0x69, 0x20, 0x68, 0xc3, 0xa0, 0x6d, 0x20, 0x68, 0x69, 0xe1, 0xbb, 0x83
.byte 0x6e, 0x20, 0x74, 0x68, 0xe1, 0xbb, 0x8b, 0x20, 0x70, 0x6f, 0x70, 0x75, 0x70, 0x20, 0x76, 0xe1
.byte 0xbb, 0x9b, 0x69, 0x20, 0x74, 0x72, 0xe1, 0xba, 0xa1, 0x6e, 0x67, 0x20, 0x74, 0x68, 0xc3, 0xa1
.byte 0x69, 0x20, 0x76, 0xc3, 0xa0, 0x20, 0x74, 0x68, 0xc3, 0xb4, 0x6e, 0x67, 0x20, 0x62, 0xc3, 0xa1
.byte 0x6f, 0x20, 0x74, 0xc6, 0xb0, 0xc6, 0xa1, 0x6e, 0x67, 0x20, 0xe1, 0xbb, 0xa9, 0x6e, 0x67, 0x0d
.byte 0x0a, 0x20, 0x20, 0x20, 0x20, 0x20, 0x20, 0x20, 0x20, 0x20, 0x20, 0x20, 0x20, 0x20, 0x20, 0x20
.byte 0x20, 0x20, 0x20, 0x20, 0x20, 0x73, 0x68, 0x6f, 0x77, 0x50, 0x6f, 0x70, 0x75, 0x70, 0x28, 0x73
.byte 0x68, 0x6f, 0x77, 0x53, 0x63, 0x61, 0x6e, 0x2c, 0x20, 0x22, 0x4f, 0x6e, 0x65, 0x20, 0x64, 0x65
.byte 0x76, 0x69, 0x63, 0x65, 0x20, 0x73, 0x63, 0x61, 0x6e, 0x20, 0x6e, 0x65, 0x74, 0x77, 0x6f, 0x72
.byte 0x6b, 0x22, 0x2c, 0x20, 0x73, 0x68, 0x6f, 0x77, 0x48, 0x6f, 0x6e, 0x65, 0x79, 0x70, 0x6f, 0x74
.byte 0x2c, 0x20, 0x22, 0x4f, 0x6e, 0x65, 0x20, 0x64, 0x65, 0x76, 0x69, 0x63, 0x65, 0x20, 0x63, 0x6f
.byte 0x6e, 0x6e, 0x65, 0x63, 0x74, 0x20, 0x74, 0x6f, 0x20, 0x68, 0x6f, 0x6e, 0x65, 0x79, 0x70, 0x6f
.byte 0x74, 0x22, 0x29, 0x3b, 0x0d, 0x0a, 0x20, 0x20, 0x20, 0x20, 0x20, 0x20, 0x20, 0x20, 0x20, 0x20
.byte 0x20, 0x20, 0x7d, 0x29, 0x3b, 0x0d, 0x0a, 0x0d, 0x0a, 0x20, 0x20, 0x20, 0x20, 0x20, 0x20, 0x20
.byte 0x20, 0x7d, 0x0d, 0x0a, 0x20, 0x20, 0x20, 0x20, 0x20, 0x20, 0x20, 0x20, 0x66, 0x75, 0x6e, 0x63
.byte 0x74, 0x69, 0x6f, 0x6e, 0x20, 0x6c, 0x6f, 0x67, 0x6f, 0x75, 0x74, 0x28, 0x29, 0x20, 0x0d, 0x0a
.byte 0x20, 0x20, 0x20, 0x20, 0x20, 0x20, 0x20, 0x20, 0x7b, 0x0d, 0x0a, 0x20, 0x20, 0x20, 0x20, 0x20
.byte 0x20, 0x20, 0x20, 0x20, 0x20, 0x20, 0x20, 0x76, 0x61, 0x72, 0x20, 0x78, 0x68, 0x74, 0x74, 0x70
.byte 0x20, 0x3d, 0x20, 0x6e, 0x65, 0x77, 0x20, 0x58, 0x4d, 0x4c, 0x48, 0x74, 0x74, 0x70, 0x52, 0x65
.byte 0x71, 0x75, 0x65, 0x73, 0x74, 0x28, 0x29, 0x3b, 0x0d, 0x0a, 0x20, 0x20, 0x20, 0x20, 0x20, 0x20
.byte 0x20, 0x20, 0x20, 0x20, 0x20, 0x20, 0x78, 0x68, 0x74, 0x74, 0x70, 0x2e, 0x6f, 0x70, 0x65, 0x6e
.byte 0x28, 0x22, 0x50, 0x4f, 0x53, 0x54, 0x22, 0x2c, 0x20, 0x22, 0x2f, 0x6c, 0x6f, 0x67, 0x69, 0x6e
.byte 0x22, 0x2c, 0x20, 0x74, 0x72, 0x75, 0x65, 0x29, 0x3b, 0x0d, 0x0a, 0x20, 0x20, 0x20, 0x20, 0x20
.byte 0x20, 0x20, 0x20, 0x20, 0x20, 0x20, 0x20, 0x78, 0x68, 0x74, 0x74, 0x70, 0x2e, 0x73, 0x65, 0x74
.byte 0x52, 0x65, 0x71, 0x75, 0x65, 0x73, 0x74, 0x48, 0x65, 0x61, 0x64, 0x65, 0x72, 0x28, 0x22, 0x43
.byte 0x6f, 0x6e, 0x74, 0x65, 0x6e, 0x74, 0x2d, 0x74, 0x79, 0x70, 0x65, 0x22, 0x2c, 0x20, 0x22, 0x61
.byte 0x70, 0x70, 0x6c, 0x69, 0x63, 0x61, 0x74, 0x69, 0x6f, 0x6e, 0x2f, 0x78, 0x2d, 0x77, 0x77, 0x77
.byte 0x2d, 0x66, 0x6f, 0x72, 0x6d, 0x2d, 0x75, 0x72, 0x6c, 0x65, 0x6e, 0x63, 0x6f, 0x64, 0x65, 0x64
.byte 0x22, 0x29, 0x3b, 0x0d, 0x0a, 0x20, 0x20, 0x20, 0x20, 0x20, 0x20, 0x20, 0x20, 0x20, 0x20, 0x20
.byte 0x20, 0x78, 0x68, 0x74, 0x74, 0x70, 0x2e, 0x73, 0x65, 0x6e, 0x64, 0x28, 0x22, 0x61, 0x63, 0x74
.byte 0x69, 0x6f, 0x6e, 0x3d, 0x6c, 0x6f, 0x67, 0x6f, 0x75, 0x74, 0x22, 0x29, 0x3b, 0x0d, 0x0a, 0x0d
.byte 0x0a, 0x20, 0x20, 0x20, 0x20, 0x20, 0x20, 0x20, 0x20, 0x20, 0x20, 0x20, 0x20, 0x78, 0x68, 0x74
.byte 0x74, 0x70, 0x2e, 0x6f, 0x6e, 0x6c, 0x6f, 0x61, 0x64, 0x20, 0x3d, 0x20, 0x66, 0x75, 0x6e, 0x63
.byte 0x74, 0x69, 0x6f, 0x6e, 0x20, 0x28, 0x29, 0x20, 0x7b, 0x0d, 0x0a, 0x20, 0x20, 0x20, 0x20, 0x20
.byte 0x20, 0x20, 0x20, 0x20, 0x20, 0x20, 0x20, 0x20, 0x20, 0x20, 0x20, 0x76, 0x61, 0x72, 0x20, 0x72
.byte 0x65, 0x73, 0x70, 0x6f, 0x6e, 0x73, 0x65, 0x20, 0x3d, 0x20, 0x4a, 0x53, 0x4f, 0x4e, 0x2e, 0x70
.byte 0x61, 0x72, 0x73, 0x65, 0x28, 0x74, 0x68, 0x69, 0x73, 0x2e, 0x72, 0x65, 0x73, 0x70, 0x6f, 0x6e
.byte 0x73, 0x65, 0x54, 0x65, 0x78, 0x74, 0x29, 0x3b, 0x0d, 0x0a, 0x20, 0x20, 0x20, 0x20, 0x20, 0x20
.byte 0x20, 0x20, 0x20, 0x20, 0x20, 0x20, 0x20, 0x20, 0x20, 0x20, 0x69, 0x66, 0x20, 0x28, 0x72, 0x65
.byte 0x73, 0x70, 0x6f, 0x6e, 0x73, 0x65, 0x2e, 0x73, 0x75, 0x63, 0x63, 0x65, 0x73, 0x73, 0x29, 0x20
.byte 0x7b, 0x0d, 0x0a, 0x20, 0x20, 0x20, 0x20, 0x20, 0x20, 0x20, 0x20, 0x20, 0x20, 0x20, 0x20, 0x20
.byte 0x20, 0x20, 0x20, 0x20, 0x20, 0x20, 0x20, 0x61, 0x6c, 0x65, 0x72, 0x74, 0x28, 0x72, 0x65, 0x73
.byte 0x70, 0x6f, 0x6e, 0x73, 0x65, 0x2e, 0x6d, 0x65, 0x73, 0x73, 0x61, 0x67, 0x65, 0x29, 0x3b, 0x20
.byte 0x2f, 0x2f, 0x20, 0x54, 0x68, 0xc3, 0xb4, 0x6e, 0x67, 0x20, 0x62, 0xc3, 0xa1, 0x6f, 0x20, 0x6e
.byte 0x67, 0xc6, 0xb0, 0xe1, 0xbb, 0x9d, 0x69, 0x20, 0x64, 0xc3, 0xb9, 0x6e, 0x67, 0x20, 0xc4, 0x91
.byte 0xc3, 0xa3, 0x20, 0xc4, 0x91, 0xc4, 0x83, 0x6e, 0x67, 0x20, 0x78, 0x75, 0xe1, 0xba, 0xa5, 0x74
.byte 0x0d, 0x0a, 0x20, 0x20, 0x20, 0x20, 0x20, 0x20, 0x20, 0x20, 0x20, 0x20, 0x20, 0x20, 0x20, 0x20
.byte 0x20, 0x20, 0x20, 0x20, 0x20, 0x20, 0x77, 0x69, 0x6e, 0x64, 0x6f, 0x77, 0x2e, 0x6c, 0x6f, 0x63
.byte 0x61, 0x74, 0x69, 0x6f, 0x6e, 0x2e, 0x68, 0x72, 0x65, 0x66, 0x20, 0x3d, 0x20, 0x22, 0x2f, 0x22
.byte 0x3b, 0x20, 0x2f, 0x2f, 0x20, 0x43, 0x68, 0x75, 0x79, 0xe1, 0xbb, 0x83, 0x6e, 0x20, 0x68, 0xc6
.byte 0xb0, 0xe1, 0xbb, 0x9b, 0x6e, 0x67, 0x20, 0xc4, 0x91, 0xe1, 0xba, 0xbf, 0x6e, 0x20, 0x74, 0x72
.byte 0x61, 0x6e, 0x67, 0x20, 0xc4, 0x91, 0xc4, 0x83, 0x6e, 0x67, 0x20, 0x6e, 0x68, 0xe1, 0xba, 0xad
.byte 0x70, 0x0d, 0x0a, 0x20, 0x20, 0x20, 0x20, 0x20, 0x20, 0x20, 0x20, 0x20, 0x20, 0x20, 0x20, 0x20
.byte 0x20, 0x20, 0x20, 0x7d, 0x20, 0x65, 0x6c, 0x73, 0x65, 0x20, 0x7b, 0x0d, 0x0a, 0x20, 0x20, 0x20
.byte 0x20, 0x20, 0x20, 0x20, 0x20, 0x20, 0x20, 0x20, 0x20, 0x20, 0x20, 0x20, 0x20, 0x20, 0x20, 0x20
.byte 0x20, 0x61, 0x6c, 0x65, 0x72, 0x74, 0x28, 0x22, 0x4c, 0x6f, 0x67, 0x6f, 0x75, 0x74, 0x20, 0x66
.byte 0x61, 0x69, 0x6c, 0x65, 0x64, 0x21, 0x22, 0x29, 0x3b, 0x0d, 0x0a, 0x20, 0x20, 0x20, 0x20, 0x20
.byte 0x20, 0x20, 0x20, 0x20, 0x20, 0x20, 0x20, 0x20, 0x20, 0x20, 0x20, 0x7d, 0x0d, 0x0a, 0x20, 0x20
.byte 0x20, 0x20, 0x20, 0x20, 0x20, 0x20, 0x20, 0x20, 0x20, 0x20, 0x7d, 0x3b, 0x0d, 0x0a, 0x20, 0x20
.byte 0x20, 0x20, 0x20, 0x20, 0x20, 0x20, 0x7d, 0x0d, 0x0a, 0x0d, 0x0a, 0x20, 0x20, 0x20, 0x20, 0x20
.byte 0x20, 0x20, 0x20, 0x66, 0x75, 0x6e, 0x63, 0x74, 0x69, 0x6f, 0x6e, 0x20, 0x6f, 0x70, 0x65, 0x6e
.byte 0x54, 0x61, 0x62, 0x28, 0x65, 0x76, 0x74, 0x2c, 0x20, 0x74, 0x61, 0x62, 0x4e, 0x61, 0x6d, 0x65
.byte 0x29, 0x20, 0x0d, 0x0a, 0x20, 0x20, 0x20, 0x20, 0x20, 0x20, 0x20, 0x20, 0x7b, 0x0d, 0x0a, 0x20
.byte 0x20, 0x20, 0x20, 0x20, 0x20, 0x20, 0x20, 0x20, 0x20, 0x20, 0x20, 0x76, 0x61, 0x72, 0x20, 0x69
.byte 0x2c, 0x20, 0x74, 0x61, 0x62, 0x63, 0x6f, 0x6e, 0x74, 0x65, 0x6e, 0x74, 0x2c, 0x20, 0x74, 0x61
.byte 0x62, 0x6c, 0x69, 0x6e, 0x6b, 0x73, 0x3b, 0x0d, 0x0a, 0x20, 0x20, 0x20, 0x20, 0x20, 0x20, 0x20
.byte 0x20, 0x20, 0x20, 0x20, 0x20, 0x74, 0x61, 0x62, 0x63, 0x6f, 0x6e, 0x74, 0x65, 0x6e, 0x74, 0x20
.byte 0x3d, 0x20, 0x64, 0x6f, 0x63, 0x75, 0x6d, 0x65, 0x6e, 0x74, 0x2e, 0x67, 0x65, 0x74, 0x45, 0x6c
.byte 0x65, 0x6d, 0x65, 0x6e, 0x74, 0x73, 0x42, 0x79, 0x43, 0x6c, 0x61, 0x73, 0x73, 0x4e, 0x61, 0x6d
.byte 0x65, 0x28, 0x22, 0x74, 0x61, 0x62, 0x2d, 0x63, 0x6f, 0x6e, 0x74, 0x65, 0x6e, 0x74, 0x22, 0x29
.byte 0x3b, 0x0d, 0x0a, 0x20, 0x20, 0x20, 0x20, 0x20, 0x20, 0x20, 0x20, 0x20, 0x20, 0x20, 0x20, 0x66
.byte 0x6f, 0x72, 0x20, 0x28, 0x69, 0x20, 0x3d, 0x20, 0x30, 0x3b, 0x20, 0x69, 0x20, 0x3c, 0x20, 0x74
.byte 0x61, 0x62, 0x63, 0x6f, 0x6e, 0x74, 0x65, 0x6e, 0x74, 0x2e, 0x6c, 0x65, 0x6e, 0x67, 0x74, 0x68
.byte 0x3b, 0x20, 0x69, 0x2b, 0x2b, 0x29, 0x20, 0x0d, 0x0a, 0x20, 0x20, 0x20, 0x20, 0x20, 0x20, 0x20
.byte 0x20, 0x20, 0x20, 0x20, 0x20, 0x7b, 0x0d, 0x0a, 0x20, 0x20, 0x20, 0x20, 0x20, 0x20, 0x20, 0x20
.byte 0x20, 0x20, 0x20, 0x20, 0x20, 0x20, 0x20, 0x20, 0x74, 0x61, 0x62, 0x63, 0x6f, 0x6e, 0x74, 0x65
.byte 0x6e, 0x74, 0x5b, 0x69, 0x5d, 0x2e, 0x63, 0x6c, 0x61, 0x73, 0x73, 0x4c, 0x69, 0x73, 0x74, 0x2e
.byte 0x72, 0x65, 0x6d, 0x6f, 0x76, 0x65, 0x28, 0x27, 0x61, 0x63, 0x74, 0x69, 0x76, 0x65, 0x27, 0x29
.byte 0x3b, 0x0d, 0x0a, 0x20, 0x20, 0x20, 0x20, 0x20, 0x20, 0x20, 0x20, 0x20, 0x20, 0x20, 0x20, 0x7d
.byte 0x0d, 0x0a, 0x20, 0x20, 0x20, 0x20, 0x20, 0x20, 0x20, 0x20, 0x20, 0x20, 0x20, 0x20, 0x74, 0x61
.byte 0x62, 0x6c, 0x69, 0x6e, 0x6b, 0x73, 0x20, 0x3d, 0x20, 0x64, 0x6f, 0x63, 0x75, 0x6d, 0x65, 0x6e
.byte 0x74, 0x2e, 0x67, 0x65, 0x74, 0x45, 0x6c, 0x65, 0x6d, 0x65, 0x6e, 0x74, 0x73, 0x42, 0x79, 0x43
.byte 0x6c, 0x61, 0x73, 0x73, 0x4e, 0x61, 0x6d, 0x65, 0x28, 0x22, 0x74, 0x61, 0x62, 0x6c, 0x69, 0x6e
.byte 0x6b, 0x22, 0x29, 0x3b, 0x0d, 0x0a, 0x20, 0x20, 0x20, 0x20, 0x20, 0x20, 0x20, 0x20, 0x20, 0x20
.byte 0x20, 0x20, 0x66, 0x6f, 0x72, 0x20, 0x28, 0x69, 0x20, 0x3d, 0x20, 0x30, 0x3b, 0x20, 0x69, 0x20
.byte 0x3c, 0x20, 0x74, 0x61, 0x62, 0x6c, 0x69, 0x6e, 0x6b, 0x73, 0x2e, 0x6c, 0x65, 0x6e, 0x67, 0x74
.byte 0x68, 0x3b, 0x20, 0x69, 0x2b, 0x2b, 0x29, 0x20, 0x0d, 0x0a, 0x20, 0x20, 0x20, 0x20, 0x20, 0x20
.byte 0x20, 0x20, 0x20, 0x20, 0x20, 0x20, 0x7b, 0x0d, 0x0a, 0x20, 0x20, 0x20, 0x20, 0x20, 0x20, 0x20
.byte 0x20, 0x20, 0x20, 0x20, 0x20, 0x20, 0x20, 0x20, 0x20, 0x74, 0x61, 0x62, 0x6c, 0x69, 0x6e, 0x6b
.byte 0x73, 0x5b, 0x69, 0x5d, 0x2e, 0x63, 0x6c, 0x61, 0x73, 0x73, 0x4c, 0x69, 0x73, 0x74, 0x2e, 0x72
.byte 0x65, 0x6d, 0x6f, 0x76, 0x65, 0x28, 0x27, 0x61, 0x63, 0x74, 0x69, 0x76, 0x65, 0x27, 0x29, 0x3b
.byte 0x0d, 0x0a, 0x20, 0x20, 0x20, 0x20, 0x20, 0x20, 0x20, 0x20, 0x20, 0x20, 0x20, 0x20, 0x7d, 0x0d
.byte 0x0a, 0x20, 0x20, 0x20, 0x20, 0x20, 0x20, 0x20, 0x20, 0x20, 0x20, 0x20, 0x20, 0x64, 0x6f, 0x63
.byte 0x75, 0x6d, 0x65, 0x6e, 0x74, 0x2e, 0x67, 0x65, 0x74, 0x45, 0x6c, 0x65, 0x6d, 0x65, 0x6e, 0x74
.byte 0x42, 0x79, 0x49, 0x64, 0x28, 0x74, 0x61, 0x62, 0x4e, 0x61, 0x6d, 0x65, 0x29, 0x2e, 0x63, 0x6c
.byte 0x61, 0x73, 0x73, 0x4c, 0x69, 0x73, 0x74, 0x2e, 0x61, 0x64, 0x64, 0x28, 0x27, 0x61, 0x63, 0x74
.byte 0x69, 0x76, 0x65, 0x27, 0x29, 0x3b, 0x0d, 0x0a, 0x20, 0x20, 0x20, 0x20, 0x20, 0x20, 0x20, 0x20
.byte 0x20, 0x20, 0x20, 0x20, 0x65, 0x76, 0x74, 0x2e, 0x63, 0x75, 0x72, 0x72, 0x65, 0x6e, 0x74, 0x54
.byte 0x61, 0x72, 0x67, 0x65, 0x74, 0x2e, 0x63, 0x6c, 0x61, 0x73, 0x73, 0x4c, 0x69, 0x73, 0x74, 0x2e
.byte 0x61, 0x64, 0x64, 0x28, 0x27, 0x61, 0x63, 0x74, 0x69, 0x76, 0x65, 0x27, 0x29, 0x3b, 0x0d, 0x0a
.byte 0x20, 0x20, 0x20, 0x20, 0x20, 0x20, 0x20, 0x20, 0x7d, 0x0d, 0x0a, 0x20, 0x20, 0x20, 0x20, 0x20
.byte 0x20, 0x20, 0x20, 0x66, 0x75, 0x6e, 0x63, 0x74, 0x69, 0x6f, 0x6e, 0x20, 0x64, 0x65, 0x6c, 0x65
.byte 0x74, 0x65, 0x53, 0x65, 0x6c, 0x65, 0x63, 0x74, 0x65, 0x64, 0x52, 0x6f, 0x77, 0x73, 0x28, 0x29
.byte 0x20, 0x7b, 0x0d, 0x0a, 0x20, 0x20, 0x20, 0x20, 0x20, 0x20, 0x20, 0x20, 0x20, 0x20, 0x20, 0x20
.byte 0x63, 0x6f, 0x6e, 0x73, 0x74, 0x20, 0x63, 0x68, 0x65, 0x63, 0x6b, 0x62, 0x6f, 0x78, 0x65, 0x73
.byte 0x20, 0x3d, 0x20, 0x64, 0x6f, 0x63, 0x75, 0x6d, 0x65, 0x6e, 0x74, 0x2e, 0x71, 0x75, 0x65, 0x72
.byte 0x79, 0x53, 0x65, 0x6c, 0x65, 0x63, 0x74, 0x6f, 0x72, 0x41, 0x6c, 0x6c, 0x28, 0x22, 0x2e, 0x72
.byte 0x6f, 0x77, 0x53, 0x65, 0x6c, 0x65, 0x63, 0x74, 0x22, 0x29, 0x3b, 0x0d, 0x0a, 0x20, 0x20, 0x20
.byte 0x20, 0x20, 0x20, 0x20, 0x20, 0x20, 0x20, 0x20, 0x20, 0x63, 0x68, 0x65, 0x63, 0x6b, 0x62, 0x6f
.byte 0x78, 0x65, 0x73, 0x2e, 0x66, 0x6f, 0x72, 0x45, 0x61, 0x63, 0x68, 0x28, 0x28, 0x63, 0x68, 0x65
.byte 0x63, 0x6b, 0x62, 0x6f, 0x78, 0x2c, 0x20, 0x69, 0x6e, 0x64, 0x65, 0x78, 0x29, 0x20, 0x3d, 0x3e
.byte 0x20, 0x7b, 0x0d, 0x0a, 0x20, 0x20, 0x20, 0x20, 0x20, 0x20, 0x20, 0x20, 0x20, 0x20, 0x20, 0x20
.byte 0x20, 0x20, 0x20, 0x20, 0x69, 0x66, 0x20, 0x28, 0x63, 0x68, 0x65, 0x63, 0x6b, 0x62, 0x6f, 0x78
.byte 0x2e, 0x63, 0x68, 0x65, 0x63, 0x6b, 0x65, 0x64, 0x29, 0x20, 0x7b, 0x0d, 0x0a, 0x20, 0x20, 0x20
.byte 0x20, 0x20, 0x20, 0x20, 0x20, 0x20, 0x20, 0x20, 0x20, 0x20, 0x20, 0x20, 0x20, 0x20, 0x20, 0x20
.byte 0x20, 0x63, 0x68, 0x65, 0x63, 0x6b, 0x62, 0x6f, 0x78, 0x2e, 0x63, 0x6c, 0x6f, 0x73, 0x65, 0x73
.byte 0x74, 0x28, 0x27, 0x74, 0x72, 0x27, 0x29, 0x2e, 0x72, 0x65, 0x6d, 0x6f, 0x76, 0x65, 0x28, 0x29
.byte 0x3b, 0x0d, 0x0a, 0x20, 0x20, 0x20, 0x20, 0x20, 0x20, 0x20, 0x20, 0x20, 0x20, 0x20, 0x20, 0x20
.byte 0x20, 0x20, 0x20, 0x7d, 0x0d, 0x0a, 0x20, 0x20, 0x20, 0x20, 0x20, 0x20, 0x20, 0x20, 0x20, 0x20
.byte 0x20, 0x20, 0x7d, 0x29, 0x3b, 0x0d, 0x0a, 0x20, 0x20, 0x20, 0x20, 0x20, 0x20, 0x20, 0x20, 0x7d
.byte 0x0d, 0x0a, 0x0d, 0x0a, 0x20, 0x20, 0x20, 0x20, 0x20, 0x20, 0x20, 0x20, 0x2f, 0x2f, 0x20, 0x48
.byte 0xc3, 0xa0, 0x6d, 0x20, 0x62, 0xe1, 0xba, 0xad, 0x74, 0x2f, 0x74, 0xe1, 0xba, 0xaf, 0x74, 0x20
.byte 0x63, 0xc3, 0xa1, 0x63, 0x20, 0x69, 0x6e, 0x70, 0x75, 0x74, 0x20, 0x6b, 0x68, 0x69, 0x20, 0x63
.byte 0x68, 0x65, 0x63, 0x6b, 0x62, 0x6f, 0x78, 0x20, 0x74, 0x68, 0x61, 0x79, 0x20, 0xc4, 0x91, 0xe1
.byte 0xbb, 0x95, 0x69, 0x0d, 0x0a, 0x20, 0x20, 0x20, 0x20, 0x20, 0x20, 0x20, 0x20, 0x66, 0x75, 0x6e
.byte 0x63, 0x74, 0x69, 0x6f, 0x6e, 0x20, 0x74, 0x6f, 0x67, 0x67, 0x6c, 0x65, 0x49, 0x6e, 0x70, 0x75
.byte 0x74, 0x73, 0x28, 0x29, 0x20, 0x0d, 0x0a, 0x20, 0x20, 0x20, 0x20, 0x20, 0x20, 0x20, 0x20, 0x7b
.byte 0x0d, 0x0a, 0x20, 0x20, 0x20, 0x20, 0x20, 0x20, 0x20, 0x20, 0x20, 0x20, 0x20, 0x20, 0x64, 0x6f
.byte 0x63, 0x75, 0x6d, 0x65, 0x6e, 0x74, 0x2e, 0x67, 0x65, 0x74, 0x45, 0x6c, 0x65, 0x6d, 0x65, 0x6e
.byte 0x74, 0x42, 0x79, 0x49, 0x64, 0x28, 0x27, 0x73, 0x63, 0x61, 0x6e, 0x41, 0x72, 0x70, 0x49, 0x6e
.byte 0x74, 0x65, 0x72, 0x76, 0x61, 0x6c, 0x27, 0x29, 0x2e, 0x64, 0x69, 0x73, 0x61, 0x62, 0x6c, 0x65
.byte 0x64, 0x20, 0x3d, 0x20, 0x21, 0x64, 0x6f, 0x63, 0x75, 0x6d, 0x65, 0x6e, 0x74, 0x2e, 0x67, 0x65
.byte 0x74, 0x45, 0x6c, 0x65, 0x6d, 0x65, 0x6e, 0x74, 0x42, 0x79, 0x49, 0x64, 0x28, 0x27, 0x73, 0x63
.byte 0x61, 0x6e, 0x41, 0x72, 0x70, 0x43, 0x68, 0x65, 0x63, 0x6b, 0x62, 0x6f, 0x78, 0x27, 0x29, 0x2e
.byte 0x63, 0x68, 0x65, 0x63, 0x6b, 0x65, 0x64, 0x3b, 0x0d, 0x0a, 0x20, 0x20, 0x20, 0x20, 0x20, 0x20
.byte 0x20, 0x20, 0x20, 0x20, 0x20, 0x20, 0x64, 0x6f, 0x63, 0x75, 0x6d, 0x65, 0x6e, 0x74, 0x2e, 0x67
.byte 0x65, 0x74, 0x45, 0x6c, 0x65, 0x6d, 0x65, 0x6e, 0x74, 0x42, 0x79, 0x49, 0x64, 0x28, 0x27, 0x68
.byte 0x6f, 0x6e, 0x65, 0x79, 0x70, 0x6f, 0x74, 0x49, 0x50, 0x27, 0x29, 0x2e, 0x64, 0x69, 0x73, 0x61
.byte 0x62, 0x6c, 0x65, 0x64, 0x20, 0x3d, 0x20, 0x21, 0x64, 0x6f, 0x63, 0x75, 0x6d, 0x65, 0x6e, 0x74
.byte 0x2e, 0x67, 0x65, 0x74, 0x45, 0x6c, 0x65, 0x6d, 0x65, 0x6e, 0x74, 0x42, 0x79, 0x49, 0x64, 0x28
.byte 0x27, 0x68, 0x6f, 0x6e, 0x65, 0x79, 0x70, 0x6f, 0x74, 0x43, 0x68, 0x65, 0x63, 0x6b, 0x62, 0x6f
.byte 0x78, 0x27, 0x29, 0x2e, 0x63, 0x68, 0x65, 0x63, 0x6b, 0x65, 0x64, 0x3b, 0x0d, 0x0a, 0x20, 0x20
.byte 0x20, 0x20, 0x20, 0x20, 0x20, 0x20, 0x20, 0x20, 0x20, 0x20, 0x64, 0x6f, 0x63, 0x75, 0x6d, 0x65
.byte 0x6e, 0x74, 0x2e, 0x67, 0x65, 0x74, 0x45, 0x6c, 0x65, 0x6d, 0x65, 0x6e, 0x74, 0x42, 0x79, 0x49
.byte 0x64, 0x28, 0x27, 0x64, 0x65, 0x74, 0x65, 0x63, 0x74, 0x41, 0x72, 0x70, 0x49, 0x6e, 0x74, 0x65
.byte 0x72, 0x76, 0x61, 0x6c, 0x27, 0x29, 0x2e, 0x64, 0x69, 0x73, 0x61, 0x62, 0x6c, 0x65, 0x64, 0x20
.byte 0x3d, 0x20, 0x21, 0x64, 0x6f, 0x63, 0x75, 0x6d, 0x65, 0x6e, 0x74, 0x2e, 0x67, 0x65, 0x74, 0x45
.byte 0x6c, 0x65, 0x6d, 0x65, 0x6e, 0x74, 0x42, 0x79, 0x49, 0x64, 0x28, 0x27, 0x64, 0x65, 0x74, 0x65
.byte 0x63, 0x74, 0x41, 0x72, 0x70, 0x43, 0x68, 0x65, 0x63, 0x6b, 0x62, 0x6f, 0x78, 0x27, 0x29, 0x2e
.byte 0x63, 0x68, 0x65, 0x63, 0x6b, 0x65, 0x64, 0x3b, 0x0d, 0x0a, 0x20, 0x20, 0x20, 0x20, 0x20, 0x20
.byte 0x20, 0x20, 0x20, 0x20, 0x20, 0x20, 0x64, 0x6f, 0x63, 0x75, 0x6d, 0x65, 0x6e, 0x74, 0x2e, 0x67
.byte 0x65, 0x74, 0x45, 0x6c, 0x65, 0x6d, 0x65, 0x6e, 0x74, 0x42, 0x79, 0x49, 0x64, 0x28, 0x27, 0x64
.byte 0x69, 0x66, 0x66, 0x65, 0x72, 0x65, 0x6e, 0x74, 0x49, 0x70, 0x73, 0x27, 0x29, 0x2e, 0x64, 0x69
.byte 0x73, 0x61, 0x62, 0x6c, 0x65, 0x64, 0x20, 0x3d, 0x20, 0x21, 0x64, 0x6f, 0x63, 0x75, 0x6d, 0x65
.byte 0x6e, 0x74, 0x2e, 0x67, 0x65, 0x74, 0x45, 0x6c, 0x65, 0x6d, 0x65, 0x6e, 0x74, 0x42, 0x79, 0x49
.byte 0x64, 0x28, 0x27, 0x64, 0x65, 0x74, 0x65, 0x63, 0x74, 0x41, 0x72, 0x70, 0x43, 0x68, 0x65, 0x63
.byte 0x6b, 0x62, 0x6f, 0x78, 0x27, 0x29, 0x2e, 0x63, 0x68, 0x65, 0x63, 0x6b, 0x65, 0x64, 0x3b, 0x0d
.byte 0x0a, 0x20, 0x20, 0x20, 0x20, 0x20, 0x20, 0x20, 0x20, 0x7d, 0x0d, 0x0a, 0x20, 0x20, 0x20, 0x20
.byte 0x20, 0x0d, 0x0a, 0x20, 0x20, 0x20, 0x20, 0x20, 0x20, 0x20, 0x20, 0x2f, 0x2f, 0x20, 0x48, 0xc3
.byte 0xa0, 0x6d, 0x20, 0x67, 0xe1, 0xbb, 0x8d, 0x69, 0x20, 0x6b, 0x68, 0x69, 0x20, 0x74, 0xe1, 0xba
.byte 0xa3, 0x69, 0x20, 0x74, 0x72, 0x61, 0x6e, 0x67, 0x20, 0xc4, 0x91, 0xe1, 0xbb, 0x83, 0x20, 0xc4
.byte 0x91, 0xe1, 0xbb, 0x93, 0x6e, 0x67, 0x20, 0x62, 0xe1, 0xbb, 0x99, 0x20, 0x74, 0x72, 0xe1, 0xba
.byte 0xa1, 0x6e, 0x67, 0x20, 0x74, 0x68, 0xc3, 0xa1, 0x69, 0x20, 0x74, 0xe1, 0xbb, 0xab, 0x20, 0x73
.byte 0x65, 0x72, 0x76, 0x65, 0x72, 0x0d, 0x0a, 0x20, 0x20, 0x20, 0x20, 0x20, 0x20, 0x20, 0x20, 0x77
.byte 0x69, 0x6e, 0x64, 0x6f, 0x77, 0x2e, 0x6f, 0x6e, 0x6c, 0x6f, 0x61, 0x64, 0x20, 0x3d, 0x20, 0x66
.byte 0x75, 0x6e, 0x63, 0x74, 0x69, 0x6f, 0x6e, 0x28, 0x29, 0x20, 0x7b, 0x0d, 0x0a, 0x20, 0x20, 0x20
.byte 0x20, 0x20, 0x20, 0x20, 0x20, 0x20, 0x20, 0x20, 0x20, 0x48, 0x6f, 0x6e, 0x65, 0x79, 0x70, 0x6f
.byte 0x74, 0x73, 0x74, 0x61, 0x74, 0x75, 0x73, 0x20, 0x3d, 0x20, 0x74, 0x72, 0x75, 0x65, 0x3b, 0x0d
.byte 0x0a, 0x20, 0x20, 0x20, 0x20, 0x20, 0x20, 0x20, 0x20, 0x20, 0x20, 0x20, 0x20, 0x53, 0x63, 0x61
.byte 0x6e, 0x73, 0x74, 0x61, 0x74, 0x75, 0x73, 0x20, 0x3d, 0x20, 0x74, 0x72, 0x75, 0x65, 0x3b, 0x0d
.byte 0x0a, 0x20, 0x20, 0x20, 0x20, 0x20, 0x20, 0x20, 0x20, 0x20, 0x20, 0x20, 0x20, 0x66, 0x65, 0x74
.byte 0x63, 0x68, 0x77, 0x61, 0x72, 0x6e, 0x69, 0x6e, 0x67, 0x28, 0x29, 0x3b, 0x2f, 0x2f, 0x63, 0xc3
.byte 0xb3, 0x20, 0x74, 0x68, 0xe1, 0xbb, 0x83, 0x20, 0x62, 0xe1, 0xbb, 0x8f, 0x0d, 0x0a, 0x20, 0x20
.byte 0x20, 0x20, 0x20, 0x20, 0x20, 0x20, 0x20, 0x20, 0x20, 0x20, 0x66, 0x65, 0x74, 0x63, 0x68, 0x53
.byte 0x65, 0x74, 0x74, 0x69, 0x6e, 0x67, 0x73, 0x28, 0x29, 0x3b, 0x0d, 0x0a, 0x20, 0x20, 0x20, 0x20
.byte 0x20, 0x20, 0x20, 0x20, 0x20, 0x20, 0x20, 0x20, 0x73, 0x65, 0x74, 0x49, 0x6e, 0x74, 0x65, 0x72
.byte 0x76, 0x61, 0x6c, 0x28, 0x66, 0x65, 0x74, 0x63, 0x68, 0x77, 0x61, 0x72, 0x6e, 0x69, 0x6e, 0x67
.byte 0x2c, 0x20, 0x35, 0x30, 0x30, 0x30, 0x29, 0x3b, 0x0d, 0x0a, 0x0d, 0x0a, 0x20, 0x20, 0x20, 0x20
.byte 0x20, 0x20, 0x20, 0x20, 0x7d, 0x3b, 0x0d, 0x0a, 0x0d, 0x0a, 0x20, 0x20, 0x20, 0x20, 0x20, 0x20
.byte 0x20, 0x20, 0x6c, 0x65, 0x74, 0x20, 0x69, 0x70, 0x4c, 0x69, 0x73, 0x74, 0x20, 0x3d, 0x20, 0x5b
.byte 0x5d, 0x3b, 0x20, 0x2f, 0x2f, 0x20, 0x4d, 0xe1, 0xba, 0xa3, 0x6e, 0x67, 0x20, 0x69, 0x70, 0x4c
.byte 0x69, 0x73, 0x74, 0x20, 0x62, 0x61, 0x6e, 0x20, 0xc4, 0x91, 0xe1, 0xba, 0xa7, 0x75, 0x0d, 0x0a
.byte 0x0d, 0x0a, 0x20, 0x20, 0x20, 0x20, 0x20, 0x20, 0x20, 0x20, 0x66, 0x75, 0x6e, 0x63, 0x74, 0x69
.byte 0x6f, 0x6e, 0x20, 0x66, 0x65, 0x74, 0x63, 0x68, 0x53, 0x65, 0x74, 0x74, 0x69, 0x6e, 0x67, 0x73
.byte 0x28, 0x29, 0x20, 0x7b, 0x0d, 0x0a, 0x20, 0x20, 0x20, 0x20, 0x20, 0x20, 0x20, 0x20, 0x20, 0x20
.byte 0x20, 0x20, 0x20, 0x20, 0x20, 0x20, 0x0d, 0x0a, 0x20, 0x20, 0x20, 0x20, 0x20, 0x20, 0x20, 0x20
.byte 0x20, 0x20, 0x20, 0x20, 0x50, 0x72, 0x6f, 0x6d, 0x69, 0x73, 0x65, 0x2e, 0x61, 0x6c, 0x6c, 0x28
.byte 0x5b, 0x0d, 0x0a, 0x20, 0x20, 0x20, 0x20, 0x20, 0x20, 0x20, 0x20, 0x20, 0x20, 0x20, 0x20, 0x20
.byte 0x20, 0x20, 0x20, 0x66, 0x65, 0x74, 0x63, 0x68, 0x28, 0x27, 0x2f, 0x67, 0x65, 0x74, 0x53, 0x65
.byte 0x74, 0x74, 0x69, 0x6e, 0x67, 0x27, 0x29, 0x2e, 0x74, 0x68, 0x65, 0x6e, 0x28, 0x72, 0x65, 0x73
.byte 0x70, 0x6f, 0x6e, 0x73, 0x65, 0x20, 0x3d, 0x3e, 0x20, 0x72, 0x65, 0x73, 0x70, 0x6f, 0x6e, 0x73
.byte 0x65, 0x2e, 0x6a, 0x73, 0x6f, 0x6e, 0x28, 0x29, 0x29, 0x2c, 0x0d, 0x0a, 0x20, 0x20, 0x20, 0x20
.byte 0x20, 0x20, 0x20, 0x20, 0x20, 0x20, 0x20, 0x20, 0x20, 0x20, 0x20, 0x20, 0x66, 0x65, 0x74, 0x63
.byte 0x68, 0x28, 0x27, 0x2f, 0x67, 0x65, 0x74, 0x64, 0x61, 0x74, 0x61, 0x61, 0x72, 0x70, 0x27, 0x29
.byte 0x2e, 0x74, 0x68, 0x65, 0x6e, 0x28, 0x72, 0x65, 0x73, 0x70, 0x6f, 0x6e, 0x73, 0x65, 0x20, 0x3d
.byte 0x3e, 0x20, 0x72, 0x65, 0x73, 0x70, 0x6f, 0x6e, 0x73, 0x65, 0x2e, 0x6a, 0x73, 0x6f, 0x6e, 0x28
.byte 0x29, 0x29, 0x0d, 0x0a, 0x20, 0x20, 0x20, 0x20, 0x20, 0x20, 0x20, 0x20, 0x20, 0x20, 0x20, 0x20
.byte 0x5d, 0x29, 0x0d, 0x0a, 0x20, 0x20, 0x20, 0x20, 0x20, 0x20, 0x20, 0x20, 0x20, 0x20, 0x20, 0x20
.byte 0x2e, 0x74, 0x68, 0x65, 0x6e, 0x28, 0x28, 0x5b, 0x73, 0x65, 0x74, 0x74, 0x69, 0x6e, 0x67, 0x73
.byte 0x44, 0x61, 0x74, 0x61, 0x2c, 0x20, 0x61, 0x72, 0x70, 0x44, 0x61, 0x74, 0x61, 0x5d, 0x29, 0x20
.byte 0x3d, 0x3e, 0x20, 0x7b, 0x0d, 0x0a, 0x20, 0x20, 0x20, 0x20, 0x20, 0x20, 0x20, 0x20, 0x20, 0x20
.byte 0x20, 0x20, 0x20, 0x20, 0x20, 0x20, 0x2f, 0x2f, 0x20, 0x43, 0xe1, 0xba, 0xad, 0x70, 0x20, 0x6e
.byte 0x68, 0xe1, 0xba, 0xad, 0x74, 0x20, 0x74, 0x72, 0xe1, 0xba, 0xa1, 0x6e, 0x67, 0x20, 0x74, 0x68
.byte 0xc3, 0xa1, 0x69, 0x20, 0x63, 0x68, 0x65, 0x63, 0x6b, 0x62, 0x6f, 0x78, 0x20, 0x76, 0xc3, 0xa0
.byte 0x20, 0x69, 0x6e, 0x70, 0x75, 0x74, 0x20, 0x64, 0xe1, 0xbb, 0xb1, 0x61, 0x20, 0x74, 0x72, 0xc3
.byte 0xaa, 0x6e, 0x20, 0x64, 0xe1, 0xbb, 0xaf, 0x20, 0x6c, 0x69, 0xe1, 0xbb, 0x87, 0x75, 0x20, 0x74
.byte 0xe1, 0xbb, 0xab, 0x20, 0x73, 0x65, 0x72, 0x76, 0x65, 0x72, 0x0d, 0x0a, 0x20, 0x20, 0x20, 0x20
.byte 0x20, 0x20, 0x20, 0x20, 0x20, 0x20, 0x20, 0x20, 0x20, 0x20, 0x20, 0x20, 0x0d, 0x0a, 0x20, 0x20
.byte 0x20, 0x20, 0x20, 0x20, 0x20, 0x20, 0x20, 0x20, 0x20, 0x20, 0x20, 0x20, 0x20, 0x20, 0x70, 0x72
.byte 0x65, 0x76, 0x69, 0x6f, 0x75, 0x73, 0x53, 0x65, 0x74, 0x74, 0x69, 0x6e, 0x67, 0x73, 0x20, 0x3d
.byte 0x20, 0x73, 0x65, 0x74, 0x74, 0x69, 0x6e, 0x67, 0x73, 0x44, 0x61, 0x74, 0x61, 0x3b, 0x0d, 0x0a
.byte 0x20, 0x20, 0x20, 0x20, 0x20, 0x20, 0x20, 0x20, 0x20, 0x20, 0x20, 0x20, 0x20, 0x20, 0x20, 0x20
.byte 0x64, 0x6f, 0x63, 0x75, 0x6d, 0x65, 0x6e, 0x74, 0x2e, 0x67, 0x65, 0x74, 0x45, 0x6c, 0x65, 0x6d
.byte 0x65, 0x6e, 0x74, 0x42, 0x79, 0x49, 0x64, 0x28, 0x27, 0x73, 0x63, 0x61, 0x6e, 0x41, 0x72, 0x70
.byte 0x43, 0x68, 0x65, 0x63, 0x6b, 0x62, 0x6f, 0x78, 0x27, 0x29, 0x2e, 0x63, 0x68, 0x65, 0x63, 0x6b
.byte 0x65, 0x64, 0x20, 0x3d, 0x20, 0x73, 0x65, 0x74, 0x74, 0x69, 0x6e, 0x67, 0x73, 0x44, 0x61, 0x74
.byte 0x61, 0x2e, 0x73, 0x63, 0x61, 0x6e, 0x41, 0x72, 0x70, 0x45, 0x6e, 0x61, 0x62, 0x6c, 0x65, 0x64
.byte 0x3b, 0x0d, 0x0a, 0x20, 0x20, 0x20, 0x20, 0x20, 0x20, 0x20, 0x20, 0x20, 0x20, 0x20, 0x20, 0x20
.byte 0x20, 0x20, 0x20, 0x64, 0x6f, 0x63, 0x75, 0x6d, 0x65, 0x6e, 0x74, 0x2e, 0x67, 0x65, 0x74, 0x45
.byte 0x6c, 0x65, 0x6d, 0x65, 0x6e, 0x74, 0x42, 0x79, 0x49, 0x64, 0x28, 0x27, 0x73, 0x63, 0x61, 0x6e
.byte 0x41, 0x72, 0x70, 0x49, 0x6e, 0x74, 0x65, 0x72, 0x76, 0x61, 0x6c, 0x27, 0x29, 0x2e, 0x76, 0x61
.byte 0x6c, 0x75, 0x65, 0x20, 0x3d, 0x20, 0x73, 0x65, 0x74, 0x74, 0x69, 0x6e, 0x67, 0x73, 0x44, 0x61
.byte 0x74, 0x61, 0x2e, 0x73, 0x63, 0x61, 0x6e, 0x41, 0x72, 0x70, 0x49, 0x6e, 0x74, 0x65, 0x72, 0x76
.byte 0x61, 0x6c, 0x3b, 0x0d, 0x0a, 0x20, 0x20, 0x20, 0x20, 0x20, 0x20, 0x20, 0x20, 0x20, 0x20, 0x20
.byte 0x20, 0x20, 0x20, 0x20, 0x20, 0x64, 0x6f, 0x63, 0x75, 0x6d, 0x65, 0x6e, 0x74, 0x2e, 0x67, 0x65
.byte 0x74, 0x45, 0x6c, 0x65, 0x6d, 0x65, 0x6e, 0x74, 0x42, 0x79, 0x49, 0x64, 0x28, 0x27, 0x68, 0x6f
.byte 0x6e, 0x65, 0x79, 0x70, 0x6f, 0x74, 0x43, 0x68, 0x65, 0x63, 0x6b, 0x62, 0x6f, 0x78, 0x27, 0x29
.byte 0x2e, 0x63, 0x68, 0x65, 0x63, 0x6b, 0x65, 0x64, 0x20, 0x3d, 0x20, 0x73, 0x65, 0x74, 0x74, 0x69
.byte 0x6e, 0x67, 0x73, 0x44, 0x61, 0x74, 0x61, 0x2e, 0x68, 0x6f, 0x6e, 0x65, 0x79, 0x70, 0x6f, 0x74
.byte 0x45, 0x6e, 0x61, 0x62, 0x6c, 0x65, 0x64, 0x3b, 0x0d, 0x0a, 0x20, 0x20, 0x20, 0x20, 0x20, 0x20
.byte 0x20, 0x20, 0x20, 0x20, 0x20, 0x20, 0x20, 0x20, 0x20, 0x20, 0x64, 0x6f, 0x63, 0x75, 0x6d, 0x65
.byte 0x6e, 0x74, 0x2e, 0x67, 0x65, 0x74, 0x45, 0x6c, 0x65, 0x6d, 0x65, 0x6e, 0x74, 0x42, 0x79, 0x49
.byte 0x64, 0x28, 0x27, 0x68, 0x6f, 0x6e, 0x65, 0x79, 0x70, 0x6f, 0x74, 0x49, 0x50, 0x27, 0x29, 0x2e
.byte 0x76, 0x61, 0x6c, 0x75, 0x65, 0x20, 0x3d, 0x20, 0x73, 0x65, 0x74, 0x74, 0x69, 0x6e, 0x67, 0x73
.byte 0x44, 0x61, 0x74, 0x61, 0x2e, 0x68, 0x6f, 0x6e, 0x65, 0x79, 0x70, 0x6f, 0x74, 0x49, 0x50, 0x3b
.byte 0x0d, 0x0a, 0x20, 0x20, 0x20, 0x20, 0x20, 0x20, 0x20, 0x20, 0x20, 0x20, 0x20, 0x20, 0x20, 0x20
.byte 0x20, 0x20, 0x64, 0x6f, 0x63, 0x75, 0x6d, 0x65, 0x6e, 0x74, 0x2e, 0x67, 0x65, 0x74, 0x45, 0x6c
.byte 0x65, 0x6d, 0x65, 0x6e, 0x74, 0x42, 0x79, 0x49, 0x64, 0x28, 0x27, 0x64, 0x65, 0x74, 0x65, 0x63
.byte 0x74, 0x41, 0x72, 0x70, 0x43, 0x68, 0x65, 0x63, 0x6b, 0x62, 0x6f, 0x78, 0x27, 0x29, 0x2e, 0x63
.byte 0x68, 0x65, 0x63, 0x6b, 0x65, 0x64, 0x20, 0x3d, 0x20, 0x73, 0x65, 0x74, 0x74, 0x69, 0x6e, 0x67
.byte 0x73, 0x44, 0x61, 0x74, 0x61, 0x2e, 0x64, 0x65, 0x74, 0x65, 0x63, 0x74, 0x41, 0x72, 0x70, 0x45
.byte 0x6e, 0x61, 0x62, 0x6c, 0x65, 0x64, 0x3b, 0x0d, 0x0a, 0x20, 0x20, 0x20, 0x20, 0x20, 0x20, 0x20
.byte 0x20, 0x20, 0x20, 0x20, 0x20, 0x20, 0x20, 0x20, 0x20, 0x64, 0x6f, 0x63, 0x75, 0x6d, 0x65, 0x6e
.byte 0x74, 0x2e, 0x67, 0x65, 0x74, 0x45, 0x6c, 0x65, 0x6d, 0x65, 0x6e, 0x74, 0x42, 0x79, 0x49, 0x64
.byte 0x28, 0x27, 0x64, 0x65, 0x74, 0x65, 0x63, 0x74, 0x41, 0x72, 0x70, 0x49, 0x6e, 0x74, 0x65, 0x72
.byte 0x76, 0x61, 0x6c, 0x27, 0x29, 0x2e, 0x76, 0x61, 0x6c, 0x75, 0x65, 0x20, 0x3d, 0x20, 0x73, 0x65
.byte 0x74, 0x74, 0x69, 0x6e, 0x67, 0x73, 0x44, 0x61, 0x74, 0x61, 0x2e, 0x64, 0x65, 0x74, 0x65, 0x63
.byte 0x74, 0x41, 0x72, 0x70, 0x49, 0x6e, 0x74, 0x65, 0x72, 0x76, 0x61, 0x6c, 0x3b, 0x0d, 0x0a, 0x20
.byte 0x20, 0x20, 0x20, 0x20, 0x20, 0x20, 0x20, 0x20, 0x20, 0x20, 0x20, 0x20, 0x20, 0x20, 0x20, 0x64
.byte 0x6f, 0x63, 0x75, 0x6d, 0x65, 0x6e, 0x74, 0x2e, 0x67, 0x65, 0x74, 0x45, 0x6c, 0x65, 0x6d, 0x65
.byte 0x6e, 0x74, 0x42, 0x79, 0x49, 0x64, 0x28, 0x27, 0x64, 0x69, 0x66, 0x66, 0x65, 0x72, 0x65, 0x6e
.byte 0x74, 0x49, 0x70, 0x73, 0x27, 0x29, 0x2e, 0x76, 0x61, 0x6c, 0x75, 0x65, 0x20, 0x3d, 0x20, 0x73
.byte 0x65, 0x74, 0x74, 0x69, 0x6e, 0x67, 0x73, 0x44, 0x61, 0x74, 0x61, 0x2e, 0x64, 0x69, 0x66, 0x66
.byte 0x65, 0x72, 0x65, 0x6e, 0x74, 0x49, 0x70, 0x73, 0x3b, 0x0d, 0x0a, 0x0d, 0x0a, 0x20, 0x20, 0x20
.byte 0x20, 0x20, 0x20, 0x20, 0x20, 0x20, 0x20, 0x20, 0x20, 0x20, 0x20, 0x20, 0x20, 0x64, 0x6f, 0x63
.byte 0x75, 0x6d, 0x65, 0x6e, 0x74, 0x2e, 0x67, 0x65, 0x74, 0x45, 0x6c, 0x65, 0x6d, 0x65, 0x6e, 0x74
.byte 0x42, 0x79, 0x49, 0x64, 0x28, 0x27, 0x75, 0x73, 0x65, 0x72, 0x41, 0x64, 0x6d, 0x69, 0x6e, 0x27
.byte 0x29, 0x2e, 0x76, 0x61, 0x6c, 0x75, 0x65, 0x20, 0x3d, 0x20, 0x73, 0x65, 0x74, 0x74, 0x69, 0x6e
.byte 0x67, 0x73, 0x44, 0x61, 0x74, 0x61, 0x2e, 0x75, 0x73, 0x65, 0x72, 0x41, 0x64, 0x6d, 0x69, 0x6e
.byte 0x3b, 0x0d, 0x0a, 0x20, 0x20, 0x20, 0x20, 0x20, 0x20, 0x20, 0x20, 0x20, 0x20, 0x20, 0x20, 0x20
.byte 0x20, 0x20, 0x20, 0x64, 0x6f, 0x63, 0x75, 0x6d, 0x65, 0x6e, 0x74, 0x2e, 0x67, 0x65, 0x74, 0x45
.byte 0x6c, 0x65, 0x6d, 0x65, 0x6e, 0x74, 0x42, 0x79, 0x49, 0x64, 0x28, 0x27, 0x70, 0x61, 0x73, 0x73
.byte 0x41, 0x64, 0x6d, 0x69, 0x6e, 0x27, 0x29, 0x2e, 0x76, 0x61, 0x6c, 0x75, 0x65, 0x20, 0x3d, 0x20
.byte 0x73, 0x65, 0x74, 0x74, 0x69, 0x6e, 0x67, 0x73, 0x44, 0x61, 0x74, 0x61, 0x2e, 0x70, 0x61, 0x73
.byte 0x73, 0x41, 0x64, 0x6d, 0x69, 0x6e, 0x3b, 0x0d, 0x0a, 0x20, 0x20, 0x20, 0x20, 0x20, 0x20, 0x20
.byte 0x20, 0x20, 0x20, 0x20, 0x20, 0x20, 0x20, 0x20, 0x20, 0x64, 0x6f, 0x63, 0x75, 0x6d, 0x65, 0x6e
.byte 0x74, 0x2e, 0x67, 0x65, 0x74, 0x45, 0x6c, 0x65, 0x6d, 0x65, 0x6e, 0x74, 0x42, 0x79, 0x49, 0x64
.byte 0x28, 0x27, 0x75, 0x73, 0x65, 0x72, 0x43, 0x6f, 0x6e, 0x73, 0x75, 0x6c, 0x74, 0x61, 0x6e, 0x74
.byte 0x27, 0x29, 0x2e, 0x76, 0x61, 0x6c, 0x75, 0x65, 0x20, 0x3d, 0x20, 0x73, 0x65, 0x74, 0x74, 0x69
.byte 0x6e, 0x67, 0x73, 0x44, 0x61, 0x74, 0x61, 0x2e, 0x75, 0x73, 0x65, 0x72, 0x43, 0x6f, 0x6e, 0x73
.byte 0x75, 0x6c, 0x74, 0x61, 0x6e, 0x74, 0x3b, 0x0d, 0x0a, 0x20, 0x20, 0x20, 0x20, 0x20, 0x20, 0x20
.byte 0x20, 0x20, 0x20, 0x20, 0x20, 0x20, 0x20, 0x20, 0x20, 0x64, 0x6f, 0x63, 0x75, 0x6d, 0x65, 0x6e
.byte 0x74, 0x2e, 0x67, 0x65, 0x74, 0x45, 0x6c, 0x65, 0x6d, 0x65, 0x6e, 0x74, 0x42, 0x79, 0x49, 0x64
.byte 0x28, 0x27, 0x70, 0x61, 0x73, 0x73, 0x43, 0x6f, 0x6e, 0x73, 0x75, 0x6c, 0x74, 0x61, 0x6e, 0x74
.byte 0x27, 0x29, 0x2e, 0x76, 0x61, 0x6c, 0x75, 0x65, 0x20, 0x3d, 0x20, 0x73, 0x65, 0x74, 0x74, 0x69
.byte 0x6e, 0x67, 0x73, 0x44, 0x61, 0x74, 0x61, 0x2e, 0x70, 0x61, 0x73, 0x73, 0x43, 0x6f, 0x6e, 0x73
.byte 0x75, 0x6c, 0x74, 0x61, 0x6e, 0x74, 0x3b, 0x0d, 0x0a, 0x20, 0x20, 0x20, 0x20, 0x20, 0x20, 0x20
.byte 0x20, 0x20, 0x20, 0x20, 0x20, 0x20, 0x20, 0x20, 0x20, 0x64, 0x6f, 0x63, 0x75, 0x6d, 0x65, 0x6e
.byte 0x74, 0x2e, 0x67, 0x65, 0x74, 0x45, 0x6c, 0x65, 0x6d, 0x65, 0x6e, 0x74, 0x42, 0x79, 0x49, 0x64
.byte 0x28, 0x27, 0x63, 0x6f, 0x64, 0x65, 0x47, 0x75, 0x65, 0x73, 0x74, 0x27, 0x29, 0x2e, 0x76, 0x61
.byte 0x6c, 0x75, 0x65, 0x20, 0x3d, 0x20, 0x73, 0x65, 0x74, 0x74, 0x69, 0x6e, 0x67, 0x73, 0x44, 0x61
.byte 0x74, 0x61, 0x2e, 0x63, 0x6f, 0x64, 0x65, 0x47, 0x75, 0x65, 0x73, 0x74, 0x3b, 0x0d, 0x0a, 0x20
.byte 0x20, 0x20, 0x20, 0x20, 0x20, 0x20, 0x20, 0x20, 0x20, 0x20, 0x20, 0x20, 0x20, 0x20, 0x20, 0x64
.byte 0x6f, 0x63, 0x75, 0x6d, 0x65, 0x6e, 0x74, 0x2e, 0x67, 0x65, 0x74, 0x45, 0x6c, 0x65, 0x6d, 0x65
.byte 0x6e, 0x74, 0x42, 0x79, 0x49, 0x64, 0x28, 0x27, 0x70, 0x68, 0x6f, 0x6e, 0x65, 0x31, 0x27, 0x29
.byte 0x2e, 0x76, 0x61, 0x6c, 0x75, 0x65, 0x20, 0x3d, 0x20, 0x73, 0x65, 0x74, 0x74, 0x69, 0x6e, 0x67
.byte 0x73, 0x44, 0x61, 0x74, 0x61, 0x2e, 0x70, 0x68, 0x6f, 0x6e, 0x65, 0x31, 0x3b, 0x0d, 0x0a, 0x20
.byte 0x20, 0x20, 0x20, 0x20, 0x20, 0x20, 0x20, 0x20, 0x20, 0x20, 0x20, 0x20, 0x20, 0x20, 0x20, 0x64
.byte 0x6f, 0x63, 0x75, 0x6d, 0x65, 0x6e, 0x74, 0x2e, 0x67, 0x65, 0x74, 0x45, 0x6c, 0x65, 0x6d, 0x65
.byte 0x6e, 0x74, 0x42, 0x79, 0x49, 0x64, 0x28, 0x27, 0x70, 0x68, 0x6f, 0x6e, 0x65, 0x32, 0x27, 0x29
.byte 0x2e, 0x76, 0x61, 0x6c, 0x75, 0x65, 0x20, 0x3d, 0x20, 0x73, 0x65, 0x74, 0x74, 0x69, 0x6e, 0x67
.byte 0x73, 0x44, 0x61, 0x74, 0x61, 0x2e, 0x70, 0x68, 0x6f, 0x6e, 0x65, 0x32, 0x3b, 0x0d, 0x0a, 0x20
.byte 0x20, 0x20, 0x20, 0x20, 0x20, 0x20, 0x20, 0x20, 0x20, 0x20, 0x20, 0x20, 0x20, 0x20, 0x20, 0x74
.byte 0x6f, 0x67, 0x67, 0x6c, 0x65, 0x49, 0x6e, 0x70, 0x75, 0x74, 0x73, 0x28, 0x29, 0x3b, 0x2f, 0x2f
.byte 0x20, 0x43, 0xe1, 0xba, 0xad, 0x70, 0x20, 0x6e, 0x68, 0xe1, 0xba, 0xad, 0x74, 0x20, 0x74, 0x72
.byte 0xe1, 0xba, 0xa1, 0x6e, 0x67, 0x20, 0x74, 0x68, 0xc3, 0xa1, 0x69, 0x20, 0x65, 0x6e, 0x61, 0x62
.byte 0x6c, 0x65, 0x64, 0x2f, 0x64, 0x69, 0x73, 0x61, 0x62, 0x6c, 0x65, 0x64, 0x20, 0x63, 0xe1, 0xbb
.byte 0xa7, 0x61, 0x20, 0x63, 0xc3, 0xa1, 0x63, 0x20, 0x69, 0x6e, 0x70, 0x75, 0x74, 0x20, 0x64, 0xe1
.byte 0xbb, 0xb1, 0x61, 0x20, 0x74, 0x72, 0xc3, 0xaa, 0x6e, 0x20, 0x63, 0xc3, 0xa1, 0x63, 0x20, 0x63
.byte 0x68, 0x65, 0x63, 0x6b, 0x62, 0x6f, 0x78, 0x0d, 0x0a, 0x0d, 0x0a, 0x20, 0x20, 0x20, 0x20, 0x20
.byte 0x20, 0x20, 0x20, 0x20, 0x20, 0x20, 0x20, 0x20, 0x20, 0x20, 0x20, 0x69, 0x70, 0x4c, 0x69, 0x73
.byte 0x74, 0x20, 0x3d, 0x20, 0x5b, 0x5d, 0x3b, 0x20, 0x2f, 0x2f, 0x20, 0x58, 0xc3, 0xb3, 0x61, 0x20
.byte 0x6d, 0xe1, 0xba, 0xa3, 0x6e, 0x67, 0x20, 0x69, 0x70, 0x4c, 0x69, 0x73, 0x74, 0x20, 0x63, 0xc5
.byte 0xa9, 0x20, 0x74, 0x72, 0xc6, 0xb0, 0xe1, 0xbb, 0x9b, 0x63, 0x20, 0x6b, 0x68, 0x69, 0x20, 0x63
.byte 0xe1, 0xba, 0xad, 0x70, 0x20, 0x6e, 0x68, 0xe1, 0xba, 0xad, 0x74, 0x0d, 0x0a, 0x20, 0x20, 0x20
.byte 0x20, 0x20, 0x20, 0x20, 0x20, 0x20, 0x20, 0x20, 0x20, 0x20, 0x20, 0x20, 0x20, 0x66, 0x6f, 0x72
.byte 0x20, 0x28, 0x6c, 0x65, 0x74, 0x20, 0x69, 0x20, 0x3d, 0x20, 0x30, 0x3b, 0x20, 0x69, 0x20, 0x3c
.byte 0x20, 0x61, 0x72, 0x70, 0x44, 0x61, 0x74, 0x61, 0x2e, 0x6e, 0x75, 0x6d, 0x52, 0x6f, 0x77, 0x73
.byte 0x3b, 0x20, 0x69, 0x2b, 0x2b, 0x29, 0x20, 0x7b, 0x0d, 0x0a, 0x20, 0x20, 0x20, 0x20, 0x20, 0x20
.byte 0x20, 0x20, 0x20, 0x20, 0x20, 0x20, 0x20, 0x20, 0x20, 0x20, 0x20, 0x20, 0x20, 0x20, 0x6c, 0x65
.byte 0x74, 0x20, 0x69, 0x70, 0x41, 0x64, 0x64, 0x72, 0x65, 0x73, 0x73, 0x20, 0x3d, 0x20, 0x61, 0x72
.byte 0x70, 0x44, 0x61, 0x74, 0x61, 0x2e, 0x61, 0x72, 0x70, 0x5b, 0x69, 0x5d, 0x2e, 0x69, 0x70, 0x5f
.byte 0x61, 0x64, 0x64, 0x72, 0x65, 0x73, 0x73, 0x3b, 0x20, 0x20, 0x20, 0x20, 0x20, 0x20, 0x20, 0x20
.byte 0x20, 0x20, 0x20, 0x20, 0x20, 0x20, 0x20, 0x20, 0x20, 0x20, 0x0d, 0x0a, 0x20, 0x20, 0x20, 0x20
.byte 0x20, 0x20, 0x20, 0x20, 0x20, 0x20, 0x20, 0x20, 0x20, 0x20, 0x20, 0x20, 0x20, 0x20, 0x20, 0x20
.byte 0x2f, 0x2f, 0x20, 0x43, 0xe1, 0xba, 0xad, 0x70, 0x20, 0x6e, 0x68, 0xe1, 0xba, 0xad, 0x74, 0x20
.byte 0x69, 0x70, 0x4c, 0x69, 0x73, 0x74, 0x0d, 0x0a, 0x20, 0x20, 0x20, 0x20, 0x20, 0x20, 0x20, 0x20
.byte 0x20, 0x20, 0x20, 0x20, 0x20, 0x20, 0x20, 0x20, 0x20, 0x20, 0x20, 0x20, 0x69, 0x70, 0x4c, 0x69
.byte 0x73, 0x74, 0x2e, 0x70, 0x75, 0x73, 0x68, 0x28, 0x69, 0x70, 0x41, 0x64, 0x64, 0x72, 0x65, 0x73
.byte 0x73, 0x29, 0x3b, 0x0d, 0x0a, 0x20, 0x20, 0x20, 0x20, 0x20, 0x20, 0x20, 0x20, 0x20, 0x20, 0x20
.byte 0x20, 0x20, 0x20, 0x20, 0x20, 0x7d, 0x0d, 0x0a, 0x20, 0x20, 0x20, 0x20, 0x20, 0x20, 0x20, 0x20
.byte 0x20, 0x20, 0x20, 0x20, 0x20, 0x20, 0x20, 0x20, 0x0d, 0x0a, 0x0d, 0x0a, 0x20, 0x20, 0x20, 0x20
.byte 0x20, 0x20, 0x20, 0x20, 0x20, 0x20, 0x20, 0x20, 0x20, 0x20, 0x20, 0x20, 0x74, 0x62, 0x6f, 0x64
.byte 0x79, 0x20, 0x3d, 0x20, 0x64, 0x6f, 0x63, 0x75, 0x6d, 0x65, 0x6e, 0x74, 0x2e, 0x71, 0x75, 0x65
.byte 0x72, 0x79, 0x53, 0x65, 0x6c, 0x65, 0x63, 0x74, 0x6f, 0x72, 0x28, 0x27, 0x23, 0x64, 0x61, 0x74
.byte 0x61, 0x54, 0x61, 0x62, 0x6c, 0x65, 0x20, 0x74, 0x62, 0x6f, 0x64, 0x79, 0x27, 0x29, 0x3b, 0x0d
.byte 0x0a, 0x20, 0x20, 0x20, 0x20, 0x20, 0x20, 0x20, 0x20, 0x20, 0x20, 0x20, 0x20, 0x20, 0x20, 0x20
.byte 0x20, 0x74, 0x62, 0x6f, 0x64, 0x79, 0x2e, 0x69, 0x6e, 0x6e, 0x65, 0x72, 0x48, 0x54, 0x4d, 0x4c
.byte 0x20, 0x3d, 0x20, 0x27, 0x27, 0x3b, 0x0d, 0x0a, 0x20, 0x20, 0x20, 0x20, 0x20, 0x20, 0x20, 0x20
.byte 0x20, 0x20, 0x20, 0x20, 0x20, 0x20, 0x20, 0x20, 0x66, 0x6f, 0x72, 0x20, 0x28, 0x6c, 0x65, 0x74
.byte 0x20, 0x69, 0x20, 0x3d, 0x20, 0x30, 0x3b, 0x20, 0x69, 0x20, 0x3c, 0x20, 0x73, 0x65, 0x74, 0x74
.byte 0x69, 0x6e, 0x67, 0x73, 0x44, 0x61, 0x74, 0x61, 0x2e, 0x6e, 0x75, 0x6d, 0x52, 0x6f, 0x77, 0x73
.byte 0x3b, 0x20, 0x69, 0x2b, 0x2b, 0x29, 0x20, 0x7b, 0x0d, 0x0a, 0x20, 0x20, 0x20, 0x20, 0x20, 0x20
.byte 0x20, 0x20, 0x20, 0x20, 0x20, 0x20, 0x20, 0x20, 0x20, 0x20, 0x20, 0x20, 0x20, 0x20, 0x2f, 0x2f
.byte 0x20, 0x54, 0xe1, 0xba, 0xa1, 0x6f, 0x20, 0x63, 0xc3, 0xa1, 0x63, 0x20, 0x74, 0xc3, 0xb9, 0x79
.byte 0x20, 0x63, 0x68, 0xe1, 0xbb, 0x8d, 0x6e, 0x20, 0x63, 0x68, 0x6f, 0x20, 0x49, 0x50, 0x31, 0x20
.byte 0x76, 0xc3, 0xa0, 0x20, 0x49, 0x50, 0x32, 0x0d, 0x0a, 0x20, 0x20, 0x20, 0x20, 0x20, 0x20, 0x20
.byte 0x20, 0x20, 0x20, 0x20, 0x20, 0x20, 0x20, 0x20, 0x20, 0x20, 0x20, 0x20, 0x20, 0x6c, 0x65, 0x74
.byte 0x20, 0x6f, 0x70, 0x74, 0x69, 0x6f, 0x6e, 0x73, 0x49, 0x50, 0x31, 0x20, 0x3d, 0x20, 0x60, 0x3c
.byte 0x6f, 0x70, 0x74, 0x69, 0x6f, 0x6e, 0x20, 0x76, 0x61, 0x6c, 0x75, 0x65, 0x3d, 0x22, 0x24, 0x7b
.byte 0x73, 0x65, 0x74, 0x74, 0x69, 0x6e, 0x67, 0x73, 0x44, 0x61, 0x74, 0x61, 0x2e, 0x72, 0x6f, 0x77
.byte 0x73, 0x5b, 0x69, 0x5d, 0x2e, 0x49, 0x50, 0x31, 0x7d, 0x22, 0x3e, 0x24, 0x7b, 0x73, 0x65, 0x74
.byte 0x74, 0x69, 0x6e, 0x67, 0x73, 0x44, 0x61, 0x74, 0x61, 0x2e, 0x72, 0x6f, 0x77, 0x73, 0x5b, 0x69
.byte 0x5d, 0x2e, 0x49, 0x50, 0x31, 0x7d, 0x3c, 0x2f, 0x6f, 0x70, 0x74, 0x69, 0x6f, 0x6e, 0x3e, 0x60
.byte 0x3b, 0x0d, 0x0a, 0x20, 0x20, 0x20, 0x20, 0x20, 0x20, 0x20, 0x20, 0x20, 0x20, 0x20, 0x20, 0x20
.byte 0x20, 0x20, 0x20, 0x20, 0x20, 0x20, 0x20, 0x69, 0x70, 0x4c, 0x69, 0x73, 0x74, 0x2e, 0x66, 0x6f
.byte 0x72, 0x45, 0x61, 0x63, 0x68, 0x28, 0x69, 0x70, 0x20, 0x3d, 0x3e, 0x20, 0x7b, 0x0d, 0x0a, 0x20
.byte 0x20, 0x20, 0x20, 0x20, 0x20, 0x20, 0x20, 0x20, 0x20, 0x20, 0x20, 0x20, 0x20, 0x20, 0x20, 0x20
.byte 0x20, 0x20, 0x20, 0x20, 0x20, 0x20, 0x20, 0x2f, 0x2f, 0x20, 0x54, 0x68, 0xc3, 0xaa, 0x6d, 0x20
.byte 0x63, 0xc3, 0xa1, 0x63, 0x20, 0x74, 0xc3, 0xb9, 0x79, 0x20, 0x63, 0x68, 0xe1, 0xbb, 0x8d, 0x6e
.byte 0x20, 0x49, 0x50, 0x20, 0x6b, 0x68, 0xc3, 0xa1, 0x63, 0x20, 0x6e, 0xe1, 0xba, 0xbf, 0x75, 0x20
.byte 0x6b, 0x68, 0xc3, 0xb4, 0x6e, 0x67, 0x20, 0x74, 0x72, 0xc3, 0xb9, 0x6e, 0x67, 0x20, 0x76, 0xe1
.byte 0xbb, 0x9b, 0x69, 0x20, 0x49, 0x50, 0x20, 0xc4, 0x91, 0xc3, 0xa3, 0x20, 0x63, 0xc3, 0xb3, 0x0d
.byte 0x0a, 0x20, 0x20, 0x20, 0x20, 0x20, 0x20, 0x20, 0x20, 0x20, 0x20, 0x20, 0x20, 0x20, 0x20, 0x20
.byte 0x20, 0x20, 0x20, 0x20, 0x20, 0x20, 0x20, 0x20, 0x20, 0x69, 0x66, 0x20, 0x28, 0x69, 0x70, 0x20
.byte 0x21, 0x3d, 0x3d, 0x20, 0x73, 0x65, 0x74, 0x74, 0x69, 0x6e, 0x67, 0x73, 0x44, 0x61, 0x74, 0x61
.byte 0x2e, 0x72, 0x6f, 0x77, 0x73, 0x5b, 0x69, 0x5d, 0x2e, 0x49, 0x50, 0x31, 0x29, 0x20, 0x7b, 0x0d
.byte 0x0a, 0x20, 0x20, 0x20, 0x20, 0x20, 0x20, 0x20, 0x20, 0x20, 0x20, 0x20, 0x20, 0x20, 0x20, 0x20
.byte 0x20, 0x20, 0x20, 0x20, 0x20, 0x20, 0x20, 0x20, 0x20, 0x20, 0x20, 0x20, 0x20, 0x6f, 0x70, 0x74
.byte 0x69, 0x6f, 0x6e, 0x73, 0x49, 0x50, 0x31, 0x20, 0x2b, 0x3d, 0x20, 0x60, 0x3c, 0x6f, 0x70, 0x74
.byte 0x69, 0x6f, 0x6e, 0x20, 0x76, 0x61, 0x6c, 0x75, 0x65, 0x3d, 0x22, 0x24, 0x7b, 0x69, 0x70, 0x7d
.byte 0x22, 0x3e, 0x24, 0x7b, 0x69, 0x70, 0x7d, 0x3c, 0x2f, 0x6f, 0x70, 0x74, 0x69, 0x6f, 0x6e, 0x3e
.byte 0x60, 0x3b, 0x0d, 0x0a, 0x20, 0x20, 0x20, 0x20, 0x20, 0x20, 0x20, 0x20, 0x20, 0x20, 0x20, 0x20
.byte 0x20, 0x20, 0x20, 0x20, 0x20, 0x20, 0x20, 0x20, 0x20, 0x20, 0x20, 0x20, 0x7d, 0x0d, 0x0a, 0x20
.byte 0x20, 0x20, 0x20, 0x20, 0x20, 0x20, 0x20, 0x20, 0x20, 0x20, 0x20, 0x20, 0x20, 0x20, 0x20, 0x20
.byte 0x20, 0x20, 0x20, 0x7d, 0x29, 0x3b, 0x0d, 0x0a, 0x0d, 0x0a, 0x20, 0x20, 0x20, 0x20, 0x20, 0x20
.byte 0x20, 0x20, 0x20, 0x20, 0x20, 0x20, 0x20, 0x20, 0x20, 0x20, 0x20, 0x20, 0x20, 0x20, 0x2f, 0x2f
.byte 0x20, 0x54, 0xe1, 0xba, 0xa1, 0x6f, 0x20, 0x63, 0xc3, 0xa1, 0x63, 0x20, 0x74, 0xc3, 0xb9, 0x79
.byte 0x20, 0x63, 0x68, 0xe1, 0xbb, 0x8d, 0x6e, 0x20, 0x63, 0x68, 0x6f, 0x20, 0x49, 0x50, 0x32, 0x0d
.byte 0x0a, 0x20, 0x20, 0x20, 0x20, 0x20, 0x20, 0x20, 0x20, 0x20, 0x20, 0x20, 0x20, 0x20, 0x20, 0x20
.byte 0x20, 0x20, 0x20, 0x20, 0x20, 0x6c, 0x65, 0x74, 0x20, 0x6f, 0x70, 0x74, 0x69, 0x6f, 0x6e, 0x73
.byte 0x49, 0x50, 0x32, 0x20, 0x3d, 0x20, 0x60, 0x3c, 0x6f, 0x70, 0x74, 0x69, 0x6f, 0x6e, 0x20, 0x76
.byte 0x61, 0x6c, 0x75, 0x65, 0x3d, 0x22, 0x24, 0x7b, 0x73, 0x65, 0x74, 0x74, 0x69, 0x6e, 0x67, 0x73
.byte 0x44, 0x61, 0x74, 0x61, 0x2e, 0x72, 0x6f, 0x77, 0x73, 0x5b, 0x69, 0x5d, 0x2e, 0x49, 0x50, 0x32
.byte 0x7d, 0x22, 0x3e, 0x24, 0x7b, 0x73, 0x65, 0x74, 0x74, 0x69, 0x6e, 0x67, 0x73, 0x44, 0x61, 0x74
.byte 0x61, 0x2e, 0x72, 0x6f, 0x77, 0x73, 0x5b, 0x69, 0x5d, 0x2e, 0x49, 0x50, 0x32, 0x7d, 0x3c, 0x2f
.byte 0x6f, 0x70, 0x74, 0x69, 0x6f, 0x6e, 0x3e, 0x60, 0x3b, 0x0d, 0x0a, 0x20, 0x20, 0x20, 0x20, 0x20
.byte 0x20, 0x20, 0x20, 0x20, 0x20, 0x20, 0x20, 0x20, 0x20, 0x20, 0x20, 0x20, 0x20, 0x20, 0x20, 0x69
.byte 0x70, 0x4c, 0x69, 0x73, 0x74, 0x2e, 0x66, 0x6f, 0x72, 0x45, 0x61, 0x63, 0x68, 0x28, 0x69, 0x70
.byte 0x20, 0x3d, 0x3e, 0x20, 0x7b, 0x0d, 0x0a, 0x20, 0x20, 0x20, 0x20, 0x20, 0x20, 0x20, 0x20, 0x20
.byte 0x20, 0x20, 0x20, 0x20, 0x20, 0x20, 0x20, 0x20, 0x20, 0x20, 0x20, 0x20, 0x20, 0x20, 0x20, 0x2f
.byte 0x2f, 0x20, 0x54, 0x68, 0xc3, 0xaa, 0x6d, 0x20, 0x63, 0xc3, 0xa1, 0x63, 0x20, 0x74, 0xc3, 0xb9
.byte 0x79, 0x20, 0x63, 0x68, 0xe1, 0xbb, 0x8d, 0x6e, 0x20, 0x49, 0x50, 0x20, 0x6b, 0x68, 0xc3, 0xa1
.byte 0x63, 0x20, 0x6e, 0xe1, 0xba, 0xbf, 0x75, 0x20, 0x6b, 0x68, 0xc3, 0xb4, 0x6e, 0x67, 0x20, 0x74
.byte 0x72, 0xc3, 0xb9, 0x6e, 0x67, 0x20, 0x76, 0xe1, 0xbb, 0x9b, 0x69, 0x20, 0x49, 0x50, 0x20, 0xc4
.byte 0x91, 0xc3, 0xa3, 0x20, 0x63, 0xc3, 0xb3, 0x0d, 0x0a, 0x20, 0x20, 0x20, 0x20, 0x20, 0x20, 0x20
.byte 0x20, 0x20, 0x20, 0x20, 0x20, 0x20, 0x20, 0x20, 0x20, 0x20, 0x20, 0x20, 0x20, 0x20, 0x20, 0x20
.byte 0x20, 0x69, 0x66, 0x20, 0x28, 0x69, 0x70, 0x20, 0x21, 0x3d, 0x3d, 0x20, 0x73, 0x65, 0x74, 0x74
.byte 0x69, 0x6e, 0x67, 0x73, 0x44, 0x61, 0x74, 0x61, 0x2e, 0x72, 0x6f, 0x77, 0x73, 0x5b, 0x69, 0x5d
.byte 0x2e, 0x49, 0x50, 0x32, 0x29, 0x20, 0x7b, 0x0d, 0x0a, 0x20, 0x20, 0x20, 0x20, 0x20, 0x20, 0x20
.byte 0x20, 0x20, 0x20, 0x20, 0x20, 0x20, 0x20, 0x20, 0x20, 0x20, 0x20, 0x20, 0x20, 0x20, 0x20, 0x20
.byte 0x20, 0x20, 0x20, 0x20, 0x20, 0x6f, 0x70, 0x74, 0x69, 0x6f, 0x6e, 0x73, 0x49, 0x50, 0x32, 0x20
.byte 0x2b, 0x3d, 0x20, 0x60, 0x3c, 0x6f, 0x70, 0x74, 0x69, 0x6f, 0x6e, 0x20, 0x76, 0x61, 0x6c, 0x75
.byte 0x65, 0x3d, 0x22, 0x24, 0x7b, 0x69, 0x70, 0x7d, 0x22, 0x3e, 0x24, 0x7b, 0x69, 0x70, 0x7d, 0x3c
.byte 0x2f, 0x6f, 0x70, 0x74, 0x69, 0x6f, 0x6e, 0x3e, 0x60, 0x3b, 0x0d, 0x0a, 0x20, 0x20, 0x20, 0x20
.byte 0x20, 0x20, 0x20, 0x20, 0x20, 0x20, 0x20, 0x20, 0x20, 0x20, 0x20, 0x20, 0x20, 0x20, 0x20, 0x20
.byte 0x20, 0x20, 0x20, 0x20, 0x7d, 0x0d, 0x0a, 0x20, 0x20, 0x20, 0x20, 0x20, 0x20, 0x20, 0x20, 0x20
.byte 0x20, 0x20, 0x20, 0x20, 0x20, 0x20, 0x20, 0x20, 0x20, 0x20, 0x20, 0x7d, 0x29, 0x3b, 0x0d, 0x0a
.byte 0x20, 0x20, 0x20, 0x20, 0x20, 0x20, 0x20, 0x20, 0x20, 0x20, 0x20, 0x20, 0x20, 0x20, 0x20, 0x20
.byte 0x20, 0x20, 0x20, 0x20, 0x74, 0x62, 0x6f, 0x64, 0x79, 0x2e, 0x69, 0x6e, 0x6e, 0x65, 0x72, 0x48
.byte 0x54, 0x4d, 0x4c, 0x20, 0x2b, 0x3d, 0x20, 0x60, 0x0d, 0x0a, 0x20, 0x20, 0x20, 0x20, 0x20, 0x20
.byte 0x20, 0x20, 0x20, 0x20, 0x20, 0x20, 0x20, 0x20, 0x20, 0x20, 0x20, 0x20, 0x20, 0x20, 0x20, 0x20
.byte 0x20, 0x20, 0x3c, 0x74, 0x72, 0x3e, 0x0d, 0x0a, 0x20, 0x20, 0x20, 0x20, 0x20, 0x20, 0x20, 0x20
.byte 0x20, 0x20, 0x20, 0x20, 0x20, 0x20, 0x20, 0x20, 0x20, 0x20, 0x20, 0x20, 0x20, 0x20, 0x20, 0x20
.byte 0x20, 0x20, 0x20, 0x20, 0x3c, 0x74, 0x64, 0x3e, 0x3c, 0x69, 0x6e, 0x70, 0x75, 0x74, 0x20, 0x74
.byte 0x79, 0x70, 0x65, 0x3d, 0x22, 0x63, 0x68, 0x65, 0x63, 0x6b, 0x62, 0x6f, 0x78, 0x22, 0x20, 0x63
.byte 0x6c, 0x61, 0x73, 0x73, 0x3d, 0x22, 0x72, 0x6f, 0x77, 0x53, 0x65, 0x6c, 0x65, 0x63, 0x74, 0x22
.byte 0x3e, 0x3c, 0x2f, 0x74, 0x64, 0x3e, 0x0d, 0x0a, 0x20, 0x20, 0x20, 0x20, 0x20, 0x20, 0x20, 0x20
.byte 0x20, 0x20, 0x20, 0x20, 0x20, 0x20, 0x20, 0x20, 0x20, 0x20, 0x20, 0x20, 0x20, 0x20, 0x20, 0x20
.byte 0x20, 0x20, 0x20, 0x20, 0x3c, 0x74, 0x64, 0x3e, 0x3c, 0x69, 0x6e, 0x70, 0x75, 0x74, 0x20, 0x74
.byte 0x79, 0x70, 0x65, 0x3d, 0x22, 0x74, 0x65, 0x78, 0x74, 0x22, 0x20, 0x69, 0x64, 0x3d, 0x27, 0x70
.byte 0x72, 0x6f, 0x74, 0x6f, 0x63, 0x6f, 0x6c, 0x24, 0x7b, 0x69, 0x20, 0x2b, 0x20, 0x31, 0x7d, 0x27
.byte 0x20, 0x63, 0x6c, 0x61, 0x73, 0x73, 0x3d, 0x22, 0x70, 0x72, 0x6f, 0x74, 0x6f, 0x63, 0x6f, 0x6c
.byte 0x22, 0x20, 0x76, 0x61, 0x6c, 0x75, 0x65, 0x3d, 0x27, 0x24, 0x7b, 0x73, 0x65, 0x74, 0x74, 0x69
.byte 0x6e, 0x67, 0x73, 0x44, 0x61, 0x74, 0x61, 0x2e, 0x72, 0x6f, 0x77, 0x73, 0x5b, 0x69, 0x5d, 0x2e
.byte 0x70, 0x72, 0x6f, 0x74, 0x6f, 0x63, 0x6f, 0x6c, 0x7d, 0x27, 0x20, 0x73, 0x74, 0x79, 0x6c, 0x65
.byte 0x3d, 0x22, 0x77, 0x69, 0x64, 0x74, 0x68, 0x3a, 0x20, 0x31, 0x30, 0x30, 0x25, 0x3b, 0x20, 0x62
.byte 0x6f, 0x72, 0x64, 0x65, 0x72, 0x3a, 0x20, 0x6e, 0x6f, 0x6e, 0x65, 0x3b, 0x20, 0x6f, 0x75, 0x74
.byte 0x6c, 0x69, 0x6e, 0x65, 0x3a, 0x20, 0x6e, 0x6f, 0x6e, 0x65, 0x3b, 0x20, 0x66, 0x6f, 0x6e, 0x74
.byte 0x2d, 0x73, 0x69, 0x7a, 0x65, 0x3a, 0x20, 0x31, 0x34, 0x70, 0x78, 0x3b, 0x22, 0x3e, 0x3c, 0x2f
.byte 0x74, 0x64, 0x3e, 0x0d, 0x0a, 0x20, 0x20, 0x20, 0x20, 0x20, 0x20, 0x20, 0x20, 0x20, 0x20, 0x20
.byte 0x20, 0x20, 0x20, 0x20, 0x20, 0x20, 0x20, 0x20, 0x20, 0x20, 0x20, 0x20, 0x20, 0x20, 0x20, 0x20
.byte 0x20, 0x3c, 0x74, 0x64, 0x3e, 0x3c, 0x73, 0x65, 0x6c, 0x65, 0x63, 0x74, 0x20, 0x69, 0x64, 0x3d
.byte 0x27, 0x49, 0x50, 0x31, 0x24, 0x7b, 0x69, 0x20, 0x2b, 0x20, 0x31, 0x7d, 0x27, 0x20, 0x63, 0x6c
.byte 0x61, 0x73, 0x73, 0x3d, 0x22, 0x49, 0x50, 0x63, 0x6c, 0x61, 0x73, 0x73, 0x22, 0x20, 0x20, 0x73
.byte 0x74, 0x79, 0x6c, 0x65, 0x3d, 0x22, 0x77, 0x69, 0x64, 0x74, 0x68, 0x3a, 0x20, 0x31, 0x30, 0x30
.byte 0x25, 0x3b, 0x20, 0x62, 0x6f, 0x72, 0x64, 0x65, 0x72, 0x3a, 0x20, 0x6e, 0x6f, 0x6e, 0x65, 0x3b
.byte 0x20, 0x6f, 0x75, 0x74, 0x6c, 0x69, 0x6e, 0x65, 0x3a, 0x20, 0x6e, 0x6f, 0x6e, 0x65, 0x3b, 0x20
.byte 0x66, 0x6f, 0x6e, 0x74, 0x2d, 0x73, 0x69, 0x7a, 0x65, 0x3a, 0x20, 0x31, 0x34, 0x70, 0x78, 0x3b
.byte 0x22, 0x3e, 0x0d, 0x0a, 0x20, 0x20, 0x20, 0x20, 0x20, 0x20, 0x20, 0x20, 0x20, 0x20, 0x20, 0x20
.byte 0x20, 0x20, 0x20, 0x20, 0x20, 0x20, 0x20, 0x20, 0x20, 0x20, 0x20, 0x20, 0x20, 0x20, 0x20, 0x20
.byte 0x20, 0x20, 0x20, 0x20, 0x24, 0x7b, 0x6f, 0x70, 0x74, 0x69, 0x6f, 0x6e, 0x73, 0x49, 0x50, 0x31
.byte 0x7d, 0x0d, 0x0a, 0x20, 0x20, 0x20, 0x20, 0x20, 0x20, 0x20, 0x20, 0x20, 0x20, 0x20, 0x20, 0x20
.byte 0x20, 0x20, 0x20, 0x20, 0x20, 0x20, 0x20, 0x20, 0x20, 0x20, 0x20, 0x20, 0x20, 0x20, 0x20, 0x20
.byte 0x20, 0x20, 0x20, 0x3c, 0x2f, 0x73, 0x65, 0x6c, 0x65, 0x63, 0x74, 0x3e, 0x0d, 0x0a, 0x20, 0x20
.byte 0x20, 0x20, 0x20, 0x20, 0x20, 0x20, 0x20, 0x20, 0x20, 0x20, 0x20, 0x20, 0x20, 0x20, 0x20, 0x20
.byte 0x20, 0x20, 0x20, 0x20, 0x20, 0x20, 0x20, 0x20, 0x20, 0x20, 0x20, 0x20, 0x20, 0x20, 0x3c, 0x2f
.byte 0x74, 0x64, 0x3e, 0x0d, 0x0a, 0x20, 0x20, 0x20, 0x20, 0x20, 0x20, 0x20, 0x20, 0x20, 0x20, 0x20
.byte 0x20, 0x20, 0x20, 0x20, 0x20, 0x20, 0x20, 0x20, 0x20, 0x20, 0x20, 0x20, 0x20, 0x20, 0x20, 0x20
.byte 0x20, 0x3c, 0x74, 0x64, 0x3e, 0x3c, 0x73, 0x65, 0x6c, 0x65, 0x63, 0x74, 0x20, 0x69, 0x64, 0x3d
.byte 0x27, 0x49, 0x50, 0x32, 0x24, 0x7b, 0x69, 0x20, 0x2b, 0x20, 0x31, 0x7d, 0x27, 0x20, 0x63, 0x6c
.byte 0x61, 0x73, 0x73, 0x3d, 0x22, 0x49, 0x50, 0x63, 0x6c, 0x61, 0x73, 0x73, 0x22, 0x20, 0x73, 0x74
.byte 0x79, 0x6c, 0x65, 0x3d, 0x22, 0x77, 0x69, 0x64, 0x74, 0x68, 0x3a, 0x20, 0x31, 0x30, 0x30, 0x25
.byte 0x3b, 0x20, 0x62, 0x6f, 0x72, 0x64, 0x65, 0x72, 0x3a, 0x20, 0x6e, 0x6f, 0x6e, 0x65, 0x3b, 0x20
.byte 0x6f, 0x75, 0x74, 0x6c, 0x69, 0x6e, 0x65, 0x3a, 0x20, 0x6e, 0x6f, 0x6e, 0x65, 0x3b, 0x20, 0x66
.byte 0x6f, 0x6e, 0x74, 0x2d, 0x73, 0x69, 0x7a, 0x65, 0x3a, 0x20, 0x31, 0x34, 0x70, 0x78, 0x3b, 0x22
.byte 0x3e, 0x0d, 0x0a, 0x20, 0x20, 0x20, 0x20, 0x20, 0x20, 0x20, 0x20, 0x20, 0x20, 0x20, 0x20, 0x20
.byte 0x20, 0x20, 0x20, 0x20, 0x20, 0x20, 0x20, 0x20, 0x20, 0x20, 0x20, 0x20, 0x20, 0x20, 0x20, 0x20
.byte 0x20, 0x20, 0x20, 0x24, 0x7b, 0x6f, 0x70, 0x74, 0x69, 0x6f, 0x6e, 0x73, 0x49, 0x50, 0x32, 0x7d
.byte 0x0d, 0x0a, 0x20, 0x20, 0x20, 0x20, 0x20, 0x20, 0x20, 0x20, 0x20, 0x20, 0x20, 0x20, 0x20, 0x20
.byte 0x20, 0x20, 0x20, 0x20, 0x20, 0x20, 0x20, 0x20, 0x20, 0x20, 0x20, 0x20, 0x20, 0x20, 0x20, 0x20
.byte 0x20, 0x20, 0x3c, 0x2f, 0x73, 0x65, 0x6c, 0x65, 0x63, 0x74, 0x3e, 0x0d, 0x0a, 0x20, 0x20, 0x20
.byte 0x20, 0x20, 0x20, 0x20, 0x20, 0x20, 0x20, 0x20, 0x20, 0x20, 0x20, 0x20, 0x20, 0x20, 0x20, 0x20
.byte 0x20, 0x20, 0x20, 0x20, 0x20, 0x20, 0x20, 0x20, 0x20, 0x20, 0x20, 0x20, 0x20, 0x3c, 0x2f, 0x74
.byte 0x64, 0x3e, 0x0d, 0x0a, 0x20, 0x20, 0x20, 0x20, 0x20, 0x20, 0x20, 0x20, 0x20, 0x20, 0x20, 0x20
.byte 0x20, 0x20, 0x20, 0x20, 0x20, 0x20, 0x20, 0x20, 0x20, 0x20, 0x20, 0x20, 0x20, 0x20, 0x20, 0x20
.byte 0x3c, 0x74, 0x64, 0x3e, 0x0d, 0x0a, 0x20, 0x20, 0x20, 0x20, 0x20, 0x20, 0x20, 0x20, 0x20, 0x20
.byte 0x20, 0x20, 0x20, 0x20, 0x20, 0x20, 0x20, 0x20, 0x20, 0x20, 0x20, 0x20, 0x20, 0x20, 0x20, 0x20
.byte 0x20, 0x20, 0x20, 0x20, 0x20, 0x20, 0x3c, 0x6c, 0x61, 0x62, 0x65, 0x6c, 0x20, 0x63, 0x6c, 0x61
.byte 0x73, 0x73, 0x3d, 0x27, 0x73, 0x77, 0x69, 0x74, 0x63, 0x68, 0x27, 0x3e, 0x0d, 0x0a, 0x20, 0x20
.byte 0x20, 0x20, 0x20, 0x20, 0x20, 0x20, 0x20, 0x20, 0x20, 0x20, 0x20, 0x20, 0x20, 0x20, 0x20, 0x20
.byte 0x20, 0x20, 0x20, 0x20, 0x20, 0x20, 0x20, 0x20, 0x20, 0x20, 0x20, 0x20, 0x20, 0x20, 0x20, 0x20
.byte 0x20, 0x20, 0x3c, 0x69, 0x6e, 0x70, 0x75, 0x74, 0x20, 0x74, 0x79, 0x70, 0x65, 0x3d, 0x27, 0x63
.byte 0x68, 0x65, 0x63, 0x6b, 0x62, 0x6f, 0x78, 0x27, 0x20, 0x69, 0x64, 0x3d, 0x27, 0x73, 0x77, 0x69
.byte 0x74, 0x63, 0x68, 0x53, 0x74, 0x61, 0x74, 0x65, 0x24, 0x7b, 0x69, 0x20, 0x2b, 0x20, 0x31, 0x7d
.byte 0x27, 0x20, 0x24, 0x7b, 0x73, 0x65, 0x74, 0x74, 0x69, 0x6e, 0x67, 0x73, 0x44, 0x61, 0x74, 0x61
.byte 0x2e, 0x72, 0x6f, 0x77, 0x73, 0x5b, 0x69, 0x5d, 0x2e, 0x73, 0x77, 0x69, 0x74, 0x63, 0x68, 0x53
.byte 0x74, 0x61, 0x74, 0x65, 0x20, 0x3f, 0x20, 0x22, 0x63, 0x68, 0x65, 0x63, 0x6b, 0x65, 0x64, 0x22
.byte 0x20, 0x3a, 0x20, 0x22, 0x22, 0x7d, 0x20, 0x6f, 0x6e, 0x63, 0x6c, 0x69, 0x63, 0x6b, 0x3d, 0x27
.byte 0x74, 0x6f, 0x67, 0x67, 0x6c, 0x65, 0x53, 0x77, 0x69, 0x74, 0x63, 0x68, 0x28, 0x24, 0x7b, 0x69
.byte 0x20, 0x2b, 0x20, 0x31, 0x7d, 0x29, 0x27, 0x3e, 0x0d, 0x0a, 0x20, 0x20, 0x20, 0x20, 0x20, 0x20
.byte 0x20, 0x20, 0x20, 0x20, 0x20, 0x20, 0x20, 0x20, 0x20, 0x20, 0x20, 0x20, 0x20, 0x20, 0x20, 0x20
.byte 0x20, 0x20, 0x20, 0x20, 0x20, 0x20, 0x20, 0x20, 0x20, 0x20, 0x20, 0x20, 0x20, 0x20, 0x3c, 0x73
.byte 0x70, 0x61, 0x6e, 0x20, 0x63, 0x6c, 0x61, 0x73, 0x73, 0x3d, 0x27, 0x73, 0x6c, 0x69, 0x64, 0x65
.byte 0x72, 0x20, 0x72, 0x6f, 0x75, 0x6e, 0x64, 0x27, 0x3e, 0x3c, 0x2f, 0x73, 0x70, 0x61, 0x6e, 0x3e
.byte 0x0d, 0x0a, 0x20, 0x20, 0x20, 0x20, 0x20, 0x20, 0x20, 0x20, 0x20, 0x20, 0x20, 0x20, 0x20, 0x20
.byte 0x20, 0x20, 0x20, 0x20, 0x20, 0x20, 0x20, 0x20, 0x20, 0x20, 0x20, 0x20, 0x20, 0x20, 0x20, 0x20
.byte 0x20, 0x20, 0x3c, 0x2f, 0x6c, 0x61, 0x62, 0x65, 0x6c, 0x3e, 0x0d, 0x0a, 0x20, 0x20, 0x20, 0x20
.byte 0x20, 0x20, 0x20, 0x20, 0x20, 0x20, 0x20, 0x20, 0x20, 0x20, 0x20, 0x20, 0x20, 0x20, 0x20, 0x20
.byte 0x20, 0x20, 0x20, 0x20, 0x20, 0x20, 0x20, 0x20, 0x3c, 0x2f, 0x74, 0x64, 0x3e, 0x0d, 0x0a, 0x20
.byte 0x20, 0x20, 0x20, 0x20, 0x20, 0x20, 0x20, 0x20, 0x20, 0x20, 0x20, 0x20, 0x20, 0x20, 0x20, 0x20
.byte 0x20, 0x20, 0x20, 0x20, 0x20, 0x20, 0x20, 0x3c, 0x2f, 0x74, 0x72, 0x3e, 0x0d, 0x0a, 0x20, 0x20
.byte 0x20, 0x20, 0x20, 0x20, 0x20, 0x20, 0x20, 0x20, 0x20, 0x20, 0x20, 0x20, 0x20, 0x20, 0x20, 0x20
.byte 0x20, 0x20, 0x60, 0x3b, 0x0d, 0x0a, 0x20, 0x20, 0x20, 0x20, 0x20, 0x20, 0x20, 0x20, 0x20, 0x20
.byte 0x20, 0x20, 0x20, 0x20, 0x20, 0x20, 0x20, 0x20, 0x20, 0x20, 0x64, 0x6f, 0x63, 0x75, 0x6d, 0x65
.byte 0x6e, 0x74, 0x2e, 0x67, 0x65, 0x74, 0x45, 0x6c, 0x65, 0x6d, 0x65, 0x6e, 0x74, 0x42, 0x79, 0x49
.byte 0x64, 0x28, 0x60, 0x70, 0x72, 0x6f, 0x74, 0x6f, 0x63, 0x6f, 0x6c, 0x24, 0x7b, 0x69, 0x20, 0x2b
.byte 0x20, 0x31, 0x7d, 0x60, 0x29, 0x2e, 0x76, 0x61, 0x6c, 0x75, 0x65, 0x20, 0x3d, 0x20, 0x73, 0x65
.byte 0x74, 0x74, 0x69, 0x6e, 0x67, 0x73, 0x44, 0x61, 0x74, 0x61, 0x2e, 0x72, 0x6f, 0x77, 0x73, 0x5b
.byte 0x69, 0x5d, 0x2e, 0x70, 0x72, 0x6f, 0x74, 0x6f, 0x63, 0x6f, 0x6c, 0x3b, 0x0d, 0x0a, 0x20, 0x20
.byte 0x20, 0x20, 0x20, 0x20, 0x20, 0x20, 0x20, 0x20, 0x20, 0x20, 0x20, 0x20, 0x20, 0x20, 0x20, 0x20
.byte 0x20, 0x20, 0x64, 0x6f, 0x63, 0x75, 0x6d, 0x65, 0x6e, 0x74, 0x2e, 0x67, 0x65, 0x74, 0x45, 0x6c
.byte 0x65, 0x6d, 0x65, 0x6e, 0x74, 0x42, 0x79, 0x49, 0x64, 0x28, 0x60, 0x49, 0x50, 0x31, 0x24, 0x7b
.byte 0x69, 0x20, 0x2b, 0x20, 0x31, 0x7d, 0x60, 0x29, 0x2e, 0x76, 0x61, 0x6c, 0x75, 0x65, 0x20, 0x3d
.byte 0x20, 0x73, 0x65, 0x74, 0x74, 0x69, 0x6e, 0x67, 0x73, 0x44, 0x61, 0x74, 0x61, 0x2e, 0x72, 0x6f
.byte 0x77, 0x73, 0x5b, 0x69, 0x5d, 0x2e, 0x49, 0x50, 0x31, 0x3b, 0x0d, 0x0a, 0x20, 0x20, 0x20, 0x20
.byte 0x20, 0x20, 0x20, 0x20, 0x20, 0x20, 0x20, 0x20, 0x20, 0x20, 0x20, 0x20, 0x20, 0x20, 0x20, 0x20
.byte 0x64, 0x6f, 0x63, 0x75, 0x6d, 0x65, 0x6e, 0x74, 0x2e, 0x67, 0x65, 0x74, 0x45, 0x6c, 0x65, 0x6d
.byte 0x65, 0x6e, 0x74, 0x42, 0x79, 0x49, 0x64, 0x28, 0x60, 0x49, 0x50, 0x32, 0x24, 0x7b, 0x69, 0x20
.byte 0x2b, 0x20, 0x31, 0x7d, 0x60, 0x29, 0x2e, 0x76, 0x61, 0x6c, 0x75, 0x65, 0x20, 0x3d, 0x20, 0x73
.byte 0x65, 0x74, 0x74, 0x69, 0x6e, 0x67, 0x73, 0x44, 0x61, 0x74, 0x61, 0x2e, 0x72, 0x6f, 0x77, 0x73
.byte 0x5b, 0x69, 0x5d, 0x2e, 0x49, 0x50, 0x32, 0x3b, 0x0d, 0x0a, 0x20, 0x20, 0x20, 0x20, 0x20, 0x20
.byte 0x20, 0x20, 0x20, 0x20, 0x20, 0x20, 0x20, 0x20, 0x20, 0x20, 0x20, 0x20, 0x20, 0x20, 0x64, 0x6f
.byte 0x63, 0x75, 0x6d, 0x65, 0x6e, 0x74, 0x2e, 0x67, 0x65, 0x74, 0x45, 0x6c, 0x65, 0x6d, 0x65, 0x6e
.byte 0x74, 0x42, 0x79, 0x49, 0x64, 0x28, 0x60, 0x73, 0x77, 0x69, 0x74, 0x63, 0x68, 0x53, 0x74, 0x61
.byte 0x74, 0x65, 0x24, 0x7b, 0x69, 0x20, 0x2b, 0x20, 0x31, 0x7d, 0x60, 0x29, 0x2e, 0x63, 0x68, 0x65
.byte 0x63, 0x6b, 0x65, 0x64, 0x20, 0x3d, 0x20, 0x73, 0x65, 0x74, 0x74, 0x69, 0x6e, 0x67, 0x73, 0x44
.byte 0x61, 0x74, 0x61, 0x2e, 0x72, 0x6f, 0x77, 0x73, 0x5b, 0x69, 0x5d, 0x2e, 0x73, 0x77, 0x69, 0x74
.byte 0x63, 0x68, 0x53, 0x74, 0x61, 0x74, 0x65, 0x3b, 0x0d, 0x0a, 0x20, 0x20, 0x20, 0x20, 0x20, 0x20
.byte 0x20, 0x20, 0x20, 0x20, 0x20, 0x20, 0x20, 0x20, 0x20, 0x20, 0x7d, 0x0d, 0x0a, 0x20, 0x20, 0x20
.byte 0x20, 0x20, 0x20, 0x20, 0x20, 0x20, 0x20, 0x20, 0x20, 0x20, 0x20, 0x20, 0x20, 0x0d, 0x0a, 0x20
.byte 0x20, 0x20, 0x20, 0x20, 0x20, 0x20, 0x20, 0x20, 0x20, 0x20, 0x20, 0x20, 0x20, 0x20, 0x20, 0x72
.byte 0x6f, 0x77, 0x49, 0x64, 0x20, 0x3d, 0x20, 0x73, 0x65, 0x74, 0x74, 0x69, 0x6e, 0x67, 0x73, 0x44
.byte 0x61, 0x74, 0x61, 0x2e, 0x6e, 0x75, 0x6d, 0x52, 0x6f, 0x77, 0x73, 0x3b, 0x20, 0x20, 0x20, 0x20
.byte 0x20, 0x20, 0x0d, 0x0a, 0x20, 0x20, 0x20, 0x20, 0x20, 0x20, 0x20, 0x20, 0x20, 0x20, 0x20, 0x20
.byte 0x20, 0x20, 0x20, 0x20, 0x6e, 0x75, 0x6d, 0x52, 0x6f, 0x77, 0x73, 0x20, 0x3d, 0x20, 0x73, 0x65
.byte 0x74, 0x74, 0x69, 0x6e, 0x67, 0x73, 0x44, 0x61, 0x74, 0x61, 0x2e, 0x6e, 0x75, 0x6d, 0x52, 0x6f
.byte 0x77, 0x73, 0x3b, 0x20, 0x20, 0x20, 0x20, 0x20, 0x20, 0x20, 0x20, 0x20, 0x20, 0x20, 0x20, 0x20
.byte 0x20, 0x20, 0x20, 0x20, 0x20, 0x20, 0x20, 0x20, 0x20, 0x20, 0x20, 0x20, 0x20, 0x20, 0x20, 0x20
.byte 0x0d, 0x0a, 0x20, 0x20, 0x20, 0x20, 0x20, 0x20, 0x20, 0x20, 0x20, 0x20, 0x20, 0x20, 0x20, 0x20
.byte 0x20, 0x20, 0x6c, 0x65, 0x74, 0x20, 0x73, 0x68, 0x6f, 0x77, 0x53, 0x63, 0x61, 0x6e, 0x20, 0x3d
.byte 0x20, 0x66, 0x61, 0x6c, 0x73, 0x65, 0x3b, 0x20, 0x20, 0x20, 0x20, 0x20, 0x20, 0x20, 0x20, 0x20
.byte 0x20, 0x20, 0x20, 0x20, 0x20, 0x0d, 0x0a, 0x20, 0x20, 0x20, 0x20, 0x20, 0x20, 0x20, 0x20, 0x20
.byte 0x20, 0x20, 0x20, 0x20, 0x20, 0x20, 0x20, 0x20, 0x20, 0x20, 0x20, 0x6c, 0x65, 0x74, 0x20, 0x73
.byte 0x68, 0x6f, 0x77, 0x48, 0x6f, 0x6e, 0x65, 0x79, 0x70, 0x6f, 0x74, 0x20, 0x3d, 0x20, 0x66, 0x61
.byte 0x6c, 0x73, 0x65, 0x3b, 0x0d, 0x0a, 0x20, 0x20, 0x20, 0x20, 0x20, 0x20, 0x20, 0x20, 0x20, 0x20
.byte 0x20, 0x20, 0x20, 0x20, 0x20, 0x20, 0x20, 0x20, 0x20, 0x20, 0x6c, 0x65, 0x74, 0x20, 0x61, 0x72
.byte 0x70, 0x44, 0x61, 0x74, 0x61, 0x32, 0x20, 0x3d, 0x20, 0x61, 0x72, 0x70, 0x44, 0x61, 0x74, 0x61
.byte 0x2e, 0x61, 0x72, 0x70, 0x5b, 0x61, 0x72, 0x70, 0x44, 0x61, 0x74, 0x61, 0x2e, 0x6e, 0x75, 0x6d
.byte 0x52, 0x6f, 0x77, 0x73, 0x5d, 0x3b, 0x0d, 0x0a, 0x20, 0x20, 0x20, 0x20, 0x20, 0x20, 0x20, 0x20
.byte 0x20, 0x20, 0x20, 0x20, 0x20, 0x20, 0x20, 0x20, 0x20, 0x20, 0x20, 0x20, 0x69, 0x66, 0x20, 0x28
.byte 0x61, 0x72, 0x70, 0x44, 0x61, 0x74, 0x61, 0x32, 0x2e, 0x77, 0x61, 0x72, 0x6e, 0x69, 0x6e, 0x67
.byte 0x73, 0x63, 0x61, 0x6e, 0x20, 0x3d, 0x3d, 0x20, 0x22, 0x53, 0x63, 0x61, 0x6e, 0x22, 0x20, 0x26
.byte 0x26, 0x20, 0x53, 0x63, 0x61, 0x6e, 0x73, 0x74, 0x61, 0x74, 0x75, 0x73, 0x29, 0x20, 0x7b, 0x0d
.byte 0x0a, 0x20, 0x20, 0x20, 0x20, 0x20, 0x20, 0x20, 0x20, 0x20, 0x20, 0x20, 0x20, 0x20, 0x20, 0x20
.byte 0x20, 0x20, 0x20, 0x20, 0x20, 0x20, 0x20, 0x73, 0x68, 0x6f, 0x77, 0x53, 0x63, 0x61, 0x6e, 0x20
.byte 0x3d, 0x20, 0x74, 0x72, 0x75, 0x65, 0x3b, 0x0d, 0x0a, 0x20, 0x20, 0x20, 0x20, 0x20, 0x20, 0x20
.byte 0x20, 0x20, 0x20, 0x20, 0x20, 0x20, 0x20, 0x20, 0x20, 0x20, 0x20, 0x20, 0x20, 0x20, 0x20, 0x53
.byte 0x63, 0x61, 0x6e, 0x73, 0x74, 0x61, 0x74, 0x75, 0x73, 0x20, 0x3d, 0x20, 0x66, 0x61, 0x6c, 0x73
.byte 0x65, 0x3b, 0x0d, 0x0a, 0x20, 0x20, 0x20, 0x20, 0x20, 0x20, 0x20, 0x20, 0x20, 0x20, 0x20, 0x20
.byte 0x20, 0x20, 0x20, 0x20, 0x20, 0x20, 0x7d, 0x0d, 0x0a, 0x20, 0x20, 0x20, 0x20, 0x20, 0x20, 0x20
.byte 0x20, 0x20, 0x20, 0x20, 0x20, 0x20, 0x20, 0x20, 0x20, 0x20, 0x20, 0x69, 0x66, 0x20, 0x28, 0x61
.byte 0x72, 0x70, 0x44, 0x61, 0x74, 0x61, 0x32, 0x2e, 0x77, 0x61, 0x72, 0x6e, 0x69, 0x6e, 0x67, 0x68
.byte 0x6f, 0x6e, 0x65, 0x79, 0x70, 0x6f, 0x74, 0x20, 0x3d, 0x3d, 0x20, 0x22, 0x48, 0x6f, 0x6e, 0x65
.byte 0x79, 0x70, 0x6f, 0x74, 0x2d, 0x68, 0x69, 0x74, 0x22, 0x20, 0x26, 0x26, 0x20, 0x48, 0x6f, 0x6e
.byte 0x65, 0x79, 0x70, 0x6f, 0x74, 0x73, 0x74, 0x61, 0x74, 0x75, 0x73, 0x29, 0x20, 0x7b, 0x0d, 0x0a
.byte 0x20, 0x20, 0x20, 0x20, 0x20, 0x20, 0x20, 0x20, 0x20, 0x20, 0x20, 0x20, 0x20, 0x20, 0x20, 0x20
.byte 0x20, 0x20, 0x20, 0x20, 0x20, 0x20, 0x73, 0x68, 0x6f, 0x77, 0x48, 0x6f, 0x6e, 0x65, 0x79, 0x70
.byte 0x6f, 0x74, 0x20, 0x3d, 0x20, 0x74, 0x72, 0x75, 0x65, 0x3b, 0x0d, 0x0a, 0x20, 0x20, 0x20, 0x20
.byte 0x20, 0x20, 0x20, 0x20, 0x20, 0x20, 0x20, 0x20, 0x20, 0x20, 0x20, 0x20, 0x20, 0x20, 0x20, 0x20
.byte 0x20, 0x20, 0x48, 0x6f, 0x6e, 0x65, 0x79, 0x70, 0x6f, 0x74, 0x73, 0x74, 0x61, 0x74, 0x75, 0x73
.byte 0x20, 0x3d, 0x20, 0x66, 0x61, 0x6c, 0x73, 0x65, 0x3b, 0x0d, 0x0a, 0x20, 0x20, 0x20, 0x20, 0x20
.byte 0x20, 0x20, 0x20, 0x20, 0x20, 0x20, 0x20, 0x20, 0x20, 0x20, 0x20, 0x20, 0x20, 0x7d, 0x0d, 0x0a
.byte 0x0d, 0x0a, 0x20, 0x20, 0x20, 0x20, 0x20, 0x20, 0x20, 0x20, 0x20, 0x20, 0x20, 0x20, 0x20, 0x20
.byte 0x20, 0x20, 0x2f, 0x2f, 0x20, 0x47, 0xe1, 0xbb, 0x8d, 0x69, 0x20, 0x68, 0xc3, 0xa0, 0x6d, 0x20
.byte 0x68, 0x69, 0xe1, 0xbb, 0x83, 0x6e, 0x20, 0x74, 0x68, 0xe1, 0xbb, 0x8b, 0x20, 0x70, 0x6f, 0x70
.byte 0x75, 0x70, 0x20, 0x76, 0xe1, 0xbb, 0x9b, 0x69, 0x20, 0x74, 0x72, 0xe1, 0xba, 0xa1, 0x6e, 0x67
.byte 0x20, 0x74, 0x68, 0xc3, 0xa1, 0x69, 0x20, 0x76, 0xc3, 0xa0, 0x20, 0x74, 0x68, 0xc3, 0xb4, 0x6e
.byte 0x67, 0x20, 0x62, 0xc3, 0xa1, 0x6f, 0x20, 0x74, 0xc6, 0xb0, 0xc6, 0xa1, 0x6e, 0x67, 0x20, 0xe1
.byte 0xbb, 0xa9, 0x6e, 0x67, 0x0d, 0x0a, 0x20, 0x20, 0x20, 0x20, 0x20, 0x20, 0x20, 0x20, 0x20, 0x20
.byte 0x20, 0x20, 0x20, 0x20, 0x20, 0x20, 0x73, 0x68, 0x6f, 0x77, 0x50, 0x6f, 0x70, 0x75, 0x70, 0x28
.byte 0x73, 0x68, 0x6f, 0x77, 0x53, 0x63, 0x61, 0x6e, 0x2c, 0x20, 0x22, 0x4f, 0x6e, 0x65, 0x20, 0x64
.byte 0x65, 0x76, 0x69, 0x63, 0x65, 0x20, 0x73, 0x63, 0x61, 0x6e, 0x20, 0x6e, 0x65, 0x74, 0x77, 0x6f
.byte 0x72, 0x6b, 0x22, 0x2c, 0x20, 0x73, 0x68, 0x6f, 0x77, 0x48, 0x6f, 0x6e, 0x65, 0x79, 0x70, 0x6f
.byte 0x74, 0x2c, 0x20, 0x22, 0x4f, 0x6e, 0x65, 0x20, 0x64, 0x65, 0x76, 0x69, 0x63, 0x65, 0x20, 0x63
.byte 0x6f, 0x6e, 0x6e, 0x65, 0x63, 0x74, 0x20, 0x74, 0x6f, 0x20, 0x68, 0x6f, 0x6e, 0x65, 0x79, 0x70
.byte 0x6f, 0x74, 0x22, 0x29, 0x3b, 0x0d, 0x0a, 0x20, 0x20, 0x20, 0x20, 0x20, 0x20, 0x20, 0x20, 0x20
.byte 0x20, 0x20, 0x20, 0x20, 0x20, 0x20, 0x20, 0x20, 0x20, 0x20, 0x20, 0x20, 0x20, 0x20, 0x20, 0x20
.byte 0x20, 0x20, 0x0d, 0x0a, 0x0d, 0x0a, 0x20, 0x20, 0x20, 0x20, 0x20, 0x20, 0x20, 0x20, 0x20, 0x20
.byte 0x20, 0x20, 0x20, 0x20, 0x20, 0x20, 0x7d, 0x29, 0x0d, 0x0a, 0x20, 0x20, 0x20, 0x20, 0x20, 0x20
.byte 0x20, 0x20, 0x20, 0x20, 0x20, 0x20, 0x2e, 0x63, 0x61, 0x74, 0x63, 0x68, 0x28, 0x65, 0x72, 0x72
.byte 0x6f, 0x72, 0x20, 0x3d, 0x3e, 0x20, 0x7b, 0x0d, 0x0a, 0x20, 0x20, 0x20, 0x20, 0x20, 0x20, 0x20
.byte 0x20, 0x20, 0x20, 0x20, 0x20, 0x20, 0x20, 0x20, 0x20, 0x63, 0x6f, 0x6e, 0x73, 0x6f, 0x6c, 0x65
.byte 0x2e, 0x65, 0x72, 0x72, 0x6f, 0x72, 0x28, 0x27, 0x45, 0x72, 0x72, 0x6f, 0x72, 0x20, 0x66, 0x65
.byte 0x74, 0x63, 0x68, 0x69, 0x6e, 0x67, 0x20, 0x73, 0x65, 0x74, 0x74, 0x69, 0x6e, 0x67, 0x73, 0x3a
.byte 0x27, 0x2c, 0x20, 0x65, 0x72, 0x72, 0x6f, 0x72, 0x29, 0x3b, 0x0d, 0x0a, 0x20, 0x20, 0x20, 0x20
.byte 0x20, 0x20, 0x20, 0x20, 0x20, 0x20, 0x20, 0x20, 0x7d, 0x29, 0x3b, 0x0d, 0x0a, 0x0d, 0x0a, 0x20
.byte 0x20, 0x20, 0x20, 0x20, 0x20, 0x20, 0x20, 0x7d, 0x0d, 0x0a, 0x0d, 0x0a, 0x20, 0x20, 0x20, 0x20
.byte 0x20, 0x20, 0x20, 0x20, 0x0d, 0x0a, 0x20, 0x20, 0x20, 0x20, 0x20, 0x20, 0x20, 0x20, 0x63, 0x6f
.byte 0x6e, 0x73, 0x74, 0x20, 0x6d, 0x61, 0x78, 0x52, 0x6f, 0x77, 0x73, 0x20, 0x3d, 0x20, 0x33, 0x3b
.byte 0x20, 0x2f, 0x2f, 0x20, 0x47, 0x69, 0xe1, 0xbb, 0x9b, 0x69, 0x20, 0x68, 0xe1, 0xba, 0xa1, 0x6e
.byte 0x20, 0x73, 0xe1, 0xbb, 0x91, 0x20, 0x6c, 0xc6, 0xb0, 0xe1, 0xbb, 0xa3, 0x6e, 0x67, 0x20, 0x68
.byte 0xc3, 0xa0, 0x6e, 0x67, 0x0d, 0x0a, 0x20, 0x20, 0x20, 0x20, 0x20, 0x20, 0x20, 0x20, 0x2f, 0x2f
.byte 0x20, 0x48, 0xc3, 0xa0, 0x6d, 0x20, 0x74, 0x68, 0xc3, 0xaa, 0x6d, 0x20, 0x68, 0xc3, 0xa0, 0x6e
.byte 0x67, 0x20, 0x6d, 0xe1, 0xbb, 0x9b, 0x69, 0x0d, 0x0a, 0x20, 0x20, 0x20, 0x20, 0x20, 0x20, 0x20
.byte 0x20, 0x64, 0x6f, 0x63, 0x75, 0x6d, 0x65, 0x6e, 0x74, 0x2e, 0x67, 0x65, 0x74, 0x45, 0x6c, 0x65
.byte 0x6d, 0x65, 0x6e, 0x74, 0x42, 0x79, 0x49, 0x64, 0x28, 0x27, 0x61, 0x64, 0x64, 0x52, 0x6f, 0x77
.byte 0x27, 0x29, 0x2e, 0x6f, 0x6e, 0x63, 0x6c, 0x69, 0x63, 0x6b, 0x20, 0x3d, 0x20, 0x66, 0x75, 0x6e
.byte 0x63, 0x74, 0x69, 0x6f, 0x6e, 0x28, 0x29, 0x20, 0x7b, 0x0d, 0x0a, 0x20, 0x20, 0x20, 0x20, 0x20
.byte 0x20, 0x20, 0x20, 0x20, 0x20, 0x20, 0x20, 0x2f, 0x2f, 0x20, 0xc4, 0x90, 0xe1, 0xba, 0xbf, 0x6d
.byte 0x20, 0x73, 0xe1, 0xbb, 0x91, 0x20, 0x6c, 0xc6, 0xb0, 0xe1, 0xbb, 0xa3, 0x6e, 0x67, 0x20, 0x68
.byte 0xc3, 0xa0, 0x6e, 0x67, 0x20, 0x68, 0x69, 0xe1, 0xbb, 0x87, 0x6e, 0x20, 0x63, 0xc3, 0xb3, 0x20
.byte 0x74, 0x72, 0x6f, 0x6e, 0x67, 0x20, 0x62, 0xe1, 0xba, 0xa3, 0x6e, 0x67, 0x0d, 0x0a, 0x20, 0x20
.byte 0x20, 0x20, 0x20, 0x20, 0x20, 0x20, 0x20, 0x20, 0x20, 0x20, 0x63, 0x6f, 0x6e, 0x73, 0x74, 0x20
.byte 0x72, 0x6f, 0x77, 0x43, 0x6f, 0x75, 0x6e, 0x74, 0x20, 0x3d, 0x20, 0x64, 0x6f, 0x63, 0x75, 0x6d
.byte 0x65, 0x6e, 0x74, 0x2e, 0x71, 0x75, 0x65, 0x72, 0x79, 0x53, 0x65, 0x6c, 0x65, 0x63, 0x74, 0x6f
.byte 0x72, 0x41, 0x6c, 0x6c, 0x28, 0x27, 0x23, 0x64, 0x61, 0x74, 0x61, 0x54, 0x61, 0x62, 0x6c, 0x65
.byte 0x20, 0x74, 0x62, 0x6f, 0x64, 0x79, 0x20, 0x74, 0x72, 0x27, 0x29, 0x2e, 0x6c, 0x65, 0x6e, 0x67
.byte 0x74, 0x68, 0x3b, 0x0d, 0x0a, 0x0d, 0x0a, 0x20, 0x20, 0x20, 0x20, 0x20, 0x20, 0x20, 0x20, 0x20
.byte 0x20, 0x20, 0x20, 0x2f, 0x2f, 0x20, 0x4b, 0x69, 0xe1, 0xbb, 0x83, 0x6d, 0x20, 0x74, 0x72, 0x61
.byte 0x20, 0x6e, 0xe1, 0xba, 0xbf, 0x75, 0x20, 0x73, 0xe1, 0xbb, 0x91, 0x20, 0x6c, 0xc6, 0xb0, 0xe1
.byte 0xbb, 0xa3, 0x6e, 0x67, 0x20, 0x68, 0xc3, 0xa0, 0x6e, 0x67, 0x20, 0xc4, 0x91, 0xc3, 0xa3, 0x20
.byte 0xc4, 0x91, 0xe1, 0xba, 0xa1, 0x74, 0x20, 0x74, 0xe1, 0xbb, 0x91, 0x69, 0x20, 0xc4, 0x91, 0x61
.byte 0x0d, 0x0a, 0x20, 0x20, 0x20, 0x20, 0x20, 0x20, 0x20, 0x20, 0x20, 0x20, 0x20, 0x20, 0x69, 0x66
.byte 0x20, 0x28, 0x72, 0x6f, 0x77, 0x43, 0x6f, 0x75, 0x6e, 0x74, 0x20, 0x3e, 0x3d, 0x20, 0x6d, 0x61
.byte 0x78, 0x52, 0x6f, 0x77, 0x73, 0x29, 0x20, 0x7b, 0x0d, 0x0a, 0x20, 0x20, 0x20, 0x20, 0x20, 0x20
.byte 0x20, 0x20, 0x20, 0x20, 0x20, 0x20, 0x20, 0x20, 0x20, 0x20, 0x72, 0x65, 0x74, 0x75, 0x72, 0x6e
.byte 0x3b, 0x20, 0x2f, 0x2f, 0x20, 0x4b, 0x68, 0xc3, 0xb4, 0x6e, 0x67, 0x20, 0x63, 0x68, 0x6f, 0x20
.byte 0x74, 0x68, 0xc3, 0xaa, 0x6d, 0x20, 0x68, 0xc3, 0xa0, 0x6e, 0x67, 0x20, 0x6d, 0xe1, 0xbb, 0x9b
.byte 0x69, 0x20, 0x6e, 0xe1, 0xbb, 0xaf, 0x61, 0x0d, 0x0a, 0x20, 0x20, 0x20, 0x20, 0x20, 0x20, 0x20
.byte 0x20, 0x20, 0x20, 0x20, 0x20, 0x7d, 0x0d, 0x0a, 0x0d, 0x0a, 0x20, 0x20, 0x20, 0x20, 0x20, 0x20
.byte 0x20, 0x20, 0x20, 0x20, 0x20, 0x20, 0x2f, 0x2f, 0x20, 0x54, 0xe1, 0xba, 0xa1, 0x6f, 0x20, 0x6d
.byte 0xe1, 0xbb, 0x99, 0x74, 0x20, 0x68, 0xc3, 0xa0, 0x6e, 0x67, 0x20, 0x6d, 0xe1, 0xbb, 0x9b, 0x69
.byte 0x0d, 0x0a, 0x20, 0x20, 0x20, 0x20, 0x20, 0x20, 0x20, 0x20, 0x20, 0x20, 0x20, 0x20, 0x63, 0x6f
.byte 0x6e, 0x73, 0x74, 0x20, 0x6e, 0x65, 0x77, 0x52, 0x6f, 0x77, 0x20, 0x3d, 0x20, 0x64, 0x6f, 0x63
.byte 0x75, 0x6d, 0x65, 0x6e, 0x74, 0x2e, 0x63, 0x72, 0x65, 0x61, 0x74, 0x65, 0x45, 0x6c, 0x65, 0x6d
.byte 0x65, 0x6e, 0x74, 0x28, 0x27, 0x74, 0x72, 0x27, 0x29, 0x3b, 0x0d, 0x0a, 0x20, 0x20, 0x20, 0x20
.byte 0x0d, 0x0a, 0x20, 0x20, 0x20, 0x20, 0x20, 0x20, 0x20, 0x20, 0x20, 0x20, 0x20, 0x20, 0x6e, 0x65
.byte 0x77, 0x52, 0x6f, 0x77, 0x2e, 0x69, 0x6e, 0x6e, 0x65, 0x72, 0x48, 0x54, 0x4d, 0x4c, 0x20, 0x3d
.byte 0x20, 0x60, 0x0d, 0x0a, 0x20, 0x20, 0x20, 0x20, 0x20, 0x20, 0x20, 0x20, 0x20, 0x20, 0x20, 0x20
.byte 0x20, 0x3c, 0x74, 0x64, 0x3e, 0x3c, 0x69, 0x6e, 0x70, 0x75, 0x74, 0x20, 0x74, 0x79, 0x70, 0x65
.byte 0x3d, 0x22, 0x63, 0x68, 0x65, 0x63, 0x6b, 0x62, 0x6f, 0x78, 0x22, 0x20, 0x63, 0x6c, 0x61, 0x73
.byte 0x73, 0x3d, 0x22, 0x72, 0x6f, 0x77, 0x53, 0x65, 0x6c, 0x65, 0x63, 0x74, 0x22, 0x3e, 0x3c, 0x2f
.byte 0x74, 0x64, 0x3e, 0x0d, 0x0a, 0x20, 0x20, 0x20, 0x20, 0x20, 0x20, 0x20, 0x20, 0x20, 0x20, 0x20
.byte 0x20, 0x20, 0x20, 0x20, 0x20, 0x3c, 0x74, 0x64, 0x3e, 0x3c, 0x69, 0x6e, 0x70, 0x75, 0x74, 0x20
.byte 0x74, 0x79, 0x70, 0x65, 0x3d, 0x22, 0x74, 0x65, 0x78, 0x74, 0x22, 0x20, 0x69, 0x64, 0x3d, 0x27
.byte 0x70, 0x72, 0x6f, 0x74, 0x6f, 0x63, 0x6f, 0x6c, 0x24, 0x7b, 0x72, 0x6f, 0x77, 0x49, 0x64, 0x2b
.byte 0x31, 0x7d, 0x27, 0x20, 0x70, 0x6c, 0x61, 0x63, 0x65, 0x68, 0x6f, 0x6c, 0x64, 0x65, 0x72, 0x3d
.byte 0x22, 0x50, 0x72, 0x6f, 0x74, 0x6f, 0x63, 0x6f, 0x6c, 0x20, 0x6e, 0x61, 0x6d, 0x65, 0x22, 0x20
.byte 0x73, 0x74, 0x79, 0x6c, 0x65, 0x3d, 0x22, 0x77, 0x69, 0x64, 0x74, 0x68, 0x3a, 0x20, 0x31, 0x30
.byte 0x30, 0x25, 0x3b, 0x20, 0x62, 0x6f, 0x72, 0x64, 0x65, 0x72, 0x3a, 0x20, 0x6e, 0x6f, 0x6e, 0x65
.byte 0x3b, 0x20, 0x6f, 0x75, 0x74, 0x6c, 0x69, 0x6e, 0x65, 0x3a, 0x20, 0x6e, 0x6f, 0x6e, 0x65, 0x3b
.byte 0x20, 0x66, 0x6f, 0x6e, 0x74, 0x2d, 0x73, 0x69, 0x7a, 0x65, 0x3a, 0x20, 0x31, 0x34, 0x70, 0x78
.byte 0x3b, 0x22, 0x3e, 0x3c, 0x2f, 0x74, 0x64, 0x3e, 0x0d, 0x0a, 0x20, 0x20, 0x20, 0x20, 0x20, 0x20
.byte 0x20, 0x20, 0x20, 0x20, 0x20, 0x20, 0x3c, 0x74, 0x64, 0x3e, 0x0d, 0x0a, 0x20, 0x20, 0x20, 0x20
.byte 0x20, 0x20, 0x20, 0x20, 0x20, 0x20, 0x20, 0x20, 0x20, 0x20, 0x20, 0x20, 0x3c, 0x73, 0x65, 0x6c
.byte 0x65, 0x63, 0x74, 0x20, 0x69, 0x64, 0x3d, 0x27, 0x49, 0x50, 0x31, 0x24, 0x7b, 0x72, 0x6f, 0x77
.byte 0x49, 0x64, 0x2b, 0x31, 0x7d, 0x27, 0x20, 0x63, 0x6c, 0x61, 0x73, 0x73, 0x3d, 0x22, 0x49, 0x50
.byte 0x63, 0x6c, 0x61, 0x73, 0x73, 0x22, 0x20, 0x73, 0x74, 0x79, 0x6c, 0x65, 0x3d, 0x22, 0x77, 0x69
.byte 0x64, 0x74, 0x68, 0x3a, 0x20, 0x31, 0x30, 0x30, 0x25, 0x3b, 0x20, 0x62, 0x6f, 0x72, 0x64, 0x65
.byte 0x72, 0x3a, 0x20, 0x6e, 0x6f, 0x6e, 0x65, 0x3b, 0x20, 0x6f, 0x75, 0x74, 0x6c, 0x69, 0x6e, 0x65
.byte 0x3a, 0x20, 0x6e, 0x6f, 0x6e, 0x65, 0x3b, 0x20, 0x66, 0x6f, 0x6e, 0x74, 0x2d, 0x73, 0x69, 0x7a
.byte 0x65, 0x3a, 0x20, 0x31, 0x34, 0x70, 0x78, 0x3b, 0x22, 0x3e, 0x0d, 0x0a, 0x20, 0x20, 0x20, 0x20
.byte 0x20, 0x20, 0x20, 0x20, 0x20, 0x20, 0x20, 0x20, 0x20, 0x20, 0x20, 0x20, 0x3c, 0x6f, 0x70, 0x74
.byte 0x69, 0x6f, 0x6e, 0x20, 0x76, 0x61, 0x6c, 0x75, 0x65, 0x3d, 0x22, 0x22, 0x3e, 0x53, 0x65, 0x6c
.byte 0x65, 0x63, 0x74, 0x20, 0x49, 0x50, 0x3c, 0x2f, 0x6f, 0x70, 0x74, 0x69, 0x6f, 0x6e, 0x3e, 0x20
.byte 0x20, 0x3c, 0x21, 0x2d, 0x2d, 0x20, 0x47, 0x69, 0xc3, 0xa1, 0x20, 0x74, 0x72, 0xe1, 0xbb, 0x8b
.byte 0x20, 0x31, 0x20, 0x2d, 0x2d, 0x3e, 0x0d, 0x0a, 0x20, 0x20, 0x20, 0x20, 0x20, 0x20, 0x20, 0x20
.byte 0x20, 0x20, 0x20, 0x20, 0x20, 0x20, 0x20, 0x20, 0x0d, 0x0a, 0x20, 0x20, 0x20, 0x20, 0x20, 0x20
.byte 0x20, 0x20, 0x20, 0x20, 0x20, 0x20, 0x20, 0x20, 0x20, 0x20, 0x3c, 0x2f, 0x73, 0x65, 0x6c, 0x65
.byte 0x63, 0x74, 0x3e, 0x0d, 0x0a, 0x20, 0x20, 0x20, 0x20, 0x20, 0x20, 0x20, 0x20, 0x20, 0x20, 0x20
.byte 0x20, 0x3c, 0x2f, 0x74, 0x64, 0x3e, 0x0d, 0x0a, 0x20, 0x20, 0x20, 0x20, 0x20, 0x20, 0x20, 0x20
.byte 0x20, 0x20, 0x20, 0x20, 0x3c, 0x74, 0x64, 0x3e, 0x0d, 0x0a, 0x20, 0x20, 0x20, 0x20, 0x20, 0x20
.byte 0x20, 0x20, 0x20, 0x20, 0x20, 0x20, 0x20, 0x20, 0x20, 0x20, 0x3c, 0x73, 0x65, 0x6c, 0x65, 0x63
.byte 0x74, 0x20, 0x69, 0x64, 0x3d, 0x27, 0x49, 0x50, 0x32, 0x24, 0x7b, 0x72, 0x6f, 0x77, 0x49, 0x64
.byte 0x2b, 0x31, 0x7d, 0x27, 0x20, 0x63, 0x6c, 0x61, 0x73, 0x73, 0x3d, 0x22, 0x49, 0x50, 0x63, 0x6c
.byte 0x61, 0x73, 0x73, 0x22, 0x20, 0x73, 0x74, 0x79, 0x6c, 0x65, 0x3d, 0x22, 0x77, 0x69, 0x64, 0x74
.byte 0x68, 0x3a, 0x20, 0x31, 0x30, 0x30, 0x25, 0x3b, 0x20, 0x62, 0x6f, 0x72, 0x64, 0x65, 0x72, 0x3a
.byte 0x20, 0x6e, 0x6f, 0x6e, 0x65, 0x3b, 0x20, 0x6f, 0x75, 0x74, 0x6c, 0x69, 0x6e, 0x65, 0x3a, 0x20
.byte 0x6e, 0x6f, 0x6e, 0x65, 0x3b, 0x20, 0x66, 0x6f, 0x6e, 0x74, 0x2d, 0x73, 0x69, 0x7a, 0x65, 0x3a
.byte 0x20, 0x31, 0x34, 0x70, 0x78, 0x3b, 0x22, 0x3e, 0x0d, 0x0a, 0x20, 0x20, 0x20, 0x20, 0x20, 0x20
.byte 0x20, 0x20, 0x20, 0x20, 0x20, 0x20, 0x20, 0x20, 0x20, 0x20, 0x3c, 0x6f, 0x70, 0x74, 0x69, 0x6f
.byte 0x6e, 0x20, 0x76, 0x61, 0x6c, 0x75, 0x65, 0x3d, 0x22, 0x22, 0x3e, 0x53, 0x65, 0x6c, 0x65, 0x63
.byte 0x74, 0x20, 0x49, 0x50, 0x3c, 0x2f, 0x6f, 0x70, 0x74, 0x69, 0x6f, 0x6e, 0x3e, 0x0d, 0x0a, 0x20
.byte 0x20, 0x20, 0x20, 0x20, 0x20, 0x20, 0x20, 0x20, 0x20, 0x20, 0x20, 0x20, 0x20, 0x20, 0x20, 0x3c
.byte 0x2f, 0x73, 0x65, 0x6c, 0x65, 0x63, 0x74, 0x3e, 0x20, 0x20, 0x20, 0x20, 0x0d, 0x0a, 0x20, 0x20
.byte 0x20, 0x20, 0x20, 0x20, 0x20, 0x20, 0x20, 0x20, 0x20, 0x20, 0x3c, 0x2f, 0x74, 0x64, 0x3e, 0x0d
.byte 0x0a, 0x20, 0x20, 0x20, 0x20, 0x20, 0x20, 0x20, 0x20, 0x20, 0x20, 0x20, 0x20, 0x3c, 0x74, 0x64
.byte 0x3e, 0x0d, 0x0a, 0x20, 0x20, 0x20, 0x20, 0x20, 0x20, 0x20, 0x20, 0x20, 0x20, 0x20, 0x20, 0x20
.byte 0x20, 0x20, 0x20, 0x3c, 0x6c, 0x61, 0x62, 0x65, 0x6c, 0x20, 0x63, 0x6c, 0x61, 0x73, 0x73, 0x3d
.byte 0x27, 0x73, 0x77, 0x69, 0x74, 0x63, 0x68, 0x27, 0x3e, 0x0d, 0x0a, 0x20, 0x20, 0x20, 0x20, 0x20
.byte 0x20, 0x20, 0x20, 0x20, 0x20, 0x20, 0x20, 0x20, 0x20, 0x20, 0x20, 0x20, 0x20, 0x20, 0x20, 0x3c
.byte 0x69, 0x6e, 0x70, 0x75, 0x74, 0x20, 0x74, 0x79, 0x70, 0x65, 0x3d, 0x27, 0x63, 0x68, 0x65, 0x63
.byte 0x6b, 0x62, 0x6f, 0x78, 0x27, 0x20, 0x69, 0x64, 0x3d, 0x27, 0x73, 0x77, 0x69, 0x74, 0x63, 0x68
.byte 0x53, 0x74, 0x61, 0x74, 0x65, 0x24, 0x7b, 0x72, 0x6f, 0x77, 0x49, 0x64, 0x2b, 0x31, 0x7d, 0x27
.byte 0x20, 0x6f, 0x6e, 0x63, 0x6c, 0x69, 0x63, 0x6b, 0x3d, 0x27, 0x74, 0x6f, 0x67, 0x67, 0x6c, 0x65
.byte 0x53, 0x77, 0x69, 0x74, 0x63, 0x68, 0x28, 0x24, 0x7b, 0x72, 0x6f, 0x77, 0x49, 0x64, 0x2b, 0x31
.byte 0x7d, 0x29, 0x27, 0x20, 0x63, 0x68, 0x65, 0x63, 0x6b, 0x65, 0x64, 0x3e, 0x0d, 0x0a, 0x20, 0x20
.byte 0x20, 0x20, 0x20, 0x20, 0x20, 0x20, 0x20, 0x20, 0x20, 0x20, 0x20, 0x20, 0x20, 0x20, 0x20, 0x20
.byte 0x20, 0x20, 0x3c, 0x73, 0x70, 0x61, 0x6e, 0x20, 0x63, 0x6c, 0x61, 0x73, 0x73, 0x3d, 0x27, 0x73
.byte 0x6c, 0x69, 0x64, 0x65, 0x72, 0x20, 0x72, 0x6f, 0x75, 0x6e, 0x64, 0x27, 0x3e, 0x3c, 0x2f, 0x73
.byte 0x70, 0x61, 0x6e, 0x3e, 0x0d, 0x0a, 0x20, 0x20, 0x20, 0x20, 0x20, 0x20, 0x20, 0x20, 0x20, 0x20
.byte 0x20, 0x20, 0x20, 0x20, 0x20, 0x20, 0x3c, 0x2f, 0x6c, 0x61, 0x62, 0x65, 0x6c, 0x3e, 0x0d, 0x0a
.byte 0x20, 0x20, 0x20, 0x20, 0x20, 0x20, 0x20, 0x20, 0x20, 0x20, 0x20, 0x20, 0x3c, 0x2f, 0x74, 0x64
.byte 0x3e, 0x0d, 0x0a, 0x20, 0x20, 0x20, 0x20, 0x20, 0x20, 0x20, 0x20, 0x20, 0x20, 0x20, 0x20, 0x60
.byte 0x3b, 0x0d, 0x0a, 0x20, 0x20, 0x20, 0x20, 0x0d, 0x0a, 0x20, 0x20, 0x20, 0x20, 0x20, 0x20, 0x20
.byte 0x20, 0x20, 0x20, 0x20, 0x20, 0x2f, 0x2f, 0x20, 0x54, 0x68, 0xc3, 0xaa, 0x6d, 0x20, 0x68, 0xc3
.byte 0xa0, 0x6e, 0x67, 0x20, 0x6d, 0xe1, 0xbb, 0x9b, 0x69, 0x20, 0x76, 0xc3, 0xa0, 0x6f, 0x20, 0x74
.byte 0x62, 0x6f, 0x64, 0x79, 0x0d, 0x0a, 0x20, 0x20, 0x20, 0x20, 0x20, 0x20, 0x20, 0x20, 0x20, 0x20
.byte 0x20, 0x20, 0x64, 0x6f, 0x63, 0x75, 0x6d, 0x65, 0x6e, 0x74, 0x2e, 0x71, 0x75, 0x65, 0x72, 0x79
.byte 0x53, 0x65, 0x6c, 0x65, 0x63, 0x74, 0x6f, 0x72, 0x28, 0x27, 0x23, 0x64, 0x61, 0x74, 0x61, 0x54
.byte 0x61, 0x62, 0x6c, 0x65, 0x20, 0x74, 0x62, 0x6f, 0x64, 0x79, 0x27, 0x29, 0x2e, 0x61, 0x70, 0x70
.byte 0x65, 0x6e, 0x64, 0x43, 0x68, 0x69, 0x6c, 0x64, 0x28, 0x6e, 0x65, 0x77, 0x52, 0x6f, 0x77, 0x29
.byte 0x3b, 0x0d, 0x0a, 0x20, 0x20, 0x20, 0x20, 0x20, 0x20, 0x20, 0x20, 0x20, 0x20, 0x20, 0x20, 0x63
.byte 0x6f, 0x6e, 0x73, 0x74, 0x20, 0x73, 0x65, 0x6c, 0x65, 0x63, 0x74, 0x45, 0x6c, 0x65, 0x6d, 0x65
.byte 0x6e, 0x74, 0x20, 0x3d, 0x20, 0x64, 0x6f, 0x63, 0x75, 0x6d, 0x65, 0x6e, 0x74, 0x2e, 0x67, 0x65
.byte 0x74, 0x45, 0x6c, 0x65, 0x6d, 0x65, 0x6e, 0x74, 0x42, 0x79, 0x49, 0x64, 0x28, 0x60, 0x49, 0x50
.byte 0x31, 0x24, 0x7b, 0x72, 0x6f, 0x77, 0x49, 0x64, 0x2b, 0x31, 0x7d, 0x60, 0x29, 0x3b, 0x0d, 0x0a
.byte 0x0d, 0x0a, 0x20, 0x20, 0x20, 0x20, 0x20, 0x20, 0x20, 0x20, 0x20, 0x20, 0x20, 0x20, 0x2f, 0x2f
.byte 0x20, 0x44, 0x75, 0x79, 0xe1, 0xbb, 0x87, 0x74, 0x20, 0x71, 0x75, 0x61, 0x20, 0x6d, 0xe1, 0xba
.byte 0xa3, 0x6e, 0x67, 0x20, 0x69, 0x70, 0x4c, 0x69, 0x73, 0x74, 0x20, 0x76, 0xc3, 0xa0, 0x20, 0x74
.byte 0x68, 0xc3, 0xaa, 0x6d, 0x20, 0x74, 0xe1, 0xbb, 0xab, 0x6e, 0x67, 0x20, 0x3c, 0x6f, 0x70, 0x74
.byte 0x69, 0x6f, 0x6e, 0x3e, 0x0d, 0x0a, 0x20, 0x20, 0x20, 0x20, 0x20, 0x20, 0x20, 0x20, 0x20, 0x20
.byte 0x20, 0x20, 0x69, 0x70, 0x4c, 0x69, 0x73, 0x74, 0x2e, 0x66, 0x6f, 0x72, 0x45, 0x61, 0x63, 0x68
.byte 0x28, 0x69, 0x70, 0x20, 0x3d, 0x3e, 0x20, 0x7b, 0x0d, 0x0a, 0x20, 0x20, 0x20, 0x20, 0x20, 0x20
.byte 0x20, 0x20, 0x20, 0x20, 0x20, 0x20, 0x20, 0x20, 0x20, 0x20, 0x63, 0x6f, 0x6e, 0x73, 0x74, 0x20
.byte 0x6f, 0x70, 0x74, 0x69, 0x6f, 0x6e, 0x20, 0x3d, 0x20, 0x64, 0x6f, 0x63, 0x75, 0x6d, 0x65, 0x6e
.byte 0x74, 0x2e, 0x63, 0x72, 0x65, 0x61, 0x74, 0x65, 0x45, 0x6c, 0x65, 0x6d, 0x65, 0x6e, 0x74, 0x28
.byte 0x27, 0x6f, 0x70, 0x74, 0x69, 0x6f, 0x6e, 0x27, 0x29, 0x3b, 0x0d, 0x0a, 0x20, 0x20, 0x20, 0x20
.byte 0x20, 0x20, 0x20, 0x20, 0x20, 0x20, 0x20, 0x20, 0x20, 0x20, 0x20, 0x20, 0x6f, 0x70, 0x74, 0x69
.byte 0x6f, 0x6e, 0x2e, 0x76, 0x61, 0x6c, 0x75, 0x65, 0x20, 0x3d, 0x20, 0x69, 0x70, 0x3b, 0x0d, 0x0a
.byte 0x20, 0x20, 0x20, 0x20, 0x20, 0x20, 0x20, 0x20, 0x20, 0x20, 0x20, 0x20, 0x20, 0x20, 0x20, 0x20
.byte 0x6f, 0x70, 0x74, 0x69, 0x6f, 0x6e, 0x2e, 0x74, 0x65, 0x78, 0x74, 0x43, 0x6f, 0x6e, 0x74, 0x65
.byte 0x6e, 0x74, 0x20, 0x3d, 0x20, 0x69, 0x70, 0x3b, 0x0d, 0x0a, 0x20, 0x20, 0x20, 0x20, 0x20, 0x20
.byte 0x20, 0x20, 0x20, 0x20, 0x20, 0x20, 0x20, 0x20, 0x20, 0x20, 0x73, 0x65, 0x6c, 0x65, 0x63, 0x74
.byte 0x45, 0x6c, 0x65, 0x6d, 0x65, 0x6e, 0x74, 0x2e, 0x61, 0x70, 0x70, 0x65, 0x6e, 0x64, 0x43, 0x68
.byte 0x69, 0x6c, 0x64, 0x28, 0x6f, 0x70, 0x74, 0x69, 0x6f, 0x6e, 0x29, 0x3b, 0x0d, 0x0a, 0x20, 0x20
.byte 0x20, 0x20, 0x20, 0x20, 0x20, 0x20, 0x20, 0x20, 0x20, 0x20, 0x7d, 0x29, 0x3b, 0x0d, 0x0a, 0x0d
.byte 0x0a, 0x20, 0x20, 0x20, 0x20, 0x20, 0x20, 0x20, 0x20, 0x20, 0x20, 0x20, 0x20, 0x63, 0x6f, 0x6e
.byte 0x73, 0x74, 0x20, 0x73, 0x65, 0x6c, 0x65, 0x63, 0x74, 0x45, 0x6c, 0x65, 0x6d, 0x65, 0x6e, 0x74
.byte 0x32, 0x20, 0x3d, 0x20, 0x64, 0x6f, 0x63, 0x75, 0x6d, 0x65, 0x6e, 0x74, 0x2e, 0x67, 0x65, 0x74
.byte 0x45, 0x6c, 0x65, 0x6d, 0x65, 0x6e, 0x74, 0x42, 0x79, 0x49, 0x64, 0x28, 0x60, 0x49, 0x50, 0x32
.byte 0x24, 0x7b, 0x72, 0x6f, 0x77, 0x49, 0x64, 0x2b, 0x31, 0x7d, 0x60, 0x29, 0x3b, 0x0d, 0x0a, 0x20
.byte 0x20, 0x20, 0x20, 0x20, 0x20, 0x20, 0x20, 0x20, 0x20, 0x20, 0x20, 0x69, 0x70, 0x4c, 0x69, 0x73
.byte 0x74, 0x2e, 0x66, 0x6f, 0x72, 0x45, 0x61, 0x63, 0x68, 0x28, 0x69, 0x70, 0x20, 0x3d, 0x3e, 0x20
.byte 0x7b, 0x0d, 0x0a, 0x20, 0x20, 0x20, 0x20, 0x20, 0x20, 0x20, 0x20, 0x20, 0x20, 0x20, 0x20, 0x20
.byte 0x20, 0x20, 0x20, 0x63, 0x6f, 0x6e, 0x73, 0x74, 0x20, 0x6f, 0x70, 0x74, 0x69, 0x6f, 0x6e, 0x20
.byte 0x3d, 0x20, 0x64, 0x6f, 0x63, 0x75, 0x6d, 0x65, 0x6e, 0x74, 0x2e, 0x63, 0x72, 0x65, 0x61, 0x74
.byte 0x65, 0x45, 0x6c, 0x65, 0x6d, 0x65, 0x6e, 0x74, 0x28, 0x27, 0x6f, 0x70, 0x74, 0x69, 0x6f, 0x6e
.byte 0x27, 0x29, 0x3b, 0x0d, 0x0a, 0x20, 0x20, 0x20, 0x20, 0x20, 0x20, 0x20, 0x20, 0x20, 0x20, 0x20
.byte 0x20, 0x20, 0x20, 0x20, 0x20, 0x6f, 0x70, 0x74, 0x69, 0x6f, 0x6e, 0x2e, 0x76, 0x61, 0x6c, 0x75
.byte 0x65, 0x20, 0x3d, 0x20, 0x69, 0x70, 0x3b, 0x0d, 0x0a, 0x20, 0x20, 0x20, 0x20, 0x20, 0x20, 0x20
.byte 0x20, 0x20, 0x20, 0x20, 0x20, 0x20, 0x20, 0x20, 0x20, 0x6f, 0x70, 0x74, 0x69, 0x6f, 0x6e, 0x2e
.byte 0x74, 0x65, 0x78, 0x74, 0x43, 0x6f, 0x6e, 0x74, 0x65, 0x6e, 0x74, 0x20, 0x3d, 0x20, 0x69, 0x70
.byte 0x3b, 0x0d, 0x0a, 0x20, 0x20, 0x20, 0x20, 0x20, 0x20, 0x20, 0x20, 0x20, 0x20, 0x20, 0x20, 0x20
.byte 0x20, 0x20, 0x20, 0x73, 0x65, 0x6c, 0x65, 0x63, 0x74, 0x45, 0x6c, 0x65, 0x6d, 0x65, 0x6e, 0x74
.byte 0x32, 0x2e, 0x61, 0x70, 0x70, 0x65, 0x6e, 0x64, 0x43, 0x68, 0x69, 0x6c, 0x64, 0x28, 0x6f, 0x70
.byte 0x74, 0x69, 0x6f, 0x6e, 0x29, 0x3b, 0x0d, 0x0a, 0x20, 0x20, 0x20, 0x20, 0x20, 0x20, 0x20, 0x20
.byte 0x20, 0x20, 0x20, 0x20, 0x7d, 0x29, 0x3b, 0x0d, 0x0a, 0x20, 0x20, 0x20, 0x20, 0x20, 0x20, 0x20
.byte 0x20, 0x20, 0x20, 0x20, 0x20, 0x2f, 0x2f, 0x20, 0x2f, 0x2f, 0x20, 0x4c, 0xc6, 0xb0, 0x75, 0x20
.byte 0x74, 0x72, 0xe1, 0xba, 0xa1, 0x6e, 0x67, 0x20, 0x74, 0x68, 0xc3, 0xa1, 0x69, 0x20, 0x62, 0x61
.byte 0x6e, 0x20, 0xc4, 0x91, 0xe1, 0xba, 0xa7, 0x75, 0x20, 0x63, 0xe1, 0xbb, 0xa7, 0x61, 0x20, 0x68
.byte 0xc3, 0xa0, 0x6e, 0x67, 0x20, 0x6d, 0xe1, 0xbb, 0x9b, 0x69, 0x20, 0x76, 0xc3, 0xa0, 0x6f, 0x20
.byte 0x6d, 0xe1, 0xba, 0xa3, 0x6e, 0x67, 0x20, 0x70, 0x72, 0x65, 0x76, 0x69, 0x6f, 0x75, 0x73, 0x52
.byte 0x6f, 0x77, 0x73, 0x0d, 0x0a, 0x20, 0x20, 0x20, 0x20, 0x20, 0x20, 0x20, 0x20, 0x20, 0x20, 0x20
.byte 0x20, 0x2f, 0x2f, 0x20, 0x70, 0x72, 0x65, 0x76, 0x69, 0x6f, 0x75, 0x73, 0x52, 0x6f, 0x77, 0x73
.byte 0x2e, 0x70, 0x75, 0x73, 0x68, 0x28, 0x7b, 0x0d, 0x0a, 0x20, 0x20, 0x20, 0x20, 0x20, 0x20, 0x20
.byte 0x20, 0x20, 0x20, 0x20, 0x20, 0x2f, 0x2f, 0x20, 0x20, 0x20, 0x20, 0x20, 0x70, 0x72, 0x6f, 0x74
.byte 0x6f, 0x63, 0x6f, 0x6c, 0x3a, 0x20, 0x27, 0x27, 0x2c, 0x0d, 0x0a, 0x20, 0x20, 0x20, 0x20, 0x20
.byte 0x20, 0x20, 0x20, 0x20, 0x20, 0x20, 0x20, 0x2f, 0x2f, 0x20, 0x20, 0x20, 0x20, 0x20, 0x49, 0x50
.byte 0x31, 0x3a, 0x20, 0x27, 0x27, 0x2c, 0x0d, 0x0a, 0x20, 0x20, 0x20, 0x20, 0x20, 0x20, 0x20, 0x20
.byte 0x20, 0x20, 0x20, 0x20, 0x2f, 0x2f, 0x20, 0x20, 0x20, 0x20, 0x20, 0x49, 0x50, 0x32, 0x3a, 0x20
.byte 0x27, 0x27, 0x2c, 0x0d, 0x0a, 0x20, 0x20, 0x20, 0x20, 0x20, 0x20, 0x20, 0x20, 0x20, 0x20, 0x20
.byte 0x20, 0x2f, 0x2f, 0x20, 0x20, 0x20, 0x20, 0x20, 0x73, 0x77, 0x69, 0x74, 0x63, 0x68, 0x53, 0x74
.byte 0x61, 0x74, 0x65, 0x3a, 0x20, 0x74, 0x72, 0x75, 0x65, 0x20, 0x0d, 0x0a, 0x20, 0x20, 0x20, 0x20
.byte 0x20, 0x20, 0x20, 0x20, 0x20, 0x20, 0x20, 0x20, 0x2f, 0x2f, 0x20, 0x7d, 0x29, 0x3b, 0x0d, 0x0a
.byte 0x0d, 0x0a, 0x20, 0x20, 0x20, 0x20, 0x20, 0x20, 0x20, 0x20, 0x20, 0x20, 0x20, 0x20, 0x72, 0x6f
.byte 0x77, 0x49, 0x64, 0x2b, 0x2b, 0x3b, 0x0d, 0x0a, 0x20, 0x20, 0x20, 0x20, 0x20, 0x20, 0x20, 0x20
.byte 0x7d, 0x3b, 0x0d, 0x0a, 0x0d, 0x0a, 0x20, 0x20, 0x20, 0x20, 0x20, 0x20, 0x20, 0x20, 0x66, 0x75
.byte 0x6e, 0x63, 0x74, 0x69, 0x6f, 0x6e, 0x20, 0x61, 0x70, 0x70, 0x6c, 0x79, 0x53, 0x65, 0x74, 0x74
.byte 0x69, 0x6e, 0x67, 0x73, 0x28, 0x29, 0x20, 0x0d, 0x0a, 0x20, 0x20, 0x20, 0x20, 0x20, 0x20, 0x20
.byte 0x20, 0x7b, 0x0d, 0x0a, 0x20, 0x20, 0x20, 0x20, 0x20, 0x20, 0x20, 0x20, 0x2f, 0x2f, 0x20, 0x4c
.byte 0xe1, 0xba, 0xa5, 0x79, 0x20, 0x74, 0x72, 0xe1, 0xba, 0xa1, 0x6e, 0x67, 0x20, 0x74, 0x68, 0xc3
.byte 0xa1, 0x69, 0x20, 0x68, 0x69, 0xe1, 0xbb, 0x87, 0x6e, 0x20, 0x74, 0xe1, 0xba, 0xa1, 0x69, 0x20
.byte 0x63, 0xe1, 0xbb, 0xa7, 0x61, 0x20, 0x63, 0xc3, 0xa1, 0x63, 0x20, 0x62, 0x69, 0xe1, 0xba, 0xbf
.byte 0x6e, 0x0d, 0x0a, 0x20, 0x20, 0x20, 0x20, 0x20, 0x20, 0x20, 0x20, 0x20, 0x20, 0x20, 0x20, 0x63
.byte 0x6f, 0x6e, 0x73, 0x74, 0x20, 0x63, 0x75, 0x72, 0x72, 0x65, 0x6e, 0x74, 0x53, 0x65, 0x74, 0x74
.byte 0x69, 0x6e, 0x67, 0x73, 0x20, 0x3d, 0x20, 0x7b, 0x0d, 0x0a, 0x20, 0x20, 0x20, 0x20, 0x20, 0x20
.byte 0x20, 0x20, 0x20, 0x20, 0x20, 0x20, 0x20, 0x20, 0x20, 0x20, 0x73, 0x63, 0x61, 0x6e, 0x41, 0x72
.byte 0x70, 0x45, 0x6e, 0x61, 0x62, 0x6c, 0x65, 0x64, 0x3a, 0x20, 0x64, 0x6f, 0x63, 0x75, 0x6d, 0x65
.byte 0x6e, 0x74, 0x2e, 0x67, 0x65, 0x74, 0x45, 0x6c, 0x65, 0x6d, 0x65, 0x6e, 0x74, 0x42, 0x79, 0x49
.byte 0x64, 0x28, 0x27, 0x73, 0x63, 0x61, 0x6e, 0x41, 0x72, 0x70, 0x43, 0x68, 0x65, 0x63, 0x6b, 0x62
.byte 0x6f, 0x78, 0x27, 0x29, 0x2e, 0x63, 0x68, 0x65, 0x63, 0x6b, 0x65, 0x64, 0x2c, 0x0d, 0x0a, 0x20
.byte 0x20, 0x20, 0x20, 0x20, 0x20, 0x20, 0x20, 0x20, 0x20, 0x20, 0x20, 0x20, 0x20, 0x20, 0x20, 0x73
.byte 0x63, 0x61, 0x6e, 0x41, 0x72, 0x70, 0x49, 0x6e, 0x74, 0x65, 0x72, 0x76, 0x61, 0x6c, 0x3a, 0x20
.byte 0x70, 0x61, 0x72, 0x73, 0x65, 0x49, 0x6e, 0x74, 0x28, 0x64, 0x6f, 0x63, 0x75, 0x6d, 0x65, 0x6e
.byte 0x74, 0x2e, 0x67, 0x65, 0x74, 0x45, 0x6c, 0x65, 0x6d, 0x65, 0x6e, 0x74, 0x42, 0x79, 0x49, 0x64
.byte 0x28, 0x27, 0x73, 0x63, 0x61, 0x6e, 0x41, 0x72, 0x70, 0x49, 0x6e, 0x74, 0x65, 0x72, 0x76, 0x61
.byte 0x6c, 0x27, 0x29, 0x2e, 0x76, 0x61, 0x6c, 0x75, 0x65, 0x2c, 0x20, 0x31, 0x30, 0x29, 0x2c, 0x0d
.byte 0x0a, 0x20, 0x20, 0x20, 0x20, 0x20, 0x20, 0x20, 0x20, 0x20, 0x20, 0x20, 0x20, 0x20, 0x20, 0x20
.byte 0x20, 0x68, 0x6f, 0x6e, 0x65, 0x79, 0x70, 0x6f, 0x74, 0x45, 0x6e, 0x61, 0x62, 0x6c, 0x65, 0x64
.byte 0x3a, 0x20, 0x64, 0x6f, 0x63, 0x75, 0x6d, 0x65, 0x6e, 0x74, 0x2e, 0x67, 0x65, 0x74, 0x45, 0x6c
.byte 0x65, 0x6d, 0x65, 0x6e, 0x74, 0x42, 0x79, 0x49, 0x64, 0x28, 0x27, 0x68, 0x6f, 0x6e, 0x65, 0x79
.byte 0x70, 0x6f, 0x74, 0x43, 0x68, 0x65, 0x63, 0x6b, 0x62, 0x6f, 0x78, 0x27, 0x29, 0x2e, 0x63, 0x68
.byte 0x65, 0x63, 0x6b, 0x65, 0x64, 0x2c, 0x0d, 0x0a, 0x20, 0x20, 0x20, 0x20, 0x20, 0x20, 0x20, 0x20
.byte 0x20, 0x20, 0x20, 0x20, 0x20, 0x20, 0x20, 0x20, 0x68, 0x6f, 0x6e, 0x65, 0x79, 0x70, 0x6f, 0x74
.byte 0x49, 0x50, 0x3a, 0x20, 0x64, 0x6f, 0x63, 0x75, 0x6d, 0x65, 0x6e, 0x74, 0x2e, 0x67, 0x65, 0x74
.byte 0x45, 0x6c, 0x65, 0x6d, 0x65, 0x6e, 0x74, 0x42, 0x79, 0x49, 0x64, 0x28, 0x27, 0x68, 0x6f, 0x6e
.byte 0x65, 0x79, 0x70, 0x6f, 0x74, 0x49, 0x50, 0x27, 0x29, 0x2e, 0x76, 0x61, 0x6c, 0x75, 0x65, 0x2c
.byte 0x0d, 0x0a, 0x20, 0x20, 0x20, 0x20, 0x20, 0x20, 0x20, 0x20, 0x20, 0x20, 0x20, 0x20, 0x20, 0x20
.byte 0x20, 0x20, 0x64, 0x65, 0x74, 0x65, 0x63, 0x74, 0x41, 0x72, 0x70, 0x45, 0x6e, 0x61, 0x62, 0x6c
.byte 0x65, 0x64, 0x3a, 0x20, 0x64, 0x6f, 0x63, 0x75, 0x6d, 0x65, 0x6e, 0x74, 0x2e, 0x67, 0x65, 0x74
.byte 0x45, 0x6c, 0x65, 0x6d, 0x65, 0x6e, 0x74, 0x42, 0x79, 0x49, 0x64, 0x28, 0x27, 0x64, 0x65, 0x74
.byte 0x65, 0x63, 0x74, 0x41, 0x72, 0x70, 0x43, 0x68, 0x65, 0x63, 0x6b, 0x62, 0x6f, 0x78, 0x27, 0x29
.byte 0x2e, 0x63, 0x68, 0x65, 0x63, 0x6b, 0x65, 0x64, 0x2c, 0x0d, 0x0a, 0x20, 0x20, 0x20, 0x20, 0x20
.byte 0x20, 0x20, 0x20, 0x20, 0x20, 0x20, 0x20, 0x20, 0x20, 0x20, 0x20, 0x64, 0x65, 0x74, 0x65, 0x63
.byte 0x74, 0x41, 0x72, 0x70, 0x49, 0x6e, 0x74, 0x65, 0x72, 0x76, 0x61, 0x6c, 0x3a, 0x20, 0x20, 0x70
.byte 0x61, 0x72, 0x73, 0x65, 0x49, 0x6e, 0x74, 0x28, 0x64, 0x6f, 0x63, 0x75, 0x6d, 0x65, 0x6e, 0x74
.byte 0x2e, 0x67, 0x65, 0x74, 0x45, 0x6c, 0x65, 0x6d, 0x65, 0x6e, 0x74, 0x42, 0x79, 0x49, 0x64, 0x28
.byte 0x27, 0x64, 0x65, 0x74, 0x65, 0x63, 0x74, 0x41, 0x72, 0x70, 0x49, 0x6e, 0x74, 0x65, 0x72, 0x76
.byte 0x61, 0x6c, 0x27, 0x29, 0x2e, 0x76, 0x61, 0x6c, 0x75, 0x65, 0x2c, 0x20, 0x31, 0x30, 0x29, 0x2c
.byte 0x0d, 0x0a, 0x20, 0x20, 0x20, 0x20, 0x20, 0x20, 0x20, 0x20, 0x20, 0x20, 0x20, 0x20, 0x20, 0x20
.byte 0x20, 0x20, 0x64, 0x69, 0x66, 0x66, 0x65, 0x72, 0x65, 0x6e, 0x74, 0x49, 0x70, 0x73, 0x3a, 0x20
.byte 0x70, 0x61, 0x72, 0x73, 0x65, 0x49, 0x6e, 0x74, 0x28, 0x64, 0x6f, 0x63, 0x75, 0x6d, 0x65, 0x6e
.byte 0x74, 0x2e, 0x67, 0x65, 0x74, 0x45, 0x6c, 0x65, 0x6d, 0x65, 0x6e, 0x74, 0x42, 0x79, 0x49, 0x64
.byte 0x28, 0x27, 0x64, 0x69, 0x66, 0x66, 0x65, 0x72, 0x65, 0x6e, 0x74, 0x49, 0x70, 0x73, 0x27, 0x29
.byte 0x2e, 0x76, 0x61, 0x6c, 0x75, 0x65, 0x2c, 0x20, 0x31, 0x30, 0x29, 0x2c, 0x0d, 0x0a, 0x0d, 0x0a
.byte 0x20, 0x20, 0x20, 0x20, 0x20, 0x20, 0x20, 0x20, 0x20, 0x20, 0x20, 0x20, 0x20, 0x20, 0x20, 0x20
.byte 0x75, 0x73, 0x65, 0x72, 0x41, 0x64, 0x6d, 0x69, 0x6e, 0x3a, 0x20, 0x64, 0x6f, 0x63, 0x75, 0x6d
.byte 0x65, 0x6e, 0x74, 0x2e, 0x67, 0x65, 0x74, 0x45, 0x6c, 0x65, 0x6d, 0x65, 0x6e, 0x74, 0x42, 0x79
.byte 0x49, 0x64, 0x28, 0x27, 0x75, 0x73, 0x65, 0x72, 0x41, 0x64, 0x6d, 0x69, 0x6e, 0x27, 0x29, 0x2e
.byte 0x76, 0x61, 0x6c, 0x75, 0x65, 0x2c, 0x0d, 0x0a, 0x20, 0x20, 0x20, 0x20, 0x20, 0x20, 0x20, 0x20
.byte 0x20, 0x20, 0x20, 0x20, 0x20, 0x20, 0x20, 0x20, 0x70, 0x61, 0x73, 0x73, 0x41, 0x64, 0x6d, 0x69
.byte 0x6e, 0x3a, 0x20, 0x64, 0x6f, 0x63, 0x75, 0x6d, 0x65, 0x6e, 0x74, 0x2e, 0x67, 0x65, 0x74, 0x45
.byte 0x6c, 0x65, 0x6d, 0x65, 0x6e, 0x74, 0x42, 0x79, 0x49, 0x64, 0x28, 0x27, 0x70, 0x61, 0x73, 0x73
.byte 0x41, 0x64, 0x6d, 0x69, 0x6e, 0x27, 0x29, 0x2e, 0x76, 0x61, 0x6c, 0x75, 0x65, 0x2c, 0x0d, 0x0a
.byte 0x20, 0x20, 0x20, 0x20, 0x20, 0x20, 0x20, 0x20, 0x20, 0x20, 0x20, 0x20, 0x20, 0x20, 0x20, 0x20
.byte 0x75, 0x73, 0x65, 0x72, 0x43, 0x6f, 0x6e, 0x73, 0x75, 0x6c, 0x74, 0x61, 0x6e, 0x74, 0x3a, 0x20
.byte 0x64, 0x6f, 0x63, 0x75, 0x6d, 0x65, 0x6e, 0x74, 0x2e, 0x67, 0x65, 0x74, 0x45, 0x6c, 0x65, 0x6d
.byte 0x65, 0x6e, 0x74, 0x42, 0x79, 0x49, 0x64, 0x28, 0x27, 0x75, 0x73, 0x65, 0x72, 0x43, 0x6f, 0x6e
.byte 0x73, 0x75, 0x6c, 0x74, 0x61, 0x6e, 0x74, 0x27, 0x29, 0x2e, 0x76, 0x61, 0x6c, 0x75, 0x65, 0x2c
.byte 0x0d, 0x0a, 0x20, 0x20, 0x20, 0x20, 0x20, 0x20, 0x20, 0x20, 0x20, 0x20, 0x20, 0x20, 0x20, 0x20
.byte 0x20, 0x20, 0x70, 0x61, 0x73, 0x73, 0x43, 0x6f, 0x6e, 0x73, 0x75, 0x6c, 0x74, 0x61, 0x6e, 0x74
.byte 0x3a, 0x20, 0x64, 0x6f, 0x63, 0x75, 0x6d, 0x65, 0x6e, 0x74, 0x2e, 0x67, 0x65, 0x74, 0x45, 0x6c
.byte 0x65, 0x6d, 0x65, 0x6e, 0x74, 0x42, 0x79, 0x49, 0x64, 0x28, 0x27, 0x70, 0x61, 0x73, 0x73, 0x43
.byte 0x6f, 0x6e, 0x73, 0x75, 0x6c, 0x74, 0x61, 0x6e, 0x74, 0x27, 0x29, 0x2e, 0x76, 0x61, 0x6c, 0x75
.byte 0x65, 0x2c, 0x20, 0x0d, 0x0a, 0x20, 0x20, 0x20, 0x20, 0x20, 0x20, 0x20, 0x20, 0x20, 0x20, 0x20
.byte 0x20, 0x20, 0x20, 0x20, 0x20, 0x63, 0x6f, 0x64, 0x65, 0x47, 0x75, 0x65, 0x73, 0x74, 0x3a, 0x20
.byte 0x64, 0x6f, 0x63, 0x75, 0x6d, 0x65, 0x6e, 0x74, 0x2e, 0x67, 0x65, 0x74, 0x45, 0x6c, 0x65, 0x6d
.byte 0x65, 0x6e, 0x74, 0x42, 0x79, 0x49, 0x64, 0x28, 0x27, 0x63, 0x6f, 0x64, 0x65, 0x47, 0x75, 0x65
.byte 0x73, 0x74, 0x27, 0x29, 0x2e, 0x76, 0x61, 0x6c, 0x75, 0x65, 0x2c, 0x20, 0x0d, 0x0a, 0x20, 0x20
.byte 0x20, 0x20, 0x20, 0x20, 0x20, 0x20, 0x20, 0x20, 0x20, 0x20, 0x20, 0x20, 0x20, 0x20, 0x70, 0x68
.byte 0x6f, 0x6e, 0x65, 0x31, 0x3a, 0x20, 0x64, 0x6f, 0x63, 0x75, 0x6d, 0x65, 0x6e, 0x74, 0x2e, 0x67
.byte 0x65, 0x74, 0x45, 0x6c, 0x65, 0x6d, 0x65, 0x6e, 0x74, 0x42, 0x79, 0x49, 0x64, 0x28, 0x27, 0x70
.byte 0x68, 0x6f, 0x6e, 0x65, 0x31, 0x27, 0x29, 0x2e, 0x76, 0x61, 0x6c, 0x75, 0x65, 0x2c, 0x0d, 0x0a
.byte 0x20, 0x20, 0x20, 0x20, 0x20, 0x20, 0x20, 0x20, 0x20, 0x20, 0x20, 0x20, 0x20, 0x20, 0x20, 0x20
.byte 0x70, 0x68, 0x6f, 0x6e, 0x65, 0x32, 0x3a, 0x20, 0x64, 0x6f, 0x63, 0x75, 0x6d, 0x65, 0x6e, 0x74
.byte 0x2e, 0x67, 0x65, 0x74, 0x45, 0x6c, 0x65, 0x6d, 0x65, 0x6e, 0x74, 0x42, 0x79, 0x49, 0x64, 0x28
.byte 0x27, 0x70, 0x68, 0x6f, 0x6e, 0x65, 0x32, 0x27, 0x29, 0x2e, 0x76, 0x61, 0x6c, 0x75, 0x65, 0x2c
.byte 0x20, 0x20, 0x0d, 0x0a, 0x20, 0x20, 0x20, 0x20, 0x20, 0x20, 0x20, 0x20, 0x20, 0x20, 0x20, 0x20
.byte 0x20, 0x20, 0x20, 0x20, 0x6e, 0x75, 0x6d, 0x52, 0x6f, 0x77, 0x73, 0x3a, 0x20, 0x72, 0x6f, 0x77
.byte 0x49, 0x64, 0x2c, 0x0d, 0x0a, 0x20, 0x20, 0x20, 0x20, 0x20, 0x20, 0x20, 0x20, 0x20, 0x20, 0x20
.byte 0x20, 0x20, 0x20, 0x20, 0x20, 0x72, 0x6f, 0x77, 0x49, 0x64, 0x3a, 0x20, 0x72, 0x6f, 0x77, 0x49
.byte 0x64, 0x2c, 0x20, 0x20, 0x20, 0x20, 0x20, 0x20, 0x20, 0x0d, 0x0a, 0x20, 0x20, 0x20, 0x20, 0x20
.byte 0x20, 0x20, 0x20, 0x20, 0x20, 0x20, 0x20, 0x7d, 0x3b, 0x0d, 0x0a, 0x20, 0x20, 0x20, 0x20, 0x20
.byte 0x20, 0x20, 0x20, 0x20, 0x20, 0x20, 0x20, 0x0d, 0x0a, 0x0d, 0x0a, 0x20, 0x20, 0x20, 0x20, 0x20
.byte 0x20, 0x20, 0x20, 0x20, 0x20, 0x20, 0x20, 0x66, 0x6f, 0x72, 0x20, 0x28, 0x6c, 0x65, 0x74, 0x20
.byte 0x69, 0x20, 0x3d, 0x20, 0x30, 0x3b, 0x20, 0x69, 0x20, 0x3c, 0x20, 0x72, 0x6f, 0x77, 0x49, 0x64
.byte 0x3b, 0x20, 0x69, 0x2b, 0x2b, 0x29, 0x20, 0x7b, 0x0d, 0x0a, 0x20, 0x20, 0x20, 0x20, 0x20, 0x20
.byte 0x20, 0x20, 0x20, 0x20, 0x20, 0x20, 0x20, 0x20, 0x20, 0x20, 0x6c, 0x65, 0x74, 0x20, 0x70, 0x72
.byte 0x6f, 0x74, 0x6f, 0x63, 0x6f, 0x6c, 0x45, 0x6c, 0x65, 0x6d, 0x65, 0x6e, 0x74, 0x20, 0x3d, 0x20
.byte 0x64, 0x6f, 0x63, 0x75, 0x6d, 0x65, 0x6e, 0x74, 0x2e, 0x67, 0x65, 0x74, 0x45, 0x6c, 0x65, 0x6d
.byte 0x65, 0x6e, 0x74, 0x42, 0x79, 0x49, 0x64, 0x28, 0x60, 0x70, 0x72, 0x6f, 0x74, 0x6f, 0x63, 0x6f
.byte 0x6c, 0x24, 0x7b, 0x69, 0x20, 0x2b, 0x20, 0x31, 0x7d, 0x60, 0x29, 0x3b, 0x0d, 0x0a, 0x20, 0x20
.byte 0x20, 0x20, 0x20, 0x20, 0x20, 0x20, 0x20, 0x20, 0x20, 0x20, 0x20, 0x20, 0x20, 0x20, 0x6c, 0x65
.byte 0x74, 0x20, 0x69, 0x70, 0x31, 0x45, 0x6c, 0x65, 0x6d, 0x65, 0x6e, 0x74, 0x20, 0x3d, 0x20, 0x64
.byte 0x6f, 0x63, 0x75, 0x6d, 0x65, 0x6e, 0x74, 0x2e, 0x67, 0x65, 0x74, 0x45, 0x6c, 0x65, 0x6d, 0x65
.byte 0x6e, 0x74, 0x42, 0x79, 0x49, 0x64, 0x28, 0x60, 0x49, 0x50, 0x31, 0x24, 0x7b, 0x69, 0x20, 0x2b
.byte 0x20, 0x31, 0x7d, 0x60, 0x29, 0x3b, 0x0d, 0x0a, 0x20, 0x20, 0x20, 0x20, 0x20, 0x20, 0x20, 0x20
.byte 0x20, 0x20, 0x20, 0x20, 0x20, 0x20, 0x20, 0x20, 0x6c, 0x65, 0x74, 0x20, 0x69, 0x70, 0x32, 0x45
.byte 0x6c, 0x65, 0x6d, 0x65, 0x6e, 0x74, 0x20, 0x3d, 0x20, 0x64, 0x6f, 0x63, 0x75, 0x6d, 0x65, 0x6e
.byte 0x74, 0x2e, 0x67, 0x65, 0x74, 0x45, 0x6c, 0x65, 0x6d, 0x65, 0x6e, 0x74, 0x42, 0x79, 0x49, 0x64
.byte 0x28, 0x60, 0x49, 0x50, 0x32, 0x24, 0x7b, 0x69, 0x20, 0x2b, 0x20, 0x31, 0x7d, 0x60, 0x29, 0x3b
.byte 0x0d, 0x0a, 0x20, 0x20, 0x20, 0x20, 0x20, 0x20, 0x20, 0x20, 0x20, 0x20, 0x20, 0x20, 0x20, 0x20
.byte 0x20, 0x20, 0x6c, 0x65, 0x74, 0x20, 0x73, 0x77, 0x69, 0x74, 0x63, 0x68, 0x53, 0x74, 0x61, 0x74
.byte 0x65, 0x45, 0x6c, 0x65, 0x6d, 0x65, 0x6e, 0x74, 0x20, 0x3d, 0x20, 0x64, 0x6f, 0x63, 0x75, 0x6d
.byte 0x65, 0x6e, 0x74, 0x2e, 0x67, 0x65, 0x74, 0x45, 0x6c, 0x65, 0x6d, 0x65, 0x6e, 0x74, 0x42, 0x79
.byte 0x49, 0x64, 0x28, 0x60, 0x73, 0x77, 0x69, 0x74, 0x63, 0x68, 0x53, 0x74, 0x61, 0x74, 0x65, 0x24
.byte 0x7b, 0x69, 0x20, 0x2b, 0x20, 0x31, 0x7d, 0x60, 0x29, 0x3b, 0x20, 0x20, 0x0d, 0x0a, 0x20, 0x20
.byte 0x20, 0x20, 0x20, 0x20, 0x20, 0x20, 0x20, 0x20, 0x20, 0x20, 0x20, 0x20, 0x20, 0x20, 0x69, 0x66
.byte 0x20, 0x28, 0x70, 0x72, 0x6f, 0x74, 0x6f, 0x63, 0x6f, 0x6c, 0x45, 0x6c, 0x65, 0x6d, 0x65, 0x6e
.byte 0x74, 0x20, 0x26, 0x26, 0x20, 0x69, 0x70, 0x31, 0x45, 0x6c, 0x65, 0x6d, 0x65, 0x6e, 0x74, 0x20
.byte 0x26, 0x26, 0x20, 0x69, 0x70, 0x32, 0x45, 0x6c, 0x65, 0x6d, 0x65, 0x6e, 0x74, 0x20, 0x26, 0x26
.byte 0x20, 0x73, 0x77, 0x69, 0x74, 0x63, 0x68, 0x53, 0x74, 0x61, 0x74, 0x65, 0x45, 0x6c, 0x65, 0x6d
.byte 0x65, 0x6e, 0x74, 0x29, 0x20, 0x0d, 0x0a, 0x20, 0x20, 0x20, 0x20, 0x20, 0x20, 0x20, 0x20, 0x20
.byte 0x20, 0x20, 0x20, 0x20, 0x20, 0x20, 0x20, 0x7b, 0x20, 0x20, 0x0d, 0x0a, 0x20, 0x20, 0x20, 0x20
.byte 0x20, 0x20, 0x20, 0x20, 0x20, 0x20, 0x20, 0x20, 0x20, 0x20, 0x20, 0x20, 0x20, 0x20, 0x20, 0x20
.byte 0x63, 0x75, 0x72, 0x72, 0x65, 0x6e, 0x74, 0x53, 0x65, 0x74, 0x74, 0x69, 0x6e, 0x67, 0x73, 0x5b
.byte 0x60, 0x70, 0x72, 0x6f, 0x74, 0x6f, 0x63, 0x6f, 0x6c, 0x24, 0x7b, 0x69, 0x20, 0x2b, 0x20, 0x31
.byte 0x7d, 0x60, 0x5d, 0x20, 0x3d, 0x20, 0x64, 0x6f, 0x63, 0x75, 0x6d, 0x65, 0x6e, 0x74, 0x2e, 0x67
.byte 0x65, 0x74, 0x45, 0x6c, 0x65, 0x6d, 0x65, 0x6e, 0x74, 0x42, 0x79, 0x49, 0x64, 0x28, 0x60, 0x70
.byte 0x72, 0x6f, 0x74, 0x6f, 0x63, 0x6f, 0x6c, 0x24, 0x7b, 0x69, 0x20, 0x2b, 0x20, 0x31, 0x7d, 0x60
.byte 0x29, 0x2e, 0x76, 0x61, 0x6c, 0x75, 0x65, 0x3b, 0x0d, 0x0a, 0x20, 0x20, 0x20, 0x20, 0x20, 0x20
.byte 0x20, 0x20, 0x20, 0x20, 0x20, 0x20, 0x20, 0x20, 0x20, 0x20, 0x20, 0x20, 0x20, 0x20, 0x63, 0x75
.byte 0x72, 0x72, 0x65, 0x6e, 0x74, 0x53, 0x65, 0x74, 0x74, 0x69, 0x6e, 0x67, 0x73, 0x5b, 0x60, 0x49
.byte 0x50, 0x31, 0x24, 0x7b, 0x69, 0x20, 0x2b, 0x20, 0x31, 0x7d, 0x60, 0x5d, 0x20, 0x3d, 0x20, 0x64
.byte 0x6f, 0x63, 0x75, 0x6d, 0x65, 0x6e, 0x74, 0x2e, 0x67, 0x65, 0x74, 0x45, 0x6c, 0x65, 0x6d, 0x65
.byte 0x6e, 0x74, 0x42, 0x79, 0x49, 0x64, 0x28, 0x60, 0x49, 0x50, 0x31, 0x24, 0x7b, 0x69, 0x20, 0x2b
.byte 0x20, 0x31, 0x7d, 0x60, 0x29, 0x2e, 0x76, 0x61, 0x6c, 0x75, 0x65, 0x3b, 0x0d, 0x0a, 0x20, 0x20
.byte 0x20, 0x20, 0x20, 0x20, 0x20, 0x20, 0x20, 0x20, 0x20, 0x20, 0x20, 0x20, 0x20, 0x20, 0x20, 0x20
.byte 0x20, 0x20, 0x63, 0x75, 0x72, 0x72, 0x65, 0x6e, 0x74, 0x53, 0x65, 0x74, 0x74, 0x69, 0x6e, 0x67
.byte 0x73, 0x5b, 0x60, 0x49, 0x50, 0x32, 0x24, 0x7b, 0x69, 0x20, 0x2b, 0x20, 0x31, 0x7d, 0x60, 0x5d
.byte 0x20, 0x3d, 0x20, 0x64, 0x6f, 0x63, 0x75, 0x6d, 0x65, 0x6e, 0x74, 0x2e, 0x67, 0x65, 0x74, 0x45
.byte 0x6c, 0x65, 0x6d, 0x65, 0x6e, 0x74, 0x42, 0x79, 0x49, 0x64, 0x28, 0x60, 0x49, 0x50, 0x32, 0x24
.byte 0x7b, 0x69, 0x20, 0x2b, 0x20, 0x31, 0x7d, 0x60, 0x29, 0x2e, 0x76, 0x61, 0x6c, 0x75, 0x65, 0x3b
.byte 0x0d, 0x0a, 0x20, 0x20, 0x20, 0x20, 0x20, 0x20, 0x20, 0x20, 0x20, 0x20, 0x20, 0x20, 0x20, 0x20
.byte 0x20, 0x20, 0x20, 0x20, 0x20, 0x20, 0x63, 0x75, 0x72, 0x72, 0x65, 0x6e, 0x74, 0x53, 0x65, 0x74
.byte 0x74, 0x69, 0x6e, 0x67, 0x73, 0x5b, 0x60, 0x73, 0x77, 0x69, 0x74, 0x63, 0x68, 0x53, 0x74, 0x61
.byte 0x74, 0x65, 0x24, 0x7b, 0x69, 0x20, 0x2b, 0x20, 0x31, 0x7d, 0x60, 0x5d, 0x20, 0x3d, 0x20, 0x64
.byte 0x6f, 0x63, 0x75, 0x6d, 0x65, 0x6e, 0x74, 0x2e, 0x67, 0x65, 0x74, 0x45, 0x6c, 0x65, 0x6d, 0x65
.byte 0x6e, 0x74, 0x42, 0x79, 0x49, 0x64, 0x28, 0x60, 0x73, 0x77, 0x69, 0x74, 0x63, 0x68, 0x53, 0x74
.byte 0x61, 0x74, 0x65, 0x24, 0x7b, 0x69, 0x20, 0x2b, 0x20, 0x31, 0x7d, 0x60, 0x29, 0x2e, 0x63, 0x68
.byte 0x65, 0x63, 0x6b, 0x65, 0x64, 0x3b, 0x0d, 0x0a, 0x20, 0x20, 0x20, 0x20, 0x20, 0x20, 0x20, 0x20
.byte 0x20, 0x20, 0x20, 0x20, 0x20, 0x20, 0x20, 0x20, 0x7d, 0x0d, 0x0a, 0x20, 0x20, 0x20, 0x20, 0x20
.byte 0x20, 0x20, 0x20, 0x20, 0x20, 0x20, 0x20, 0x7d, 0x0d, 0x0a, 0x0d, 0x0a, 0x20, 0x20, 0x20, 0x20
.byte 0x20, 0x20, 0x20, 0x20, 0x20, 0x20, 0x20, 0x20, 0x2f, 0x2f, 0x20, 0x43, 0x68, 0xe1, 0xbb, 0x89
.byte 0x20, 0x67, 0xe1, 0xbb, 0xad, 0x69, 0x20, 0x6e, 0x68, 0xe1, 0xbb, 0xaf, 0x6e, 0x67, 0x20, 0x62
.byte 0x69, 0xe1, 0xba, 0xbf, 0x6e, 0x20, 0x63, 0xc3, 0xb3, 0x20, 0x73, 0xe1, 0xbb, 0xb1, 0x20, 0x74
.byte 0x68, 0x61, 0x79, 0x20, 0xc4, 0x91, 0xe1, 0xbb, 0x95, 0x69, 0x0d, 0x0a, 0x20, 0x20, 0x20, 0x20
.byte 0x20, 0x20, 0x20, 0x20, 0x20, 0x20, 0x20, 0x20, 0x6c, 0x65, 0x74, 0x20, 0x63, 0x68, 0x61, 0x6e
.byte 0x67, 0x65, 0x64, 0x53, 0x65, 0x74, 0x74, 0x69, 0x6e, 0x67, 0x73, 0x20, 0x3d, 0x20, 0x7b, 0x7d
.byte 0x3b, 0x0d, 0x0a, 0x20, 0x20, 0x20, 0x20, 0x20, 0x20, 0x20, 0x20, 0x20, 0x20, 0x20, 0x20, 0x66
.byte 0x6f, 0x72, 0x20, 0x28, 0x63, 0x6f, 0x6e, 0x73, 0x74, 0x20, 0x6b, 0x65, 0x79, 0x20, 0x69, 0x6e
.byte 0x20, 0x63, 0x75, 0x72, 0x72, 0x65, 0x6e, 0x74, 0x53, 0x65, 0x74, 0x74, 0x69, 0x6e, 0x67, 0x73
.byte 0x29, 0x20, 0x7b, 0x0d, 0x0a, 0x20, 0x20, 0x20, 0x20, 0x20, 0x20, 0x20, 0x20, 0x20, 0x20, 0x20
.byte 0x20, 0x20, 0x20, 0x20, 0x20, 0x69, 0x66, 0x20, 0x28, 0x6b, 0x65, 0x79, 0x20, 0x21, 0x3d, 0x20
.byte 0x27, 0x72, 0x6f, 0x77, 0x49, 0x64, 0x27, 0x20, 0x26, 0x26, 0x20, 0x63, 0x75, 0x72, 0x72, 0x65
.byte 0x6e, 0x74, 0x53, 0x65, 0x74, 0x74, 0x69, 0x6e, 0x67, 0x73, 0x5b, 0x6b, 0x65, 0x79, 0x5d, 0x20
.byte 0x21, 0x3d, 0x20, 0x28, 0x70, 0x72, 0x65, 0x76, 0x69, 0x6f, 0x75, 0x73, 0x53, 0x65, 0x74, 0x74
.byte 0x69, 0x6e, 0x67, 0x73, 0x5b, 0x6b, 0x65, 0x79, 0x5d, 0x20, 0x7c, 0x7c, 0x20, 0x22, 0x22, 0x29
.byte 0x29, 0x20, 0x7b, 0x0d, 0x0a, 0x20, 0x20, 0x20, 0x20, 0x20, 0x20, 0x20, 0x20, 0x20, 0x20, 0x20
.byte 0x20, 0x20, 0x20, 0x20, 0x20, 0x20, 0x20, 0x20, 0x20, 0x63, 0x68, 0x61, 0x6e, 0x67, 0x65, 0x64
.byte 0x53, 0x65, 0x74, 0x74, 0x69, 0x6e, 0x67, 0x73, 0x5b, 0x6b, 0x65, 0x79, 0x5d, 0x20, 0x3d, 0x20
.byte 0x63, 0x75, 0x72, 0x72, 0x65, 0x6e, 0x74, 0x53, 0x65, 0x74, 0x74, 0x69, 0x6e, 0x67, 0x73, 0x5b
.byte 0x6b, 0x65, 0x79, 0x5d, 0x3b, 0x0d, 0x0a, 0x20, 0x20, 0x20, 0x20, 0x20, 0x20, 0x20, 0x20, 0x20
.byte 0x20, 0x20, 0x20, 0x20, 0x20, 0x20, 0x20, 0x7d, 0x0d, 0x0a, 0x20, 0x20, 0x20, 0x20, 0x20, 0x20
.byte 0x20, 0x20, 0x20, 0x20, 0x20, 0x20, 0x7d, 0x0d, 0x0a, 0x20, 0x20, 0x20, 0x20, 0x20, 0x20, 0x20
.byte 0x20, 0x20, 0x20, 0x20, 0x20, 0x2f, 0x2f, 0x20, 0x47, 0xe1, 0xbb, 0xad, 0x69, 0x20, 0x74, 0x6f
.byte 0xc3, 0xa0, 0x6e, 0x20, 0x62, 0xe1, 0xbb, 0x99, 0x20, 0x49, 0x50, 0x31, 0x20, 0x76, 0xc3, 0xa0
.byte 0x20, 0x73, 0x77, 0x69, 0x74, 0x63, 0x68, 0x53, 0x74, 0x61, 0x74, 0x65, 0x45, 0x6c, 0x65, 0x6d
.byte 0x65, 0x6e, 0x74, 0x20, 0x62, 0xe1, 0xba, 0xa5, 0x74, 0x20, 0x6b, 0xe1, 0xbb, 0x83, 0x20, 0x63
.byte 0xc3, 0xb3, 0x20, 0x74, 0x68, 0x61, 0x79, 0x20, 0xc4, 0x91, 0xe1, 0xbb, 0x95, 0x69, 0x20, 0x68
.byte 0x61, 0x79, 0x20, 0x6b, 0x68, 0xc3, 0xb4, 0x6e, 0x67, 0x0d, 0x0a, 0x20, 0x20, 0x20, 0x20, 0x20
.byte 0x20, 0x20, 0x20, 0x20, 0x20, 0x20, 0x20, 0x66, 0x6f, 0x72, 0x20, 0x28, 0x6c, 0x65, 0x74, 0x20
.byte 0x69, 0x20, 0x3d, 0x20, 0x30, 0x3b, 0x20, 0x69, 0x20, 0x3c, 0x20, 0x72, 0x6f, 0x77, 0x49, 0x64
.byte 0x3b, 0x20, 0x69, 0x2b, 0x2b, 0x29, 0x20, 0x7b, 0x0d, 0x0a, 0x20, 0x20, 0x20, 0x20, 0x20, 0x20
.byte 0x20, 0x20, 0x20, 0x20, 0x20, 0x20, 0x20, 0x20, 0x20, 0x20, 0x63, 0x75, 0x72, 0x72, 0x65, 0x6e
.byte 0x74, 0x53, 0x65, 0x74, 0x74, 0x69, 0x6e, 0x67, 0x73, 0x5b, 0x60, 0x70, 0x72, 0x6f, 0x74, 0x6f
.byte 0x63, 0x6f, 0x6c, 0x24, 0x7b, 0x69, 0x20, 0x2b, 0x20, 0x31, 0x7d, 0x60, 0x5d, 0x20, 0x3d, 0x20
.byte 0x64, 0x6f, 0x63, 0x75, 0x6d, 0x65, 0x6e, 0x74, 0x2e, 0x67, 0x65, 0x74, 0x45, 0x6c, 0x65, 0x6d
.byte 0x65, 0x6e, 0x74, 0x42, 0x79, 0x49, 0x64, 0x28, 0x60, 0x70, 0x72, 0x6f, 0x74, 0x6f, 0x63, 0x6f
.byte 0x6c, 0x24, 0x7b, 0x69, 0x20, 0x2b, 0x20, 0x31, 0x7d, 0x60, 0x29, 0x2e, 0x76, 0x61, 0x6c, 0x75
.byte 0x65, 0x3b, 0x0d, 0x0a, 0x20, 0x20, 0x20, 0x20, 0x20, 0x20, 0x20, 0x20, 0x20, 0x20, 0x20, 0x20
.byte 0x20, 0x20, 0x20, 0x20, 0x63, 0x68, 0x61, 0x6e, 0x67, 0x65, 0x64, 0x53, 0x65, 0x74, 0x74, 0x69
.byte 0x6e, 0x67, 0x73, 0x5b, 0x60, 0x49, 0x50, 0x32, 0x24, 0x7b, 0x69, 0x20, 0x2b, 0x20, 0x31, 0x7d
.byte 0x60, 0x5d, 0x20, 0x3d, 0x20, 0x63, 0x75, 0x72, 0x72, 0x65, 0x6e, 0x74, 0x53, 0x65, 0x74, 0x74
.byte 0x69, 0x6e, 0x67, 0x73, 0x5b, 0x60, 0x49, 0x50, 0x32, 0x24, 0x7b, 0x69, 0x20, 0x2b, 0x20, 0x31
.byte 0x7d, 0x60, 0x5d, 0x3b, 0x0d, 0x0a, 0x20, 0x20, 0x20, 0x20, 0x20, 0x20, 0x20, 0x20, 0x20, 0x20
.byte 0x20, 0x20, 0x20, 0x20, 0x20, 0x20, 0x63, 0x68, 0x61, 0x6e, 0x67, 0x65, 0x64, 0x53, 0x65, 0x74
.byte 0x74, 0x69, 0x6e, 0x67, 0x73, 0x5b, 0x60, 0x49, 0x50, 0x31, 0x24, 0x7b, 0x69, 0x20, 0x2b, 0x20
.byte 0x31, 0x7d, 0x60, 0x5d, 0x20, 0x3d, 0x20, 0x63, 0x75, 0x72, 0x72, 0x65, 0x6e, 0x74, 0x53, 0x65
.byte 0x74, 0x74, 0x69, 0x6e, 0x67, 0x73, 0x5b, 0x60, 0x49, 0x50, 0x31, 0x24, 0x7b, 0x69, 0x20, 0x2b
.byte 0x20, 0x31, 0x7d, 0x60, 0x5d, 0x3b, 0x0d, 0x0a, 0x20, 0x20, 0x20, 0x20, 0x20, 0x20, 0x20, 0x20
.byte 0x20, 0x20, 0x20, 0x20, 0x20, 0x20, 0x20, 0x20, 0x63, 0x68, 0x61, 0x6e, 0x67, 0x65, 0x64, 0x53
.byte 0x65, 0x74, 0x74, 0x69, 0x6e, 0x67, 0x73, 0x5b, 0x60, 0x73, 0x77, 0x69, 0x74, 0x63, 0x68, 0x53
.byte 0x74, 0x61, 0x74, 0x65, 0x24, 0x7b, 0x69, 0x20, 0x2b, 0x20, 0x31, 0x7d, 0x60, 0x5d, 0x20, 0x3d
.byte 0x20, 0x63, 0x75, 0x72, 0x72, 0x65, 0x6e, 0x74, 0x53, 0x65, 0x74, 0x74, 0x69, 0x6e, 0x67, 0x73
.byte 0x5b, 0x60, 0x73, 0x77, 0x69, 0x74, 0x63, 0x68, 0x53, 0x74, 0x61, 0x74, 0x65, 0x24, 0x7b, 0x69
.byte 0x20, 0x2b, 0x20, 0x31, 0x7d, 0x60, 0x5d, 0x3b, 0x0d, 0x0a, 0x20, 0x20, 0x20, 0x20, 0x20, 0x20
.byte 0x20, 0x20, 0x20, 0x20, 0x20, 0x20, 0x7d, 0x0d, 0x0a, 0x0d, 0x0a, 0x0d, 0x0a, 0x20, 0x20, 0x20
.byte 0x20, 0x20, 0x20, 0x20, 0x20, 0x20, 0x20, 0x20, 0x20, 0x2f, 0x2f, 0x20, 0x4e, 0xe1, 0xba, 0xbf
.byte 0x75, 0x20, 0x63, 0xc3, 0xb3, 0x20, 0x74, 0x68, 0x61, 0x79, 0x20, 0xc4, 0x91, 0xe1, 0xbb, 0x95
.byte 0x69, 0x2c, 0x20, 0x67, 0xe1, 0xbb, 0xad, 0x69, 0x20, 0x63, 0x68, 0xc3, 0xba, 0x6e, 0x67, 0x20
.byte 0x6c, 0xc3, 0xaa, 0x6e, 0x20, 0x73, 0x65, 0x72, 0x76, 0x65, 0x72, 0x0d, 0x0a, 0x20, 0x20, 0x20
.byte 0x20, 0x20, 0x20, 0x20, 0x20, 0x20, 0x20, 0x20, 0x20, 0x0d, 0x0a, 0x20, 0x20, 0x20, 0x20, 0x20
.byte 0x20, 0x20, 0x20, 0x20, 0x20, 0x20, 0x20, 0x20, 0x20, 0x20, 0x20, 0x66, 0x65, 0x74, 0x63, 0x68
.byte 0x28, 0x27, 0x2f, 0x75, 0x70, 0x64, 0x61, 0x74, 0x65, 0x53, 0x65, 0x74, 0x74, 0x69, 0x6e, 0x67
.byte 0x27, 0x2c, 0x20, 0x7b, 0x0d, 0x0a, 0x20, 0x20, 0x20, 0x20, 0x20, 0x20, 0x20, 0x20, 0x20, 0x20
.byte 0x20, 0x20, 0x20, 0x20, 0x20, 0x20, 0x20, 0x20, 0x20, 0x20, 0x6d, 0x65, 0x74, 0x68, 0x6f, 0x64
.byte 0x3a, 0x20, 0x27, 0x50, 0x4f, 0x53, 0x54, 0x27, 0x2c, 0x0d, 0x0a, 0x20, 0x20, 0x20, 0x20, 0x20
.byte 0x20, 0x20, 0x20, 0x20, 0x20, 0x20, 0x20, 0x20, 0x20, 0x20, 0x20, 0x20, 0x20, 0x20, 0x20, 0x68
.byte 0x65, 0x61, 0x64, 0x65, 0x72, 0x73, 0x3a, 0x20, 0x7b, 0x0d, 0x0a, 0x20, 0x20, 0x20, 0x20, 0x20
.byte 0x20, 0x20, 0x20, 0x20, 0x20, 0x20, 0x20, 0x20, 0x20, 0x20, 0x20, 0x20, 0x20, 0x20, 0x20, 0x20
.byte 0x20, 0x20, 0x20, 0x27, 0x43, 0x6f, 0x6e, 0x74, 0x65, 0x6e, 0x74, 0x2d, 0x54, 0x79, 0x70, 0x65
.byte 0x27, 0x3a, 0x20, 0x27, 0x61, 0x70, 0x70, 0x6c, 0x69, 0x63, 0x61, 0x74, 0x69, 0x6f, 0x6e, 0x2f
.byte 0x6a, 0x73, 0x6f, 0x6e, 0x27, 0x2c, 0x0d, 0x0a, 0x20, 0x20, 0x20, 0x20, 0x20, 0x20, 0x20, 0x20
.byte 0x20, 0x20, 0x20, 0x20, 0x20, 0x20, 0x20, 0x20, 0x20, 0x20, 0x20, 0x20, 0x7d, 0x2c, 0x0d, 0x0a
.byte 0x20, 0x20, 0x20, 0x20, 0x20, 0x20, 0x20, 0x20, 0x20, 0x20, 0x20, 0x20, 0x20, 0x20, 0x20, 0x20
.byte 0x20, 0x20, 0x20, 0x20, 0x62, 0x6f, 0x64, 0x79, 0x3a, 0x20, 0x4a, 0x53, 0x4f, 0x4e, 0x2e, 0x73
.byte 0x74, 0x72, 0x69, 0x6e, 0x67, 0x69, 0x66, 0x79, 0x28, 0x63, 0x68, 0x61, 0x6e, 0x67, 0x65, 0x64
.byte 0x53, 0x65, 0x74, 0x74, 0x69, 0x6e, 0x67, 0x73, 0x29, 0x0d, 0x0a, 0x20, 0x20, 0x20, 0x20, 0x20
.byte 0x20, 0x20, 0x20, 0x20, 0x20, 0x20, 0x20, 0x20, 0x20, 0x20, 0x20, 0x7d, 0x29, 0x0d, 0x0a, 0x20
.byte 0x20, 0x20, 0x20, 0x20, 0x20, 0x20, 0x20, 0x20, 0x20, 0x20, 0x20, 0x20, 0x20, 0x20, 0x20, 0x2e
.byte 0x74, 0x68, 0x65, 0x6e, 0x28, 0x72, 0x65, 0x73, 0x70, 0x6f, 0x6e, 0x73, 0x65, 0x20, 0x3d, 0x3e
.byte 0x20, 0x72, 0x65, 0x73, 0x70, 0x6f, 0x6e, 0x73, 0x65, 0x2e, 0x6a, 0x73, 0x6f, 0x6e, 0x28, 0x29
.byte 0x29, 0x0d, 0x0a, 0x20, 0x20, 0x20, 0x20, 0x20, 0x20, 0x20, 0x20, 0x20, 0x20, 0x20, 0x20, 0x20
.byte 0x20, 0x20, 0x20, 0x2e, 0x74, 0x68, 0x65, 0x6e, 0x28, 0x64, 0x61, 0x74, 0x61, 0x20, 0x3d, 0x3e
.byte 0x20, 0x7b, 0x0d, 0x0a, 0x20, 0x20, 0x20, 0x20, 0x20, 0x20, 0x20, 0x20, 0x20, 0x20, 0x20, 0x20
.byte 0x20, 0x20, 0x20, 0x20, 0x20, 0x20, 0x20, 0x20, 0x69, 0x66, 0x20, 0x28, 0x64, 0x61, 0x74, 0x61
.byte 0x2e, 0x73, 0x74, 0x61, 0x74, 0x75, 0x73, 0x20, 0x3d, 0x3d, 0x3d, 0x20, 0x27, 0x73, 0x75, 0x63
.byte 0x63, 0x65, 0x73, 0x73, 0x27, 0x29, 0x20, 0x2f, 0x2f, 0x6e, 0x68, 0x61, 0x6e, 0x20, 0x70, 0x68
.byte 0x61, 0x6e, 0x20, 0x68, 0x6f, 0x69, 0x20, 0x74, 0x75, 0x20, 0x73, 0x65, 0x76, 0x65, 0x72, 0x20
.byte 0x63, 0x68, 0x6f, 0x20, 0x63, 0x61, 0x70, 0x20, 0x6e, 0x68, 0x61, 0x74, 0x20, 0x63, 0x61, 0x69
.byte 0x20, 0x64, 0x61, 0x74, 0x0d, 0x0a, 0x20, 0x20, 0x20, 0x20, 0x20, 0x20, 0x20, 0x20, 0x20, 0x20
.byte 0x20, 0x20, 0x20, 0x20, 0x20, 0x20, 0x20, 0x20, 0x20, 0x20, 0x20, 0x20, 0x20, 0x20, 0x7b, 0x0d
.byte 0x0a, 0x20, 0x20, 0x20, 0x20, 0x20, 0x20, 0x20, 0x20, 0x20, 0x20, 0x20, 0x20, 0x20, 0x20, 0x20
.byte 0x20, 0x20, 0x20, 0x20, 0x20, 0x20, 0x20, 0x20, 0x20, 0x20, 0x20, 0x20, 0x20, 0x61, 0x6c, 0x65
.byte 0x72, 0x74, 0x28, 0x22, 0x53, 0x65, 0x74, 0x74, 0x69, 0x6e, 0x67, 0x20, 0x75, 0x70, 0x61, 0x64
.byte 0x61, 0x74, 0x65, 0x20, 0x73, 0x75, 0x63, 0x63, 0x65, 0x73, 0x73, 0x22, 0x29, 0x3b, 0x0d, 0x0a
.byte 0x20, 0x20, 0x20, 0x20, 0x20, 0x20, 0x20, 0x20, 0x20, 0x20, 0x20, 0x20, 0x20, 0x20, 0x20, 0x20
.byte 0x20, 0x20, 0x20, 0x20, 0x20, 0x20, 0x20, 0x20, 0x20, 0x20, 0x20, 0x20, 0x63, 0x6f, 0x6e, 0x73
.byte 0x6f, 0x6c, 0x65, 0x2e, 0x6c, 0x6f, 0x67, 0x28, 0x27, 0x53, 0x65, 0x74, 0x74, 0x69, 0x6e, 0x67
.byte 0x73, 0x20, 0x75, 0x70, 0x64, 0x61, 0x74, 0x65, 0x64, 0x3a, 0x27, 0x2c, 0x20, 0x64, 0x61, 0x74
.byte 0x61, 0x29, 0x3b, 0x0d, 0x0a, 0x20, 0x20, 0x20, 0x20, 0x20, 0x20, 0x20, 0x20, 0x20, 0x20, 0x20
.byte 0x20, 0x20, 0x20, 0x20, 0x20, 0x20, 0x20, 0x20, 0x20, 0x20, 0x20, 0x20, 0x20, 0x20, 0x20, 0x20
.byte 0x20, 0x70, 0x72, 0x65, 0x76, 0x69, 0x6f, 0x75, 0x73, 0x53, 0x65, 0x74, 0x74, 0x69, 0x6e, 0x67
.byte 0x73, 0x20, 0x3d, 0x20, 0x63, 0x75, 0x72, 0x72, 0x65, 0x6e, 0x74, 0x53, 0x65, 0x74, 0x74, 0x69
.byte 0x6e, 0x67, 0x73, 0x3b, 0x20, 0x2f, 0x2f, 0x20, 0x43, 0xe1, 0xba, 0xad, 0x70, 0x20, 0x6e, 0x68
.byte 0xe1, 0xba, 0xad, 0x74, 0x20, 0x6c, 0xe1, 0xba, 0xa1, 0x69, 0x20, 0x74, 0x72, 0xe1, 0xba, 0xa1
.byte 0x6e, 0x67, 0x20, 0x74, 0x68, 0xc3, 0xa1, 0x69, 0x20, 0x74, 0x72, 0xc6, 0xb0, 0xe1, 0xbb, 0x9b
.byte 0x63, 0x20, 0xc4, 0x91, 0xc3, 0xb3, 0x20, 0x73, 0x61, 0x75, 0x20, 0x6b, 0x68, 0x69, 0x20, 0x74
.byte 0x68, 0xc3, 0xa0, 0x6e, 0x68, 0x20, 0x63, 0xc3, 0xb4, 0x6e, 0x67, 0x0d, 0x0a, 0x20, 0x20, 0x20
.byte 0x20, 0x20, 0x20, 0x20, 0x20, 0x20, 0x20, 0x20, 0x20, 0x20, 0x20, 0x20, 0x20, 0x20, 0x20, 0x20
.byte 0x20, 0x20, 0x20, 0x20, 0x20, 0x0d, 0x0a, 0x20, 0x20, 0x20, 0x20, 0x20, 0x20, 0x20, 0x20, 0x20
.byte 0x20, 0x20, 0x20, 0x20, 0x20, 0x20, 0x20, 0x20, 0x20, 0x20, 0x20, 0x20, 0x20, 0x20, 0x20, 0x7d
.byte 0x0d, 0x0a, 0x20, 0x20, 0x20, 0x20, 0x20, 0x20, 0x20, 0x20, 0x20, 0x20, 0x20, 0x20, 0x20, 0x20
.byte 0x20, 0x20, 0x20, 0x20, 0x20, 0x20, 0x65, 0x6c, 0x73, 0x65, 0x0d, 0x0a, 0x20, 0x20, 0x20, 0x20
.byte 0x20, 0x20, 0x20, 0x20, 0x20, 0x20, 0x20, 0x20, 0x20, 0x20, 0x20, 0x20, 0x20, 0x20, 0x20, 0x20
.byte 0x20, 0x20, 0x20, 0x20, 0x61, 0x6c, 0x65, 0x72, 0x74, 0x28, 0x22, 0x41, 0x6e, 0x20, 0x65, 0x72
.byte 0x72, 0x6f, 0x72, 0x20, 0x64, 0x75, 0x72, 0x69, 0x6e, 0x67, 0x20, 0x74, 0x68, 0x65, 0x20, 0x75
.byte 0x70, 0x64, 0x61, 0x74, 0x65, 0x20, 0x70, 0x72, 0x6f, 0x63, 0x65, 0x73, 0x73, 0x2e, 0x22, 0x29
.byte 0x3b, 0x0d, 0x0a, 0x20, 0x20, 0x20, 0x20, 0x20, 0x20, 0x20, 0x20, 0x20, 0x20, 0x20, 0x20, 0x20
.byte 0x20, 0x20, 0x20, 0x20, 0x20, 0x20, 0x20, 0x0d, 0x0a, 0x20, 0x20, 0x20, 0x20, 0x20, 0x20, 0x20
.byte 0x20, 0x20, 0x20, 0x20, 0x20, 0x20, 0x20, 0x20, 0x20, 0x7d, 0x29, 0x0d, 0x0a, 0x20, 0x20, 0x20
.byte 0x20, 0x20, 0x20, 0x20, 0x20, 0x20, 0x20, 0x20, 0x20, 0x20, 0x20, 0x20, 0x20, 0x2e, 0x63, 0x61
.byte 0x74, 0x63, 0x68, 0x28, 0x28, 0x65, 0x72, 0x72, 0x6f, 0x72, 0x29, 0x20, 0x3d, 0x3e, 0x20, 0x7b
.byte 0x0d, 0x0a, 0x20, 0x20, 0x20, 0x20, 0x20, 0x20, 0x20, 0x20, 0x20, 0x20, 0x20, 0x20, 0x20, 0x20
.byte 0x20, 0x20, 0x20, 0x20, 0x20, 0x20, 0x63, 0x6f, 0x6e, 0x73, 0x6f, 0x6c, 0x65, 0x2e, 0x65, 0x72
.byte 0x72, 0x6f, 0x72, 0x28, 0x27, 0x45, 0x72, 0x72, 0x6f, 0x72, 0x3a, 0x27, 0x2c, 0x20, 0x65, 0x72
.byte 0x72, 0x6f, 0x72, 0x29, 0x3b, 0x0d, 0x0a, 0x20, 0x20, 0x20, 0x20, 0x20, 0x20, 0x20, 0x20, 0x20
.byte 0x20, 0x20, 0x20, 0x20, 0x20, 0x20, 0x20, 0x7d, 0x29, 0x3b, 0x0d, 0x0a, 0x20, 0x20, 0x20, 0x20
.byte 0x20, 0x20, 0x20, 0x20, 0x20, 0x20, 0x20, 0x20, 0x0d, 0x0a, 0x20, 0x20, 0x20, 0x20, 0x20, 0x20
.byte 0x20, 0x20, 0x20, 0x20, 0x20, 0x20, 0x0d, 0x0a, 0x20, 0x20, 0x20, 0x20, 0x20, 0x20, 0x20, 0x20
.byte 0x7d, 0x20, 0x20, 0x20, 0x20, 0x20, 0x0d, 0x0a, 0x20, 0x20, 0x20, 0x20, 0x20, 0x20, 0x20, 0x20
.byte 0x2f, 0x2f, 0x20, 0x47, 0xe1, 0xbb, 0xad, 0x69, 0x20, 0x74, 0x68, 0xe1, 0xbb, 0x9d, 0x69, 0x20
.byte 0x67, 0x69, 0x61, 0x6e, 0x20, 0x76, 0xe1, 0xbb, 0x81, 0x20, 0x73, 0x65, 0x72, 0x76, 0x65, 0x72
.byte 0x20, 0x6b, 0x68, 0x69, 0x20, 0x6e, 0x68, 0xe1, 0xba, 0xa5, 0x6e, 0x20, 0x6e, 0xc3, 0xba, 0x74
.byte 0x0d, 0x0a, 0x20, 0x20, 0x20, 0x20, 0x20, 0x20, 0x20, 0x20, 0x64, 0x6f, 0x63, 0x75, 0x6d, 0x65
.byte 0x6e, 0x74, 0x2e, 0x67, 0x65, 0x74, 0x45, 0x6c, 0x65, 0x6d, 0x65, 0x6e, 0x74, 0x42, 0x79, 0x49
.byte 0x64, 0x28, 0x27, 0x73, 0x79, 0x6e, 0x63, 0x54, 0x69, 0x6d, 0x65, 0x42, 0x75, 0x74, 0x74, 0x6f
.byte 0x6e, 0x27, 0x29, 0x2e, 0x61, 0x64, 0x64, 0x45, 0x76, 0x65, 0x6e, 0x74, 0x4c, 0x69, 0x73, 0x74
.byte 0x65, 0x6e, 0x65, 0x72, 0x28, 0x27, 0x63, 0x6c, 0x69, 0x63, 0x6b, 0x27, 0x2c, 0x20, 0x66, 0x75
.byte 0x6e, 0x63, 0x74, 0x69, 0x6f, 0x6e, 0x28, 0x29, 0x20, 0x7b, 0x0d, 0x0a, 0x20, 0x20, 0x20, 0x20
.byte 0x20, 0x20, 0x20, 0x20, 0x20, 0x20, 0x20, 0x20, 0x63, 0x6f, 0x6e, 0x73, 0x74, 0x20, 0x6e, 0x6f
.byte 0x77, 0x20, 0x3d, 0x20, 0x6e, 0x65, 0x77, 0x20, 0x44, 0x61, 0x74, 0x65, 0x28, 0x29, 0x3b, 0x0d
.byte 0x0a, 0x20, 0x20, 0x20, 0x20, 0x20, 0x20, 0x20, 0x20, 0x20, 0x20, 0x20, 0x20, 0x63, 0x6f, 0x6e
.byte 0x73, 0x74, 0x20, 0x74, 0x69, 0x6d, 0x65, 0x53, 0x74, 0x72, 0x69, 0x6e, 0x67, 0x20, 0x3d, 0x20
.byte 0x6e, 0x6f, 0x77, 0x2e, 0x74, 0x6f, 0x49, 0x53, 0x4f, 0x53, 0x74, 0x72, 0x69, 0x6e, 0x67, 0x28
.byte 0x29, 0x3b, 0x20, 0x0d, 0x0a, 0x20, 0x20, 0x20, 0x20, 0x20, 0x20, 0x20, 0x20, 0x20, 0x20, 0x20
.byte 0x20, 0x66, 0x65, 0x74, 0x63, 0x68, 0x28, 0x27, 0x2f, 0x73, 0x65, 0x74, 0x54, 0x69, 0x6d, 0x65
.byte 0x27, 0x2c, 0x20, 0x7b, 0x0d, 0x0a, 0x20, 0x20, 0x20, 0x20, 0x20, 0x20, 0x20, 0x20, 0x20, 0x20
.byte 0x20, 0x20, 0x20, 0x20, 0x20, 0x20, 0x6d, 0x65, 0x74, 0x68, 0x6f, 0x64, 0x3a, 0x20, 0x27, 0x50
.byte 0x4f, 0x53, 0x54, 0x27, 0x2c, 0x0d, 0x0a, 0x20, 0x20, 0x20, 0x20, 0x20, 0x20, 0x20, 0x20, 0x20
.byte 0x20, 0x20, 0x20, 0x20, 0x20, 0x20, 0x20, 0x68, 0x65, 0x61, 0x64, 0x65, 0x72, 0x73, 0x3a, 0x20
.byte 0x7b, 0x0d, 0x0a, 0x20, 0x20, 0x20, 0x20, 0x20, 0x20, 0x20, 0x20, 0x20, 0x20, 0x20, 0x20, 0x20
.byte 0x20, 0x20, 0x20, 0x20, 0x20, 0x20, 0x20, 0x27, 0x43, 0x6f, 0x6e, 0x74, 0x65, 0x6e, 0x74, 0x2d
.byte 0x54, 0x79, 0x70, 0x65, 0x27, 0x3a, 0x20, 0x27, 0x61, 0x70, 0x70, 0x6c, 0x69, 0x63, 0x61, 0x74
.byte 0x69, 0x6f, 0x6e, 0x2f, 0x6a, 0x73, 0x6f, 0x6e, 0x27, 0x2c, 0x0d, 0x0a, 0x20, 0x20, 0x20, 0x20
.byte 0x20, 0x20, 0x20, 0x20, 0x20, 0x20, 0x20, 0x20, 0x20, 0x20, 0x20, 0x20, 0x7d, 0x2c, 0x0d, 0x0a
.byte 0x20, 0x20, 0x20, 0x20, 0x20, 0x20, 0x20, 0x20, 0x20, 0x20, 0x20, 0x20, 0x20, 0x20, 0x20, 0x20
.byte 0x62, 0x6f, 0x64, 0x79, 0x3a, 0x20, 0x4a, 0x53, 0x4f, 0x4e, 0x2e, 0x73, 0x74, 0x72, 0x69, 0x6e
.byte 0x67, 0x69, 0x66, 0x79, 0x28, 0x7b, 0x20, 0x74, 0x69, 0x6d, 0x65, 0x3a, 0x20, 0x74, 0x69, 0x6d
.byte 0x65, 0x53, 0x74, 0x72, 0x69, 0x6e, 0x67, 0x20, 0x7d, 0x29, 0x2c, 0x0d, 0x0a, 0x20, 0x20, 0x20
.byte 0x20, 0x20, 0x20, 0x20, 0x20, 0x20, 0x20, 0x20, 0x20, 0x7d, 0x29, 0x0d, 0x0a, 0x20, 0x20, 0x20
.byte 0x20, 0x20, 0x20, 0x20, 0x20, 0x20, 0x20, 0x20, 0x20, 0x2e, 0x74, 0x68, 0x65, 0x6e, 0x28, 0x72
.byte 0x65, 0x73, 0x70, 0x6f, 0x6e, 0x73, 0x65, 0x20, 0x3d, 0x3e, 0x20, 0x72, 0x65, 0x73, 0x70, 0x6f
.byte 0x6e, 0x73, 0x65, 0x2e, 0x6a, 0x73, 0x6f, 0x6e, 0x28, 0x29, 0x29, 0x0d, 0x0a, 0x20, 0x20, 0x20
.byte 0x20, 0x20, 0x20, 0x20, 0x20, 0x20, 0x20, 0x20, 0x20, 0x2e, 0x74, 0x68, 0x65, 0x6e, 0x28, 0x64
.byte 0x61, 0x74, 0x61, 0x20, 0x3d, 0x3e, 0x20, 0x7b, 0x0d, 0x0a, 0x20, 0x20, 0x20, 0x20, 0x20, 0x20
.byte 0x20, 0x20, 0x20, 0x20, 0x20, 0x20, 0x20, 0x20, 0x20, 0x20, 0x69, 0x66, 0x20, 0x28, 0x64, 0x61
.byte 0x74, 0x61, 0x2e, 0x73, 0x75, 0x63, 0x63, 0x65, 0x73, 0x73, 0x29, 0x20, 0x7b, 0x0d, 0x0a, 0x20
.byte 0x20, 0x20, 0x20, 0x20, 0x20, 0x20, 0x20, 0x20, 0x20, 0x20, 0x20, 0x20, 0x20, 0x20, 0x20, 0x20
.byte 0x20, 0x20, 0x20, 0x61, 0x6c, 0x65, 0x72, 0x74, 0x28, 0x60, 0x53, 0x79, 0x6e, 0x63, 0x68, 0x72
.byte 0x6f, 0x6e, 0x6f, 0x75, 0x73, 0x20, 0x73, 0x75, 0x63, 0x63, 0x65, 0x73, 0x73, 0x60, 0x29, 0x3b
.byte 0x0d, 0x0a, 0x20, 0x20, 0x20, 0x20, 0x20, 0x20, 0x20, 0x20, 0x20, 0x20, 0x20, 0x20, 0x20, 0x20
.byte 0x20, 0x20, 0x7d, 0x20, 0x65, 0x6c, 0x73, 0x65, 0x20, 0x7b, 0x0d, 0x0a, 0x20, 0x20, 0x20, 0x20
.byte 0x20, 0x20, 0x20, 0x20, 0x20, 0x20, 0x20, 0x20, 0x20, 0x20, 0x20, 0x20, 0x20, 0x20, 0x20, 0x20
.byte 0x61, 0x6c, 0x65, 0x72, 0x74, 0x28, 0x22, 0x45, 0x72, 0x72, 0x6f, 0x72, 0x22, 0x29, 0x3b, 0x0d
.byte 0x0a, 0x20, 0x20, 0x20, 0x20, 0x20, 0x20, 0x20, 0x20, 0x20, 0x20, 0x20, 0x20, 0x20, 0x20, 0x20
.byte 0x20, 0x7d, 0x0d, 0x0a, 0x20, 0x20, 0x20, 0x20, 0x20, 0x20, 0x20, 0x20, 0x7d, 0x29, 0x3b, 0x0d
.byte 0x0a, 0x20, 0x20, 0x20, 0x20, 0x7d, 0x29, 0x3b, 0x0d, 0x0a, 0x0d, 0x0a, 0x20, 0x20, 0x20, 0x20
.byte 0x20, 0x20, 0x20, 0x20, 0x6c, 0x65, 0x74, 0x20, 0x52, 0x6f, 0x77, 0x49, 0x44, 0x20, 0x3d, 0x20
.byte 0x30, 0x3b, 0x20, 0x20, 0x20, 0x20, 0x20, 0x20, 0x20, 0x20, 0x20, 0x20, 0x20, 0x0d, 0x0a, 0x20
.byte 0x20, 0x20, 0x20, 0x20, 0x20, 0x20, 0x20, 0x64, 0x6f, 0x63, 0x75, 0x6d, 0x65, 0x6e, 0x74, 0x2e
.byte 0x67, 0x65, 0x74, 0x45, 0x6c, 0x65, 0x6d, 0x65, 0x6e, 0x74, 0x42, 0x79, 0x49, 0x64, 0x28, 0x27
.byte 0x64, 0x65, 0x6c, 0x65, 0x74, 0x65, 0x52, 0x6f, 0x77, 0x27, 0x29, 0x2e, 0x6f, 0x6e, 0x63, 0x6c
.byte 0x69, 0x63, 0x6b, 0x20, 0x3d, 0x20, 0x66, 0x75, 0x6e, 0x63, 0x74, 0x69, 0x6f, 0x6e, 0x28, 0x29
.byte 0x20, 0x7b, 0x0d, 0x0a, 0x20, 0x20, 0x20, 0x20, 0x20, 0x20, 0x20, 0x20, 0x20, 0x20, 0x20, 0x20
.byte 0x2f, 0x2f, 0x20, 0x4c, 0xe1, 0xba, 0xa5, 0x79, 0x20, 0x74, 0xe1, 0xba, 0xa5, 0x74, 0x20, 0x63
.byte 0xe1, 0xba, 0xa3, 0x20, 0x63, 0x68, 0x65, 0x63, 0x6b, 0x62, 0x6f, 0x78, 0x20, 0xc4, 0x91, 0xe1
.byte 0xbb, 0x83, 0x20, 0x78, 0xc3, 0xa1, 0x63, 0x20, 0xc4, 0x91, 0xe1, 0xbb, 0x8b, 0x6e, 0x68, 0x20
.byte 0x68, 0xc3, 0xa0, 0x6e, 0x67, 0x20, 0xc4, 0x91, 0xc6, 0xb0, 0xe1, 0xbb, 0xa3, 0x63, 0x20, 0x63
.byte 0x68, 0xe1, 0xbb, 0x8d, 0x6e, 0x0d, 0x0a, 0x20, 0x20, 0x20, 0x20, 0x20, 0x20, 0x20, 0x20, 0x20
.byte 0x20, 0x20, 0x20, 0x63, 0x6f, 0x6e, 0x73, 0x74, 0x20, 0x63, 0x68, 0x65, 0x63, 0x6b, 0x62, 0x6f
.byte 0x78, 0x65, 0x73, 0x20, 0x3d, 0x20, 0x64, 0x6f, 0x63, 0x75, 0x6d, 0x65, 0x6e, 0x74, 0x2e, 0x71
.byte 0x75, 0x65, 0x72, 0x79, 0x53, 0x65, 0x6c, 0x65, 0x63, 0x74, 0x6f, 0x72, 0x41, 0x6c, 0x6c, 0x28
.byte 0x22, 0x23, 0x64, 0x61, 0x74, 0x61, 0x54, 0x61, 0x62, 0x6c, 0x65, 0x20, 0x2e, 0x72, 0x6f, 0x77
.byte 0x53, 0x65, 0x6c, 0x65, 0x63, 0x74, 0x22, 0x29, 0x3b, 0x0d, 0x0a, 0x20, 0x20, 0x20, 0x20, 0x20
.byte 0x20, 0x20, 0x20, 0x20, 0x20, 0x20, 0x20, 0x6c, 0x65, 0x74, 0x20, 0x72, 0x6f, 0x77, 0x73, 0x54
.byte 0x6f, 0x44, 0x65, 0x6c, 0x65, 0x74, 0x65, 0x20, 0x3d, 0x20, 0x30, 0x3b, 0x20, 0x2f, 0x2f, 0x20
.byte 0x42, 0x69, 0xe1, 0xba, 0xbf, 0x6e, 0x20, 0xc4, 0x91, 0xe1, 0xba, 0xbf, 0x6d, 0x20, 0x73, 0xe1
.byte 0xbb, 0x91, 0x20, 0x68, 0xc3, 0xa0, 0x6e, 0x67, 0x20, 0x73, 0xe1, 0xba, 0xbd, 0x20, 0x78, 0xc3
.byte 0xb3, 0x61, 0x0d, 0x0a, 0x0d, 0x0a, 0x20, 0x20, 0x20, 0x20, 0x20, 0x20, 0x20, 0x20, 0x20, 0x20
.byte 0x20, 0x20, 0x2f, 0x2f, 0x20, 0xc4, 0x90, 0xe1, 0xba, 0xbf, 0x6d, 0x20, 0x73, 0xe1, 0xbb, 0x91
.byte 0x20, 0x6c, 0xc6, 0xb0, 0xe1, 0xbb, 0xa3, 0x6e, 0x67, 0x20, 0x63, 0x68, 0x65, 0x63, 0x6b, 0x62
.byte 0x6f, 0x78, 0x20, 0xc4, 0x91, 0xc6, 0xb0, 0xe1, 0xbb, 0xa3, 0x63, 0x20, 0x63, 0x68, 0xe1, 0xbb
.byte 0x8d, 0x6e, 0x0d, 0x0a, 0x20, 0x20, 0x20, 0x20, 0x20, 0x20, 0x20, 0x20, 0x20, 0x20, 0x20, 0x20
.byte 0x63, 0x68, 0x65, 0x63, 0x6b, 0x62, 0x6f, 0x78, 0x65, 0x73, 0x2e, 0x66, 0x6f, 0x72, 0x45, 0x61
.byte 0x63, 0x68, 0x28, 0x66, 0x75, 0x6e, 0x63, 0x74, 0x69, 0x6f, 0x6e, 0x28, 0x63, 0x68, 0x65, 0x63
.byte 0x6b, 0x62, 0x6f, 0x78, 0x29, 0x20, 0x7b, 0x0d, 0x0a, 0x20, 0x20, 0x20, 0x20, 0x20, 0x20, 0x20
.byte 0x20, 0x20, 0x20, 0x20, 0x20, 0x20, 0x20, 0x20, 0x20, 0x69, 0x66, 0x20, 0x28, 0x63, 0x68, 0x65
.byte 0x63, 0x6b, 0x62, 0x6f, 0x78, 0x2e, 0x63, 0x68, 0x65, 0x63, 0x6b, 0x65, 0x64, 0x29, 0x20, 0x7b
.byte 0x0d, 0x0a, 0x20, 0x20, 0x20, 0x20, 0x20, 0x20, 0x20, 0x20, 0x20, 0x20, 0x20, 0x20, 0x20, 0x20
.byte 0x20, 0x20, 0x20, 0x20, 0x20, 0x20, 0x72, 0x6f, 0x77, 0x73, 0x54, 0x6f, 0x44, 0x65, 0x6c, 0x65
.byte 0x74, 0x65, 0x2b, 0x2b, 0x3b, 0x20, 0x2f, 0x2f, 0x20, 0x54, 0xc4, 0x83, 0x6e, 0x67, 0x20, 0x62
.byte 0x69, 0xe1, 0xba, 0xbf, 0x6e, 0x20, 0xc4, 0x91, 0xe1, 0xba, 0xbf, 0x6d, 0x20, 0x6e, 0xe1, 0xba
.byte 0xbf, 0x75, 0x20, 0x63, 0x68, 0x65, 0x63, 0x6b, 0x62, 0x6f, 0x78, 0x20, 0xc4, 0x91, 0xc6, 0xb0
.byte 0xe1, 0xbb, 0xa3, 0x63, 0x20, 0x63, 0x68, 0xe1, 0xbb, 0x8d, 0x6e, 0x0d, 0x0a, 0x20, 0x20, 0x20
.byte 0x20, 0x20, 0x20, 0x20, 0x20, 0x20, 0x20, 0x20, 0x20, 0x20, 0x20, 0x20, 0x20, 0x7d, 0x0d, 0x0a
.byte 0x20, 0x20, 0x20, 0x20, 0x20, 0x20, 0x20, 0x20, 0x20, 0x20, 0x20, 0x20, 0x7d, 0x29, 0x3b, 0x0d
.byte 0x0a, 0x0d, 0x0a, 0x20, 0x20, 0x20, 0x20, 0x20, 0x20, 0x20, 0x20, 0x20, 0x20, 0x20, 0x20, 0x2f
.byte 0x2f, 0x20, 0x4e, 0xe1, 0xba, 0xbf, 0x75, 0x20, 0x6b, 0x68, 0xc3, 0xb4, 0x6e, 0x67, 0x20, 0x63
.byte 0xc3, 0xb3, 0x20, 0x68, 0xc3, 0xa0, 0x6e, 0x67, 0x20, 0x6e, 0xc3, 0xa0, 0x6f, 0x20, 0xc4, 0x91
.byte 0xc6, 0xb0, 0xe1, 0xbb, 0xa3, 0x63, 0x20, 0x63, 0x68, 0xe1, 0xbb, 0x8d, 0x6e, 0x2c, 0x20, 0x6b
.byte 0x68, 0xc3, 0xb4, 0x6e, 0x67, 0x20, 0x6c, 0xc3, 0xa0, 0x6d, 0x20, 0x67, 0xc3, 0xac, 0x0d, 0x0a
.byte 0x20, 0x20, 0x20, 0x20, 0x20, 0x20, 0x20, 0x20, 0x20, 0x20, 0x20, 0x20, 0x69, 0x66, 0x20, 0x28
.byte 0x72, 0x6f, 0x77, 0x73, 0x54, 0x6f, 0x44, 0x65, 0x6c, 0x65, 0x74, 0x65, 0x20, 0x3d, 0x3d, 0x3d
.byte 0x20, 0x30, 0x29, 0x20, 0x7b, 0x0d, 0x0a, 0x20, 0x20, 0x20, 0x20, 0x20, 0x20, 0x20, 0x20, 0x20
.byte 0x20, 0x20, 0x20, 0x20, 0x20, 0x20, 0x20, 0x72, 0x65, 0x74, 0x75, 0x72, 0x6e, 0x3b, 0x0d, 0x0a
.byte 0x20, 0x20, 0x20, 0x20, 0x20, 0x20, 0x20, 0x20, 0x20, 0x20, 0x20, 0x20, 0x7d, 0x0d, 0x0a, 0x0d
.byte 0x0a, 0x20, 0x20, 0x20, 0x20, 0x20, 0x20, 0x20, 0x20, 0x20, 0x20, 0x20, 0x20, 0x2f, 0x2f, 0x20
.byte 0x58, 0xc3, 0xb3, 0x61, 0x20, 0x68, 0xc3, 0xa0, 0x6e, 0x67, 0x20, 0x76, 0xc3, 0xa0, 0x20, 0x63
.byte 0xe1, 0xba, 0xad, 0x70, 0x20, 0x6e, 0x68, 0xe1, 0xba, 0xad, 0x74, 0x20, 0x49, 0x44, 0x0d, 0x0a
.byte 0x20, 0x20, 0x20, 0x20, 0x20, 0x20, 0x20, 0x20, 0x20, 0x20, 0x20, 0x20, 0x63, 0x68, 0x65, 0x63
.byte 0x6b, 0x62, 0x6f, 0x78, 0x65, 0x73, 0x2e, 0x66, 0x6f, 0x72, 0x45, 0x61, 0x63, 0x68, 0x28, 0x66
.byte 0x75, 0x6e, 0x63, 0x74, 0x69, 0x6f, 0x6e, 0x28, 0x63, 0x68, 0x65, 0x63, 0x6b, 0x62, 0x6f, 0x78
.byte 0x29, 0x20, 0x7b, 0x0d, 0x0a, 0x20, 0x20, 0x20, 0x20, 0x20, 0x20, 0x20, 0x20, 0x20, 0x20, 0x20
.byte 0x20, 0x20, 0x20, 0x20, 0x20, 0x69, 0x66, 0x20, 0x28, 0x63, 0x68, 0x65, 0x63, 0x6b, 0x62, 0x6f
.byte 0x78, 0x2e, 0x63, 0x68, 0x65, 0x63, 0x6b, 0x65, 0x64, 0x29, 0x20, 0x7b, 0x0d, 0x0a, 0x20, 0x20
.byte 0x20, 0x20, 0x20, 0x20, 0x20, 0x20, 0x20, 0x20, 0x20, 0x20, 0x20, 0x20, 0x20, 0x20, 0x20, 0x20
.byte 0x20, 0x20, 0x2f, 0x2f, 0x20, 0x54, 0xc3, 0xac, 0x6d, 0x20, 0x70, 0x68, 0xe1, 0xba, 0xa7, 0x6e
.byte 0x20, 0x74, 0xe1, 0xbb, 0xad, 0x20, 0x63, 0x68, 0x61, 0x20, 0x63, 0xe1, 0xbb, 0xa7, 0x61, 0x20
.byte 0x63, 0x68, 0x65, 0x63, 0x6b, 0x62, 0x6f, 0x78, 0x20, 0x28, 0x63, 0x68, 0xc3, 0xad, 0x6e, 0x68
.byte 0x20, 0x6c, 0xc3, 0xa0, 0x20, 0x74, 0x68, 0xe1, 0xba, 0xbb, 0x20, 0x3c, 0x74, 0x72, 0x3e, 0x29
.byte 0x20, 0x76, 0xc3, 0xa0, 0x20, 0x78, 0xc3, 0xb3, 0x61, 0x20, 0x6e, 0xc3, 0xb3, 0x0d, 0x0a, 0x20
.byte 0x20, 0x20, 0x20, 0x20, 0x20, 0x20, 0x20, 0x20, 0x20, 0x20, 0x20, 0x20, 0x20, 0x20, 0x20, 0x20
.byte 0x20, 0x20, 0x20, 0x63, 0x6f, 0x6e, 0x73, 0x74, 0x20, 0x72, 0x6f, 0x77, 0x20, 0x3d, 0x20, 0x63
.byte 0x68, 0x65, 0x63, 0x6b, 0x62, 0x6f, 0x78, 0x2e, 0x63, 0x6c, 0x6f, 0x73, 0x65, 0x73, 0x74, 0x28
.byte 0x27, 0x74, 0x72, 0x27, 0x29, 0x3b, 0x0d, 0x0a, 0x20, 0x20, 0x20, 0x20, 0x20, 0x20, 0x20, 0x20
.byte 0x20, 0x20, 0x20, 0x20, 0x20, 0x20, 0x20, 0x20, 0x20, 0x20, 0x20, 0x20, 0x69, 0x66, 0x20, 0x28
.byte 0x72, 0x6f, 0x77, 0x29, 0x20, 0x7b, 0x0d, 0x0a, 0x20, 0x20, 0x20, 0x20, 0x20, 0x20, 0x20, 0x20
.byte 0x20, 0x20, 0x20, 0x20, 0x20, 0x20, 0x20, 0x20, 0x20, 0x20, 0x20, 0x20, 0x20, 0x20, 0x20, 0x20
.byte 0x63, 0x6f, 0x6e, 0x73, 0x74, 0x20, 0x72, 0x6f, 0x77, 0x49, 0x6e, 0x64, 0x65, 0x78, 0x20, 0x3d
.byte 0x20, 0x41, 0x72, 0x72, 0x61, 0x79, 0x2e, 0x66, 0x72, 0x6f, 0x6d, 0x28, 0x72, 0x6f, 0x77, 0x2e
.byte 0x70, 0x61, 0x72, 0x65, 0x6e, 0x74, 0x4e, 0x6f, 0x64, 0x65, 0x2e, 0x63, 0x68, 0x69, 0x6c, 0x64
.byte 0x72, 0x65, 0x6e, 0x29, 0x2e, 0x69, 0x6e, 0x64, 0x65, 0x78, 0x4f, 0x66, 0x28, 0x72, 0x6f, 0x77
.byte 0x29, 0x3b, 0x20, 0x2f, 0x2f, 0x20, 0x4c, 0xe1, 0xba, 0xa5, 0x79, 0x20, 0x63, 0x68, 0xe1, 0xbb
.byte 0x89, 0x20, 0x73, 0xe1, 0xbb, 0x91, 0x20, 0x68, 0xc3, 0xa0, 0x6e, 0x67, 0x0d, 0x0a, 0x0d, 0x0a
.byte 0x20, 0x20, 0x20, 0x20, 0x20, 0x20, 0x20, 0x20, 0x20, 0x20, 0x20, 0x20, 0x20, 0x20, 0x20, 0x20
.byte 0x20, 0x20, 0x20, 0x20, 0x20, 0x20, 0x20, 0x20, 0x72, 0x6f, 0x77, 0x2e, 0x72, 0x65, 0x6d, 0x6f
.byte 0x76, 0x65, 0x28, 0x29, 0x3b, 0x20, 0x2f, 0x2f, 0x20, 0x58, 0xc3, 0xb3, 0x61, 0x20, 0x68, 0xc3
.byte 0xa0, 0x6e, 0x67, 0x0d, 0x0a, 0x0d, 0x0a, 0x20, 0x20, 0x20, 0x20, 0x20, 0x20, 0x20, 0x20, 0x20
.byte 0x20, 0x20, 0x20, 0x20, 0x20, 0x20, 0x20, 0x20, 0x20, 0x20, 0x20, 0x20, 0x20, 0x20, 0x20, 0x2f
.byte 0x2f, 0x20, 0x43, 0xe1, 0xba, 0xad, 0x70, 0x20, 0x6e, 0x68, 0xe1, 0xba, 0xad, 0x74, 0x20, 0x49
.byte 0x44, 0x20, 0x63, 0xe1, 0xbb, 0xa7, 0x61, 0x20, 0x63, 0xc3, 0xa1, 0x63, 0x20, 0x68, 0xc3, 0xa0
.byte 0x6e, 0x67, 0x20, 0x70, 0x68, 0xc3, 0xad, 0x61, 0x20, 0x64, 0xc6, 0xb0, 0xe1, 0xbb, 0x9b, 0x69
.byte 0x0d, 0x0a, 0x20, 0x20, 0x20, 0x20, 0x20, 0x20, 0x20, 0x20, 0x20, 0x20, 0x20, 0x20, 0x20, 0x20
.byte 0x20, 0x20, 0x20, 0x20, 0x20, 0x20, 0x20, 0x20, 0x20, 0x20, 0x63, 0x6f, 0x6e, 0x73, 0x74, 0x20
.byte 0x72, 0x6f, 0x77, 0x73, 0x20, 0x3d, 0x20, 0x64, 0x6f, 0x63, 0x75, 0x6d, 0x65, 0x6e, 0x74, 0x2e
.byte 0x71, 0x75, 0x65, 0x72, 0x79, 0x53, 0x65, 0x6c, 0x65, 0x63, 0x74, 0x6f, 0x72, 0x41, 0x6c, 0x6c
.byte 0x28, 0x22, 0x23, 0x64, 0x61, 0x74, 0x61, 0x54, 0x61, 0x62, 0x6c, 0x65, 0x20, 0x74, 0x62, 0x6f
.byte 0x64, 0x79, 0x20, 0x74, 0x72, 0x22, 0x29, 0x3b, 0x0d, 0x0a, 0x20, 0x20, 0x20, 0x20, 0x20, 0x20
.byte 0x20, 0x20, 0x20, 0x20, 0x20, 0x20, 0x20, 0x20, 0x20, 0x20, 0x20, 0x20, 0x20, 0x20, 0x20, 0x20
.byte 0x20, 0x20, 0x66, 0x6f, 0x72, 0x20, 0x28, 0x6c, 0x65, 0x74, 0x20, 0x69, 0x20, 0x3d, 0x20, 0x72
.byte 0x6f, 0x77, 0x49, 0x6e, 0x64, 0x65, 0x78, 0x3b, 0x20, 0x69, 0x20, 0x3c, 0x20, 0x72, 0x6f, 0x77
.byte 0x73, 0x2e, 0x6c, 0x65, 0x6e, 0x67, 0x74, 0x68, 0x3b, 0x20, 0x69, 0x2b, 0x2b, 0x29, 0x20, 0x7b
.byte 0x0d, 0x0a, 0x20, 0x20, 0x20, 0x20, 0x20, 0x20, 0x20, 0x20, 0x20, 0x20, 0x20, 0x20, 0x20, 0x20
.byte 0x20, 0x20, 0x20, 0x20, 0x20, 0x20, 0x20, 0x20, 0x20, 0x20, 0x20, 0x20, 0x20, 0x20, 0x63, 0x6f
.byte 0x6e, 0x73, 0x74, 0x20, 0x6e, 0x65, 0x77, 0x52, 0x6f, 0x77, 0x20, 0x3d, 0x20, 0x72, 0x6f, 0x77
.byte 0x73, 0x5b, 0x69, 0x5d, 0x3b, 0x0d, 0x0a, 0x20, 0x20, 0x20, 0x20, 0x20, 0x20, 0x20, 0x20, 0x20
.byte 0x20, 0x20, 0x20, 0x20, 0x20, 0x20, 0x20, 0x20, 0x20, 0x20, 0x20, 0x20, 0x20, 0x20, 0x20, 0x20
.byte 0x20, 0x20, 0x20, 0x63, 0x6f, 0x6e, 0x73, 0x74, 0x20, 0x6e, 0x65, 0x77, 0x52, 0x6f, 0x77, 0x49
.byte 0x64, 0x20, 0x3d, 0x20, 0x69, 0x20, 0x2b, 0x20, 0x31, 0x3b, 0x20, 0x2f, 0x2f, 0x20, 0x54, 0xc3
.byte 0xad, 0x6e, 0x68, 0x20, 0x74, 0x6f, 0xc3, 0xa1, 0x6e, 0x20, 0x49, 0x44, 0x20, 0x6d, 0xe1, 0xbb
.byte 0x9b, 0x69, 0x0d, 0x0a, 0x20, 0x20, 0x20, 0x20, 0x20, 0x20, 0x20, 0x20, 0x20, 0x20, 0x20, 0x20
.byte 0x20, 0x20, 0x20, 0x20, 0x20, 0x20, 0x20, 0x20, 0x20, 0x20, 0x20, 0x20, 0x20, 0x20, 0x20, 0x20
.byte 0x6e, 0x65, 0x77, 0x52, 0x6f, 0x77, 0x2e, 0x69, 0x64, 0x20, 0x3d, 0x20, 0x60, 0x72, 0x6f, 0x77
.byte 0x24, 0x7b, 0x6e, 0x65, 0x77, 0x52, 0x6f, 0x77, 0x49, 0x64, 0x7d, 0x60, 0x3b, 0x20, 0x2f, 0x2f
.byte 0x20, 0x43, 0xe1, 0xba, 0xad, 0x70, 0x20, 0x6e, 0x68, 0xe1, 0xba, 0xad, 0x74, 0x20, 0x49, 0x44
.byte 0x20, 0x63, 0x68, 0x6f, 0x20, 0x68, 0xc3, 0xa0, 0x6e, 0x67, 0x20, 0x6d, 0xe1, 0xbb, 0x9b, 0x69
.byte 0x0d, 0x0a, 0x0d, 0x0a, 0x20, 0x20, 0x20, 0x20, 0x20, 0x20, 0x20, 0x20, 0x20, 0x20, 0x20, 0x20
.byte 0x20, 0x20, 0x20, 0x20, 0x20, 0x20, 0x20, 0x20, 0x20, 0x20, 0x20, 0x20, 0x20, 0x20, 0x20, 0x20
.byte 0x2f, 0x2f, 0x20, 0x43, 0xe1, 0xba, 0xad, 0x70, 0x20, 0x6e, 0x68, 0xe1, 0xba, 0xad, 0x74, 0x20
.byte 0x49, 0x44, 0x20, 0x63, 0x68, 0x6f, 0x20, 0x63, 0xc3, 0xa1, 0x63, 0x20, 0x70, 0x68, 0xe1, 0xba
.byte 0xa7, 0x6e, 0x20, 0x74, 0xe1, 0xbb, 0xad, 0x20, 0x62, 0xc3, 0xaa, 0x6e, 0x20, 0x74, 0x72, 0x6f
.byte 0x6e, 0x67, 0x20, 0x68, 0xc3, 0xa0, 0x6e, 0x67, 0x0d, 0x0a, 0x20, 0x20, 0x20, 0x20, 0x20, 0x20
.byte 0x20, 0x20, 0x20, 0x20, 0x20, 0x20, 0x20, 0x20, 0x20, 0x20, 0x20, 0x20, 0x20, 0x20, 0x20, 0x20
.byte 0x20, 0x20, 0x20, 0x20, 0x20, 0x20, 0x6e, 0x65, 0x77, 0x52, 0x6f, 0x77, 0x2e, 0x71, 0x75, 0x65
.byte 0x72, 0x79, 0x53, 0x65, 0x6c, 0x65, 0x63, 0x74, 0x6f, 0x72, 0x28, 0x27, 0x69, 0x6e, 0x70, 0x75
.byte 0x74, 0x5b, 0x74, 0x79, 0x70, 0x65, 0x3d, 0x22, 0x74, 0x65, 0x78, 0x74, 0x22, 0x5d, 0x27, 0x29
.byte 0x2e, 0x69, 0x64, 0x20, 0x3d, 0x20, 0x60, 0x70, 0x72, 0x6f, 0x74, 0x6f, 0x63, 0x6f, 0x6c, 0x24
.byte 0x7b, 0x6e, 0x65, 0x77, 0x52, 0x6f, 0x77, 0x49, 0x64, 0x7d, 0x60, 0x3b, 0x0d, 0x0a, 0x20, 0x20
.byte 0x20, 0x20, 0x20, 0x20, 0x20, 0x20, 0x20, 0x20, 0x20, 0x20, 0x20, 0x20, 0x20, 0x20, 0x20, 0x20
.byte 0x20, 0x20, 0x20, 0x20, 0x20, 0x20, 0x20, 0x20, 0x20, 0x20, 0x6e, 0x65, 0x77, 0x52, 0x6f, 0x77
.byte 0x2e, 0x71, 0x75, 0x65, 0x72, 0x79, 0x53, 0x65, 0x6c, 0x65, 0x63, 0x74, 0x6f, 0x72, 0x28, 0x60
.byte 0x23, 0x49, 0x50, 0x31, 0x24, 0x7b, 0x69, 0x20, 0x2b, 0x20, 0x32, 0x7d, 0x60, 0x29, 0x2e, 0x69
.byte 0x64, 0x20, 0x3d, 0x20, 0x60, 0x49, 0x50, 0x31, 0x24, 0x7b, 0x6e, 0x65, 0x77, 0x52, 0x6f, 0x77
.byte 0x49, 0x64, 0x7d, 0x60, 0x3b, 0x0d, 0x0a, 0x20, 0x20, 0x20, 0x20, 0x20, 0x20, 0x20, 0x20, 0x20
.byte 0x20, 0x20, 0x20, 0x20, 0x20, 0x20, 0x20, 0x20, 0x20, 0x20, 0x20, 0x20, 0x20, 0x20, 0x20, 0x20
.byte 0x20, 0x20, 0x20, 0x6e, 0x65, 0x77, 0x52, 0x6f, 0x77, 0x2e, 0x71, 0x75, 0x65, 0x72, 0x79, 0x53
.byte 0x65, 0x6c, 0x65, 0x63, 0x74, 0x6f, 0x72, 0x28, 0x60, 0x23, 0x49, 0x50, 0x32, 0x24, 0x7b, 0x69
.byte 0x20, 0x2b, 0x20, 0x32, 0x7d, 0x60, 0x29, 0x2e, 0x69, 0x64, 0x20, 0x3d, 0x20, 0x60, 0x49, 0x50
.byte 0x32, 0x24, 0x7b, 0x6e, 0x65, 0x77, 0x52, 0x6f, 0x77, 0x49, 0x64, 0x7d, 0x60, 0x3b, 0x0d, 0x0a
.byte 0x20, 0x20, 0x20, 0x20, 0x20, 0x20, 0x20, 0x20, 0x20, 0x20, 0x20, 0x20, 0x20, 0x20, 0x20, 0x20
.byte 0x20, 0x20, 0x20, 0x20, 0x20, 0x20, 0x20, 0x20, 0x20, 0x20, 0x20, 0x20, 0x6e, 0x65, 0x77, 0x52
.byte 0x6f, 0x77, 0x2e, 0x71, 0x75, 0x65, 0x72, 0x79, 0x53, 0x65, 0x6c, 0x65, 0x63, 0x74, 0x6f, 0x72
.byte 0x28, 0x60, 0x23, 0x73, 0x77, 0x69, 0x74, 0x63, 0x68, 0x53, 0x74, 0x61, 0x74, 0x65, 0x24, 0x7b
.byte 0x69, 0x20, 0x2b, 0x20, 0x32, 0x7d, 0x60, 0x29, 0x2e, 0x69, 0x64, 0x20, 0x3d, 0x20, 0x60, 0x73
.byte 0x77, 0x69, 0x74, 0x63, 0x68, 0x53, 0x74, 0x61, 0x74, 0x65, 0x24, 0x7b, 0x6e, 0x65, 0x77, 0x52
.byte 0x6f, 0x77, 0x49, 0x64, 0x7d, 0x60, 0x3b, 0x0d, 0x0a, 0x20, 0x20, 0x20, 0x20, 0x20, 0x20, 0x20
.byte 0x20, 0x20, 0x20, 0x20, 0x20, 0x20, 0x20, 0x20, 0x20, 0x20, 0x20, 0x20, 0x20, 0x20, 0x20, 0x20
.byte 0x20, 0x7d, 0x0d, 0x0a, 0x20, 0x20, 0x20, 0x20, 0x20, 0x20, 0x20, 0x20, 0x20, 0x20, 0x20, 0x20
.byte 0x20, 0x20, 0x20, 0x20, 0x20, 0x20, 0x20, 0x20, 0x7d, 0x0d, 0x0a, 0x20, 0x20, 0x20, 0x20, 0x20
.byte 0x20, 0x20, 0x20, 0x20, 0x20, 0x20, 0x20, 0x20, 0x20, 0x20, 0x20, 0x7d, 0x0d, 0x0a, 0x20, 0x20
.byte 0x20, 0x20, 0x20, 0x20, 0x20, 0x20, 0x20, 0x20, 0x20, 0x20, 0x7d, 0x29, 0x3b, 0x0d, 0x0a, 0x20
.byte 0x20, 0x20, 0x20, 0x20, 0x20, 0x20, 0x20, 0x20, 0x20, 0x20, 0x20, 0x72, 0x6f, 0x77, 0x49, 0x64
.byte 0x20, 0x2d, 0x3d, 0x20, 0x72, 0x6f, 0x77, 0x73, 0x54, 0x6f, 0x44, 0x65, 0x6c, 0x65, 0x74, 0x65
.byte 0x3b, 0x20, 0x2f, 0x2f, 0x20, 0x47, 0x69, 0xe1, 0xba, 0xa3, 0x6d, 0x20, 0x73, 0xe1, 0xbb, 0x91
.byte 0x20, 0x6c, 0xc6, 0xb0, 0xe1, 0xbb, 0xa3, 0x6e, 0x67, 0x20, 0x72, 0x6f, 0x77, 0x49, 0x64, 0x20
.byte 0x74, 0x68, 0x65, 0x6f, 0x20, 0x73, 0xe1, 0xbb, 0x91, 0x20, 0x68, 0xc3, 0xa0, 0x6e, 0x67, 0x20
.byte 0xc4, 0x91, 0xc3, 0xa3, 0x20, 0x78, 0xc3, 0xb3, 0x61, 0x0d, 0x0a, 0x20, 0x20, 0x20, 0x20, 0x20
.byte 0x20, 0x20, 0x20, 0x7d, 0x3b, 0x0d, 0x0a, 0x0d, 0x0a, 0x20, 0x20, 0x20, 0x20, 0x20, 0x20, 0x20
.byte 0x20, 0x66, 0x75, 0x6e, 0x63, 0x74, 0x69, 0x6f, 0x6e, 0x20, 0x73, 0x68, 0x6f, 0x77, 0x50, 0x6f
.byte 0x70, 0x75, 0x70, 0x28, 0x73, 0x74, 0x61, 0x74, 0x75, 0x73, 0x31, 0x2c, 0x20, 0x6d, 0x65, 0x73
.byte 0x73, 0x61, 0x67, 0x65, 0x31, 0x2c, 0x20, 0x73, 0x74, 0x61, 0x74, 0x75, 0x73, 0x32, 0x2c, 0x20
.byte 0x6d, 0x65, 0x73, 0x73, 0x61, 0x67, 0x65, 0x32, 0x29, 0x20, 0x7b, 0x0d, 0x0a, 0x20, 0x20, 0x20
.byte 0x20, 0x20, 0x20, 0x20, 0x20, 0x20, 0x20, 0x20, 0x20, 0x6c, 0x65, 0x74, 0x20, 0x73, 0x68, 0x6f
.byte 0x77, 0x46, 0x69, 0x72, 0x73, 0x74, 0x50, 0x6f, 0x70, 0x75, 0x70, 0x20, 0x3d, 0x20, 0x66, 0x61
.byte 0x6c, 0x73, 0x65, 0x3b, 0x0d, 0x0a, 0x20, 0x20, 0x20, 0x20, 0x20, 0x20, 0x20, 0x20, 0x20, 0x20
.byte 0x20, 0x20, 0x6c, 0x65, 0x74, 0x20, 0x73, 0x68, 0x6f, 0x77, 0x53, 0x65, 0x63, 0x6f, 0x6e, 0x64
.byte 0x50, 0x6f, 0x70, 0x75, 0x70, 0x20, 0x3d, 0x20, 0x66, 0x61, 0x6c, 0x73, 0x65, 0x3b, 0x0d, 0x0a
.byte 0x0d, 0x0a, 0x20, 0x20, 0x20, 0x20, 0x20, 0x20, 0x20, 0x20, 0x20, 0x20, 0x20, 0x20, 0x2f, 0x2f
.byte 0x20, 0x4b, 0x69, 0xe1, 0xbb, 0x83, 0x6d, 0x20, 0x74, 0x72, 0x61, 0x20, 0x74, 0x72, 0xe1, 0xba
.byte 0xa1, 0x6e, 0x67, 0x20, 0x74, 0x68, 0xc3, 0xa1, 0x69, 0x20, 0x76, 0xc3, 0xa0, 0x20, 0x63, 0xe1
.byte 0xba, 0xad, 0x70, 0x20, 0x6e, 0x68, 0xe1, 0xba, 0xad, 0x74, 0x20, 0x6e, 0xe1, 0xbb, 0x99, 0x69
.byte 0x20, 0x64, 0x75, 0x6e, 0x67, 0x20, 0x70, 0x6f, 0x70, 0x75, 0x70, 0x0d, 0x0a, 0x20, 0x20, 0x20
.byte 0x20, 0x20, 0x20, 0x20, 0x20, 0x20, 0x20, 0x20, 0x20, 0x69, 0x66, 0x20, 0x28, 0x73, 0x74, 0x61
.byte 0x74, 0x75, 0x73, 0x31, 0x29, 0x20, 0x7b, 0x0d, 0x0a, 0x20, 0x20, 0x20, 0x20, 0x20, 0x20, 0x20
.byte 0x20, 0x20, 0x20, 0x20, 0x20, 0x20, 0x20, 0x20, 0x20, 0x63, 0x6f, 0x6e, 0x73, 0x74, 0x20, 0x77
.byte 0x61, 0x72, 0x6e, 0x69, 0x6e, 0x67, 0x44, 0x69, 0x76, 0x31, 0x20, 0x3d, 0x20, 0x64, 0x6f, 0x63
.byte 0x75, 0x6d, 0x65, 0x6e, 0x74, 0x2e, 0x67, 0x65, 0x74, 0x45, 0x6c, 0x65, 0x6d, 0x65, 0x6e, 0x74
.byte 0x42, 0x79, 0x49, 0x64, 0x28, 0x22, 0x77, 0x61, 0x72, 0x6e, 0x69, 0x6e, 0x67, 0x31, 0x22, 0x29
.byte 0x3b, 0x0d, 0x0a, 0x20, 0x20, 0x20, 0x20, 0x20, 0x20, 0x20, 0x20, 0x20, 0x20, 0x20, 0x20, 0x20
.byte 0x20, 0x20, 0x20, 0x77, 0x61, 0x72, 0x6e, 0x69, 0x6e, 0x67, 0x44, 0x69, 0x76, 0x31, 0x2e, 0x69
.byte 0x6e, 0x6e, 0x65, 0x72, 0x48, 0x54, 0x4d, 0x4c, 0x20, 0x3d, 0x20, 0x60, 0x3c, 0x70, 0x3e, 0x24
.byte 0x7b, 0x6d, 0x65, 0x73, 0x73, 0x61, 0x67, 0x65, 0x31, 0x7d, 0x3c, 0x2f, 0x70, 0x3e, 0x60, 0x3b
.byte 0x0d, 0x0a, 0x20, 0x20, 0x20, 0x20, 0x20, 0x20, 0x20, 0x20, 0x20, 0x20, 0x20, 0x20, 0x20, 0x20
.byte 0x20, 0x20, 0x64, 0x6f, 0x63, 0x75, 0x6d, 0x65, 0x6e, 0x74, 0x2e, 0x67, 0x65, 0x74, 0x45, 0x6c
.byte 0x65, 0x6d, 0x65, 0x6e, 0x74, 0x42, 0x79, 0x49, 0x64, 0x28, 0x22, 0x70, 0x6f, 0x70, 0x75, 0x70
.byte 0x31, 0x22, 0x29, 0x2e, 0x73, 0x74, 0x79, 0x6c, 0x65, 0x2e, 0x64, 0x69, 0x73, 0x70, 0x6c, 0x61
.byte 0x79, 0x20, 0x3d, 0x20, 0x22, 0x62, 0x6c, 0x6f, 0x63, 0x6b, 0x22, 0x3b, 0x0d, 0x0a, 0x20, 0x20
.byte 0x20, 0x20, 0x20, 0x20, 0x20, 0x20, 0x20, 0x20, 0x20, 0x20, 0x20, 0x20, 0x20, 0x20, 0x73, 0x68
.byte 0x6f, 0x77, 0x46, 0x69, 0x72, 0x73, 0x74, 0x50, 0x6f, 0x70, 0x75, 0x70, 0x20, 0x3d, 0x20, 0x74
.byte 0x72, 0x75, 0x65, 0x3b, 0x0d, 0x0a, 0x20, 0x20, 0x20, 0x20, 0x20, 0x20, 0x20, 0x20, 0x20, 0x20
.byte 0x20, 0x20, 0x7d, 0x0d, 0x0a, 0x0d, 0x0a, 0x20, 0x20, 0x20, 0x20, 0x20, 0x20, 0x20, 0x20, 0x20
.byte 0x20, 0x20, 0x20, 0x69, 0x66, 0x20, 0x28, 0x73, 0x74, 0x61, 0x74, 0x75, 0x73, 0x32, 0x29, 0x20
.byte 0x7b, 0x0d, 0x0a, 0x20, 0x20, 0x20, 0x20, 0x20, 0x20, 0x20, 0x20, 0x20, 0x20, 0x20, 0x20, 0x20
.byte 0x20, 0x20, 0x20, 0x73, 0x65, 0x74, 0x54, 0x69, 0x6d, 0x65, 0x6f, 0x75, 0x74, 0x28, 0x28, 0x29
.byte 0x20, 0x3d, 0x3e, 0x20, 0x7b, 0x0d, 0x0a, 0x20, 0x20, 0x20, 0x20, 0x20, 0x20, 0x20, 0x20, 0x20
.byte 0x20, 0x20, 0x20, 0x20, 0x20, 0x20, 0x20, 0x20, 0x20, 0x20, 0x20, 0x63, 0x6f, 0x6e, 0x73, 0x74
.byte 0x20, 0x77, 0x61, 0x72, 0x6e, 0x69, 0x6e, 0x67, 0x44, 0x69, 0x76, 0x32, 0x20, 0x3d, 0x20, 0x64
.byte 0x6f, 0x63, 0x75, 0x6d, 0x65, 0x6e, 0x74, 0x2e, 0x67, 0x65, 0x74, 0x45, 0x6c, 0x65, 0x6d, 0x65
.byte 0x6e, 0x74, 0x42, 0x79, 0x49, 0x64, 0x28, 0x22, 0x77, 0x61, 0x72, 0x6e, 0x69, 0x6e, 0x67, 0x32
.byte 0x22, 0x29, 0x3b, 0x0d, 0x0a, 0x20, 0x20, 0x20, 0x20, 0x20, 0x20, 0x20, 0x20, 0x20, 0x20, 0x20
.byte 0x20, 0x20, 0x20, 0x20, 0x20, 0x20, 0x20, 0x20, 0x20, 0x77, 0x61, 0x72, 0x6e, 0x69, 0x6e, 0x67
.byte 0x44, 0x69, 0x76, 0x32, 0x2e, 0x69, 0x6e, 0x6e, 0x65, 0x72, 0x48, 0x54, 0x4d, 0x4c, 0x20, 0x3d
.byte 0x20, 0x60, 0x3c, 0x70, 0x3e, 0x24, 0x7b, 0x6d, 0x65, 0x73, 0x73, 0x61, 0x67, 0x65, 0x32, 0x7d
.byte 0x3c, 0x2f, 0x70, 0x3e, 0x60, 0x3b, 0x0d, 0x0a, 0x20, 0x20, 0x20, 0x20, 0x20, 0x20, 0x20, 0x20
.byte 0x20, 0x20, 0x20, 0x20, 0x20, 0x20, 0x20, 0x20, 0x20, 0x20, 0x20, 0x20, 0x64, 0x6f, 0x63, 0x75
.byte 0x6d, 0x65, 0x6e, 0x74, 0x2e, 0x67, 0x65, 0x74, 0x45, 0x6c, 0x65, 0x6d, 0x65, 0x6e, 0x74, 0x42
.byte 0x79, 0x49, 0x64, 0x28, 0x22, 0x70, 0x6f, 0x70, 0x75, 0x70, 0x32, 0x22, 0x29, 0x2e, 0x73, 0x74
.byte 0x79, 0x6c, 0x65, 0x2e, 0x64, 0x69, 0x73, 0x70, 0x6c, 0x61, 0x79, 0x20, 0x3d, 0x20, 0x22, 0x62
.byte 0x6c, 0x6f, 0x63, 0x6b, 0x22, 0x3b, 0x0d, 0x0a, 0x20, 0x20, 0x20, 0x20, 0x20, 0x20, 0x20, 0x20
.byte 0x20, 0x20, 0x20, 0x20, 0x20, 0x20, 0x20, 0x20, 0x20, 0x20, 0x20, 0x20, 0x73, 0x68, 0x6f, 0x77
.byte 0x53, 0x65, 0x63, 0x6f, 0x6e, 0x64, 0x50, 0x6f, 0x70, 0x75, 0x70, 0x20, 0x3d, 0x20, 0x74, 0x72
.byte 0x75, 0x65, 0x3b, 0x0d, 0x0a, 0x20, 0x20, 0x20, 0x20, 0x20, 0x20, 0x20, 0x20, 0x20, 0x20, 0x20
.byte 0x20, 0x20, 0x20, 0x20, 0x20, 0x7d, 0x2c, 0x20, 0x73, 0x68, 0x6f, 0x77, 0x46, 0x69, 0x72, 0x73
.byte 0x74, 0x50, 0x6f, 0x70, 0x75, 0x70, 0x20, 0x3f, 0x20, 0x35, 0x30, 0x30, 0x20, 0x3a, 0x20, 0x30
.byte 0x29, 0x3b, 0x20, 0x2f, 0x2f, 0x20, 0x48, 0x69, 0xe1, 0xbb, 0x83, 0x6e, 0x20, 0x74, 0x68, 0xe1
.byte 0xbb, 0x8b, 0x20, 0x70, 0x6f, 0x70, 0x75, 0x70, 0x20, 0x32, 0x20, 0x73, 0x61, 0x75, 0x20, 0x35
.byte 0x30, 0x30, 0x6d, 0x73, 0x20, 0x6e, 0xe1, 0xba, 0xbf, 0x75, 0x20, 0x70, 0x6f, 0x70, 0x75, 0x70
.byte 0x20, 0x31, 0x20, 0x78, 0x75, 0xe1, 0xba, 0xa5, 0x74, 0x20, 0x68, 0x69, 0xe1, 0xbb, 0x87, 0x6e
.byte 0x20, 0x74, 0x72, 0xc6, 0xb0, 0xe1, 0xbb, 0x9b, 0x63, 0x0d, 0x0a, 0x20, 0x20, 0x20, 0x20, 0x20
.byte 0x20, 0x20, 0x20, 0x20, 0x20, 0x20, 0x20, 0x7d, 0x0d, 0x0a, 0x20, 0x20, 0x20, 0x20, 0x20, 0x20
.byte 0x20, 0x20, 0x7d, 0x0d, 0x0a, 0x20, 0x20, 0x20, 0x20, 0x20, 0x20, 0x20, 0x20, 0x20, 0x20, 0x20
.byte 0x20, 0x0d, 0x0a, 0x20, 0x20, 0x20, 0x20, 0x3c, 0x2f, 0x73, 0x63, 0x72, 0x69, 0x70, 0x74, 0x3e
.byte 0x0d, 0x0a, 0x20, 0x20, 0x20, 0x20, 0x3c, 0x73, 0x63, 0x72, 0x69, 0x70, 0x74, 0x3e, 0x0d, 0x0a
.byte 0x20, 0x20, 0x20, 0x20, 0x20, 0x20, 0x20, 0x20, 0x66, 0x75, 0x6e, 0x63, 0x74, 0x69, 0x6f, 0x6e
.byte 0x20, 0x67, 0x65, 0x6e, 0x65, 0x72, 0x61, 0x74, 0x65, 0x52, 0x61, 0x6e, 0x64, 0x6f, 0x6d, 0x43
.byte 0x6f, 0x64, 0x65, 0x28, 0x29, 0x20, 0x7b, 0x0d, 0x0a, 0x20, 0x20, 0x20, 0x20, 0x20, 0x20, 0x20
.byte 0x20, 0x20, 0x20, 0x20, 0x20, 0x63, 0x6f, 0x6e, 0x73, 0x74, 0x20, 0x63, 0x68, 0x61, 0x72, 0x61
.byte 0x63, 0x74, 0x65, 0x72, 0x73, 0x20, 0x3d, 0x20, 0x27, 0x41, 0x42, 0x43, 0x44, 0x45, 0x46, 0x47
.byte 0x48, 0x49, 0x4a, 0x4b, 0x4c, 0x4d, 0x4e, 0x4f, 0x50, 0x51, 0x52, 0x53, 0x54, 0x55, 0x56, 0x57
.byte 0x58, 0x59, 0x5a, 0x61, 0x62, 0x63, 0x64, 0x65, 0x66, 0x67, 0x68, 0x69, 0x6a, 0x6b, 0x6c, 0x6d
.byte 0x6e, 0x6f, 0x70, 0x71, 0x72, 0x73, 0x74, 0x75, 0x76, 0x77, 0x78, 0x79, 0x7a, 0x30, 0x31, 0x32
.byte 0x33, 0x34, 0x35, 0x36, 0x37, 0x38, 0x39, 0x27, 0x3b, 0x0d, 0x0a, 0x20, 0x20, 0x20, 0x20, 0x20
.byte 0x20, 0x20, 0x20, 0x20, 0x20, 0x20, 0x20, 0x6c, 0x65, 0x74, 0x20, 0x72, 0x65, 0x73, 0x75, 0x6c
.byte 0x74, 0x20, 0x3d, 0x20, 0x27, 0x27, 0x3b, 0x0d, 0x0a, 0x20, 0x20, 0x20, 0x20, 0x20, 0x20, 0x20
.byte 0x20, 0x20, 0x20, 0x20, 0x20, 0x66, 0x6f, 0x72, 0x20, 0x28, 0x6c, 0x65, 0x74, 0x20, 0x69, 0x20
.byte 0x3d, 0x20, 0x30, 0x3b, 0x20, 0x69, 0x20, 0x3c, 0x20, 0x38, 0x3b, 0x20, 0x69, 0x2b, 0x2b, 0x29
.byte 0x20, 0x7b, 0x0d, 0x0a, 0x20, 0x20, 0x20, 0x20, 0x20, 0x20, 0x20, 0x20, 0x20, 0x20, 0x20, 0x20
.byte 0x20, 0x20, 0x20, 0x20, 0x72, 0x65, 0x73, 0x75, 0x6c, 0x74, 0x20, 0x2b, 0x3d, 0x20, 0x63, 0x68
.byte 0x61, 0x72, 0x61, 0x63, 0x74, 0x65, 0x72, 0x73, 0x2e, 0x63, 0x68, 0x61, 0x72, 0x41, 0x74, 0x28
.byte 0x4d, 0x61, 0x74, 0x68, 0x2e, 0x66, 0x6c, 0x6f, 0x6f, 0x72, 0x28, 0x4d, 0x61, 0x74, 0x68, 0x2e
.byte 0x72, 0x61, 0x6e, 0x64, 0x6f, 0x6d, 0x28, 0x29, 0x20, 0x2a, 0x20, 0x63, 0x68, 0x61, 0x72, 0x61
.byte 0x63, 0x74, 0x65, 0x72, 0x73, 0x2e, 0x6c, 0x65, 0x6e, 0x67, 0x74, 0x68, 0x29, 0x29, 0x3b, 0x0d
.byte 0x0a, 0x20, 0x20, 0x20, 0x20, 0x20, 0x20, 0x20, 0x20, 0x20, 0x20, 0x20, 0x20, 0x7d, 0x0d, 0x0a
.byte 0x20, 0x20, 0x20, 0x20, 0x20, 0x20, 0x20, 0x20, 0x20, 0x20, 0x20, 0x20, 0x64, 0x6f, 0x63, 0x75
.byte 0x6d, 0x65, 0x6e, 0x74, 0x2e, 0x67, 0x65, 0x74, 0x45, 0x6c, 0x65, 0x6d, 0x65, 0x6e, 0x74, 0x42
.byte 0x79, 0x49, 0x64, 0x28, 0x27, 0x63, 0x6f, 0x64, 0x65, 0x47, 0x75, 0x65, 0x73, 0x74, 0x27, 0x29
.byte 0x2e, 0x76, 0x61, 0x6c, 0x75, 0x65, 0x20, 0x3d, 0x20, 0x72, 0x65, 0x73, 0x75, 0x6c, 0x74, 0x3b
.byte 0x0d, 0x0a, 0x20, 0x20, 0x20, 0x20, 0x20, 0x20, 0x20, 0x20, 0x7d, 0x0d, 0x0a, 0x0d, 0x0a, 0x20
.byte 0x20, 0x20, 0x20, 0x20, 0x20, 0x20, 0x20, 0x66, 0x75, 0x6e, 0x63, 0x74, 0x69, 0x6f, 0x6e, 0x20
.byte 0x63, 0x6c, 0x65, 0x61, 0x72, 0x43, 0x6f, 0x64, 0x65, 0x28, 0x29, 0x20, 0x7b, 0x0d, 0x0a, 0x20
.byte 0x20, 0x20, 0x20, 0x20, 0x20, 0x20, 0x20, 0x20, 0x20, 0x20, 0x20, 0x64, 0x6f, 0x63, 0x75, 0x6d
.byte 0x65, 0x6e, 0x74, 0x2e, 0x67, 0x65, 0x74, 0x45, 0x6c, 0x65, 0x6d, 0x65, 0x6e, 0x74, 0x42, 0x79
.byte 0x49, 0x64, 0x28, 0x27, 0x63, 0x6f, 0x64, 0x65, 0x47, 0x75, 0x65, 0x73, 0x74, 0x27, 0x29, 0x2e
.byte 0x76, 0x61, 0x6c, 0x75, 0x65, 0x20, 0x3d, 0x20, 0x27, 0x27, 0x3b, 0x0d, 0x0a, 0x20, 0x20, 0x20
.byte 0x20, 0x20, 0x20, 0x20, 0x20, 0x7d, 0x0d, 0x0a, 0x20, 0x20, 0x20, 0x20, 0x3c, 0x2f, 0x73, 0x63
.byte 0x72, 0x69, 0x70, 0x74, 0x3e, 0x0d, 0x0a, 0x0d, 0x0a, 0x0d, 0x0a, 0x20, 0x20, 0x20, 0x20, 0x3c
.byte 0x73, 0x63, 0x72, 0x69, 0x70, 0x74, 0x3e, 0x0d, 0x0a, 0x20, 0x20, 0x20, 0x20, 0x20, 0x20, 0x66
.byte 0x75, 0x6e, 0x63, 0x74, 0x69, 0x6f, 0x6e, 0x20, 0x75, 0x70, 0x64, 0x61, 0x74, 0x65, 0x44, 0x61
.byte 0x74, 0x65, 0x54, 0x69, 0x6d, 0x65, 0x28, 0x29, 0x20, 0x7b, 0x0d, 0x0a, 0x20, 0x20, 0x20, 0x20
.byte 0x20, 0x20, 0x20, 0x20, 0x20, 0x20, 0x63, 0x6f, 0x6e, 0x73, 0x74, 0x20, 0x64, 0x61, 0x74, 0x65
.byte 0x54, 0x69, 0x6d, 0x65, 0x45, 0x6c, 0x65, 0x6d, 0x65, 0x6e, 0x74, 0x20, 0x3d, 0x20, 0x64, 0x6f
.byte 0x63, 0x75, 0x6d, 0x65, 0x6e, 0x74, 0x2e, 0x67, 0x65, 0x74, 0x45, 0x6c, 0x65, 0x6d, 0x65, 0x6e
.byte 0x74, 0x42, 0x79, 0x49, 0x64, 0x28, 0x27, 0x64, 0x61, 0x74, 0x65, 0x54, 0x69, 0x6d, 0x65, 0x27
.byte 0x29, 0x3b, 0x0d, 0x0a, 0x20, 0x20, 0x20, 0x20, 0x20, 0x20, 0x20, 0x20, 0x20, 0x20, 0x63, 0x6f
.byte 0x6e, 0x73, 0x74, 0x20, 0x6e, 0x6f, 0x77, 0x20, 0x3d, 0x20, 0x6e, 0x65, 0x77, 0x20, 0x44, 0x61
.byte 0x74, 0x65, 0x28, 0x29, 0x3b, 0x0d, 0x0a, 0x20, 0x20, 0x20, 0x20, 0x20, 0x20, 0x20, 0x20, 0x20
.byte 0x20, 0x63, 0x6f, 0x6e, 0x73, 0x74, 0x20, 0x6f, 0x70, 0x74, 0x69, 0x6f, 0x6e, 0x73, 0x20, 0x3d
.byte 0x20, 0x7b, 0x20, 0x0d, 0x0a, 0x20, 0x20, 0x20, 0x20, 0x20, 0x20, 0x20, 0x20, 0x20, 0x20, 0x20
.byte 0x20, 0x20, 0x20, 0x79, 0x65, 0x61, 0x72, 0x3a, 0x20, 0x27, 0x6e, 0x75, 0x6d, 0x65, 0x72, 0x69
.byte 0x63, 0x27, 0x2c, 0x20, 0x6d, 0x6f, 0x6e, 0x74, 0x68, 0x3a, 0x20, 0x27, 0x6c, 0x6f, 0x6e, 0x67
.byte 0x27, 0x2c, 0x20, 0x64, 0x61, 0x79, 0x3a, 0x20, 0x27, 0x6e, 0x75, 0x6d, 0x65, 0x72, 0x69, 0x63
.byte 0x27, 0x2c, 0x0d, 0x0a, 0x20, 0x20, 0x20, 0x20, 0x20, 0x20, 0x20, 0x20, 0x20, 0x20, 0x20, 0x20
.byte 0x20, 0x20, 0x68, 0x6f, 0x75, 0x72, 0x3a, 0x20, 0x27, 0x32, 0x2d, 0x64, 0x69, 0x67, 0x69, 0x74
.byte 0x27, 0x2c, 0x20, 0x6d, 0x69, 0x6e, 0x75, 0x74, 0x65, 0x3a, 0x20, 0x27, 0x32, 0x2d, 0x64, 0x69
.byte 0x67, 0x69, 0x74, 0x27, 0x2c, 0x20, 0x73, 0x65, 0x63, 0x6f, 0x6e, 0x64, 0x3a, 0x20, 0x27, 0x32
.byte 0x2d, 0x64, 0x69, 0x67, 0x69, 0x74, 0x27, 0x2c, 0x20, 0x0d, 0x0a, 0x20, 0x20, 0x20, 0x20, 0x20
.byte 0x20, 0x20, 0x20, 0x20, 0x20, 0x20, 0x20, 0x20, 0x20, 0x74, 0x69, 0x6d, 0x65, 0x5a, 0x6f, 0x6e
.byte 0x65, 0x4e, 0x61, 0x6d, 0x65, 0x3a, 0x20, 0x27, 0x73, 0x68, 0x6f, 0x72, 0x74, 0x27, 0x0d, 0x0a
.byte 0x20, 0x20, 0x20, 0x20, 0x20, 0x20, 0x20, 0x20, 0x20, 0x20, 0x7d, 0x3b, 0x0d, 0x0a, 0x20, 0x20
.byte 0x20, 0x20, 0x20, 0x20, 0x20, 0x20, 0x20, 0x20, 0x64, 0x61, 0x74, 0x65, 0x54, 0x69, 0x6d, 0x65
.byte 0x45, 0x6c, 0x65, 0x6d, 0x65, 0x6e, 0x74, 0x2e, 0x74, 0x65, 0x78, 0x74, 0x43, 0x6f, 0x6e, 0x74
.byte 0x65, 0x6e, 0x74, 0x20, 0x3d, 0x20, 0x6e, 0x6f, 0x77, 0x2e, 0x74, 0x6f, 0x4c, 0x6f, 0x63, 0x61
.byte 0x6c, 0x65, 0x53, 0x74, 0x72, 0x69, 0x6e, 0x67, 0x28, 0x27, 0x65, 0x6e, 0x2d, 0x55, 0x53, 0x27
.byte 0x2c, 0x20, 0x6f, 0x70, 0x74, 0x69, 0x6f, 0x6e, 0x73, 0x29, 0x3b, 0x0d, 0x0a, 0x20, 0x20, 0x20
.byte 0x20, 0x20, 0x20, 0x7d, 0x0d, 0x0a, 0x20, 0x20, 0x20, 0x20, 0x0d, 0x0a, 0x20, 0x20, 0x20, 0x20
.byte 0x20, 0x20, 0x2f, 0x2f, 0x20, 0x43, 0xe1, 0xba, 0xad, 0x70, 0x20, 0x6e, 0x68, 0xe1, 0xba, 0xad
.byte 0x74, 0x20, 0x74, 0x68, 0xe1, 0xbb, 0x9d, 0x69, 0x20, 0x67, 0x69, 0x61, 0x6e, 0x20, 0x6e, 0x67
.byte 0x61, 0x79, 0x20, 0x6b, 0x68, 0x69, 0x20, 0x74, 0xe1, 0xba, 0xa3, 0x69, 0x20, 0x74, 0x72, 0x61
.byte 0x6e, 0x67, 0x0d, 0x0a, 0x20, 0x20, 0x20, 0x20, 0x20, 0x20, 0x75, 0x70, 0x64, 0x61, 0x74, 0x65
.byte 0x44, 0x61, 0x74, 0x65, 0x54, 0x69, 0x6d, 0x65, 0x28, 0x29, 0x3b, 0x0d, 0x0a, 0x20, 0x20, 0x20
.byte 0x20, 0x0d, 0x0a, 0x20, 0x20, 0x20, 0x20, 0x0d, 0x0a, 0x20, 0x20, 0x20, 0x20, 0x20, 0x20, 0x2f
.byte 0x2f, 0x20, 0x43, 0xe1, 0xba, 0xad, 0x70, 0x20, 0x6e, 0x68, 0xe1, 0xba, 0xad, 0x74, 0x20, 0x6d
.byte 0xe1, 0xbb, 0x97, 0x69, 0x20, 0x67, 0x69, 0xc3, 0xa2, 0x79, 0x0d, 0x0a, 0x20, 0x20, 0x20, 0x20
.byte 0x20, 0x20, 0x73, 0x65, 0x74, 0x49, 0x6e, 0x74, 0x65, 0x72, 0x76, 0x61, 0x6c, 0x28, 0x75, 0x70
.byte 0x64, 0x61, 0x74, 0x65, 0x44, 0x61, 0x74, 0x65, 0x54, 0x69, 0x6d, 0x65, 0x2c, 0x20, 0x31, 0x30
.byte 0x30, 0x30, 0x29, 0x3b, 0x0d, 0x0a, 0x20, 0x20, 0x20, 0x20, 0x20, 0x20, 0x3c, 0x2f, 0x73, 0x63
.byte 0x72, 0x69, 0x70, 0x74, 0x3e, 0x0d, 0x0a, 0x3c, 0x2f, 0x62, 0x6f, 0x64, 0x79, 0x3e, 0x0d, 0x0a
.byte 0x3c, 0x2f, 0x68, 0x74, 0x6d, 0x6c, 0x3e, 0x0d, 0x0a, 0x00

.global _binary_index3_html_end
_binary_index3_html_end: /* for objcopy compatibility */


.global index3_html_length
index3_html_length: /* not including null byte */
.word 49289
